SGTool.exe,PING.EXE,DllHost.exe,NdsDisk.EXE,splwow64.exe,SGDownload.exe,conhost.exe,MpCmdRun.exe,wmpnscfg.exe,RunDll32.exe,wmiprvse.exe,SogouCloud.exe,Log2file.exe,RegGuide.exe,SSLVPNRedirector64.exe,SogouExe.exe,taskhost.exe,WLUpdater.exe,sdiagnhost.exe,csc.exe,regsvr32.exe,LogonUI.exe,AUDIODG.EXE,WDSafeDown.exe,Mystify.scr,mobsync.exe,wermgr.exe,cvtres.exe,w32tm.exe,360tray.exe,explorer.exe,sc.exe,PinyinUp.exe,wsqmcons.exe,sdclt.exe,ImeUtil.exe,SogouComMgr.exe,SGPicFaceTool.exe,SearchProtocolHost.exe,lpremove.exe,rundll32.exe,igfxsrvc.exe,WMIADAP.EXE,360sd.exe,SSLVPNRedirector.exe,svchost.exe,spoolsv.exe,OUTLOOK.EXE,sppsvc.exe,WINWORD.EXE,schtasks.exe,SearchFilterHost.exe,360sdUpd.exe,vssvc.exe,WerFault.exe,WscControl.exe,aitagent.EXE,iexplore.exe,HP1100SM.exe,
PING.EXE,SGTool.exe,DllHost.exe,NdsDisk.EXE,splwow64.exe,SGDownload.exe,conhost.exe,MpCmdRun.exe,dw20.exe,Log2file.exe,SogouCloud.exe,wmiprvse.exe,wmpnscfg.exe,wmpnetwk.exe,RunDll32.exe,RegGuide.exe,LogonUI.exe,AUDIODG.EXE,Mystify.scr,taskhost.exe,sdiagnhost.exe,csc.exe,WLUpdater.exe,SSLVPNRedirector64.exe,pinyinup.exe,SogouExe.exe,mobsync.exe,sdclt.exe,sc.exe,cvtres.exe,w32tm.exe,explorer.exe,wsqmcons.exe,360tray.exe,wermgr.exe,defrag.exe,PinyinUp.exe,igfxsrvc.exe,rundll32.exe,SearchProtocolHost.exe,lpremove.exe,ImeUtil.exe,WMIADAP.EXE,360sd.exe,SogouComMgr.exe,SGPicFaceTool.exe,SSLVPNRedirector.exe,svchost.exe,spoolsv.exe,sppsvc.exe,WINWORD.EXE,schtasks.exe,OUTLOOK.EXE,360sdUpd.exe,SearchFilterHost.exe,aitagent.EXE,vssvc.exe,SohuNews.exe,WscControl.exe,

DllHost.exe,SGTool.exe,SGDownload.exe,splwow64.exe,PING.EXE,conhost.exe,MpCmdRun.exe,powercfg.exe,SogouCloud.exe,Log2file.exe,wmpnscfg.exe,wmiprvse.exe,SSLVPNRedirector64.exe,taskhost.exe,WLUpdater.exe,Mystify.scr,AUDIODG.EXE,WDSafeDown.exe,mobsync.exe,TrustedInstaller.exe,LogonUI.exe,sdiagnhost.exe,csc.exe,sdclt.exe,PinyinUp.exe,sc.exe,defrag.exe,cvtres.exe,w32tm.exe,SogouComMgr.exe,SGPicFaceTool.exe,SearchProtocolHost.exe,igfxsrvc.exe,rundll32.exe,lpremove.exe,SSLVPNRedirector.exe,svchost.exe,WINWORD.EXE,OUTLOOK.EXE,SearchFilterHost.exe,360sdUpd.exe,aitagent.EXE,vssvc.exe,
SGTool.exe,SGDownload.exe,DllHost.exe,NdsDisk.EXE,splwow64.exe,conhost.exe,MpCmdRun.exe,wmpnscfg.exe,SogouCloud.exe,Log2file.exe,wmpnetwk.exe,wmiprvse.exe,RunDll32.exe,RegGuide.exe,SSLVPNRedirector64.exe,Mystify.scr,LogonUI.exe,AUDIODG.EXE,mobsync.exe,taskhost.exe,WLUpdater.exe,WDSafeDown.exe,regsvr32.exe,csc.exe,SogouExe.exe,pinyinup.exe,PinyinUp.exe,sc.exe,sdclt.exe,360tray.exe,cvtres.exe,explorer.exe,wsqmcons.exe,wermgr.exe,igfxsrvc.exe,rundll32.exe,lpremove.exe,SearchProtocolHost.exe,HPLaserJetService.exe,WMIADAP.EXE,360sd.exe,ImeUtil.exe,SogouComMgr.exe,SGPicFaceTool.exe,SSLVPNRedirector.exe,svchost.exe,WINWORD.EXE,spoolsv.exe,OUTLOOK.EXE,sppsvc.exe,schtasks.exe,vssvc.exe,SearchFilterHost.exe,360sdUpd.exe,WscControl.exe,WerFault.exe,aitagent.EXE,HP1100SM.exe,iexplore.exe,
DllHost.exe,splwow64.exe,NdsDisk.EXE,SGTool.exe,SGDownload.exe,conhost.exe,dw20.exe,MpCmdRun.exe,wmpnscfg.exe,RunDll32.exe,wmpnetwk.exe,SogouCloud.exe,wmiprvse.exe,Log2file.exe,RegGuide.exe,AdobeUpdater.exe,AUDIODG.EXE,SSLVPNRedirector64.exe,Mystify.scr,mobsync.exe,taskhost.exe,WLUpdater.exe,LogonUI.exe,SogouExe.exe,WDSafeDown.exe,AcroRd32.exe,wermgr.exe,explorer.exe,360tray.exe,sc.exe,defrag.exe,sdclt.exe,wsqmcons.exe,PinyinUp.exe,igfxsrvc.exe,rundll32.exe,SearchProtocolHost.exe,WMIADAP.EXE,360sd.exe,SogouComMgr.exe,SGPicFaceTool.exe,lpremove.exe,ImeUtil.exe,VISIO.EXE,SSLVPNRedirector.exe,WINWORD.EXE,spoolsv.exe,OUTLOOK.EXE,sppsvc.exe,svchost.exe,schtasks.exe,WerFault.exe,WscControl.exe,SearchFilterHost.exe,360sdUpd.exe,vssvc.exe,control.exe,aitagent.EXE,HP1100SM.exe,iexplore.exe,
DllHost.exe,SGTool.exe,SGDownload.exe,NdsDisk.EXE,splwow64.exe,conhost.exe,MpCmdRun.exe,SogouCloud.exe,Log2file.exe,RunDll32.exe,wmpnscfg.exe,wmpnetwk.exe,wmiprvse.exe,RegGuide.exe,Mystify.scr,SSLVPNRedirector64.exe,WLUpdater.exe,AUDIODG.EXE,taskhost.exe,LogonUI.exe,csc.exe,pinyinup.exe,SogouExe.exe,mobsync.exe,PinyinUp.exe,sc.exe,sdclt.exe,wermgr.exe,cvtres.exe,360tray.exe,explorer.exe,wsqmcons.exe,defrag.exe,igfxsrvc.exe,SearchProtocolHost.exe,SogouComMgr.exe,SGPicFaceTool.exe,rundll32.exe,lpremove.exe,ImeUtil.exe,WMIADAP.EXE,360sd.exe,WINWORD.EXE,SSLVPNRedirector.exe,svchost.exe,spoolsv.exe,sppsvc.exe,schtasks.exe,OUTLOOK.EXE,SearchFilterHost.exe,360sdUpd.exe,vssvc.exe,SohuNews.exe,WscControl.exe,aitagent.EXE,HP1100SM.exe,
SGTool.exe,SGDownload.exe,DllHost.exe,splwow64.exe,NdsDisk.EXE,conhost.exe,MpCmdRun.exe,SogouCloud.exe,Log2file.exe,wmpnscfg.exe,RunDll32.exe,wmpnetwk.exe,wmiprvse.exe,RegGuide.exe,SSLVPNRedirector64.exe,taskhost.exe,Mystify.scr,LogonUI.exe,AUDIODG.EXE,WLUpdater.exe,mobsync.exe,WDSafeDown.exe,SogouExe.exe,sc.exe,PinyinUp.exe,sdclt.exe,wermgr.exe,explorer.exe,wsqmcons.exe,360tray.exe,igfxsrvc.exe,SearchProtocolHost.exe,rundll32.exe,lpremove.exe,ImeUtil.exe,WMIADAP.EXE,360sd.exe,WINWORD.EXE,SSLVPNRedirector.exe,svchost.exe,spoolsv.exe,OUTLOOK.EXE,sppsvc.exe,schtasks.exe,360sdUpd.exe,SearchFilterHost.exe,vssvc.exe,WscControl.exe,aitagent.EXE,

DllHost.exe,SGTool.exe,SGDownload.exe,NdsDisk.EXE,splwow64.exe,conhost.exe,MpCmdRun.exe,RavService.exe,SogouCloud.exe,wmpnscfg.exe,wmpnetwk.exe,RunDll32.exe,RegGuide.exe,wmiprvse.exe,Log2file.exe,WLUpdater.exe,SSLVPNRedirector64.exe,WDSafeDown.exe,taskhost.exe,AUDIODG.EXE,SogouExe.exe,pinyinup.exe,Mystify.scr,LogonUI.exe,PinyinUp.exe,wermgr.exe,360tray.exe,explorer.exe,sc.exe,sdclt.exe,wsqmcons.exe,ImeUtil.exe,SearchProtocolHost.exe,SogouComMgr.exe,SGPicFaceTool.exe,igfxsrvc.exe,WMIADAP.EXE,360sd.exe,rundll32.exe,SSLVPNRedirector.exe,spoolsv.exe,WINWORD.EXE,OUTLOOK.EXE,sppsvc.exe,svchost.exe,schtasks.exe,360sdUpd.exe,WscControl.exe,SearchFilterHost.exe,iexplore.exe,HP1100SM.exe,
SGTool.exe,PING.EXE,NdsDisk.EXE,DllHost.exe,splwow64.exe,conhost.exe,MpCmdRun.exe,360rp.exe,wmpnscfg.exe,wmpnetwk.exe,Log2file.exe,wmiprvse.exe,SogouCloud.exe,RegGuide.exe,RunDll32.exe,SSLVPNRedirector64.exe,Mystify.scr,regsvr32.exe,csc.exe,taskhost.exe,sdiagnhost.exe,WLUpdater.exe,LogonUI.exe,AUDIODG.EXE,WDSafeDown.exe,mobsync.exe,cvtres.exe,360tray.exe,sc.exe,wsqmcons.exe,w32tm.exe,defrag.exe,wermgr.exe,explorer.exe,sdclt.exe,HPLaserJetService.exe,ImeUtil.exe,WMIADAP.EXE,rundll32.exe,360sd.exe,SearchProtocolHost.exe,lpremove.exe,igfxsrvc.exe,SSLVPNRedirector.exe,svchost.exe,spoolsv.exe,schtasks.exe,OUTLOOK.EXE,WINWORD.EXE,WerFault.exe,WscControl.exe,SearchFilterHost.exe,360sdUpd.exe,vssvc.exe,aitagent.EXE,iexplore.exe,
DllHost.exe,SGTool.exe,SGDownload.exe,NdsDisk.EXE,splwow64.exe,pscp.exe,conhost.exe,MpCmdRun.exe,powercfg.exe,SogouCloud.exe,Log2file.exe,wmpnscfg.exe,360rp.exe,wmpnetwk.exe,wmiprvse.exe,RunDll32.exe,RegGuide.exe,SSLVPNRedirector64.exe,WLUpdater.exe,AUDIODG.EXE,mobsync.exe,WDSafeDown.exe,taskhost.exe,Mystify.scr,TrustedInstaller.exe,LogonUI.exe,regsvr32.exe,csc.exe,SogouExe.exe,pinyinup.exe,NdsCmdLn.exe,sdclt.exe,PinyinUp.exe,sc.exe,cvtres.exe,360tray.exe,wsqmcons.exe,explorer.exe,wermgr.exe,SearchProtocolHost.exe,SogouComMgr.exe,SGPicFaceTool.exe,rundll32.exe,lpremove.exe,igfxsrvc.exe,HPLaserJetService.exe,ImeUtil.exe,WMIADAP.EXE,360sd.exe,VISIO.EXE,SSLVPNRedirector.exe,svchost.exe,spoolsv.exe,sppsvc.exe,schtasks.exe,OUTLOOK.EXE,WINWORD.EXE,SgImeRepairer.exe,KLUpdate.exe,ClearCache.exe,SearchFilterHost.exe,vssvc.exe,360sdUpd.exe,aitagent.EXE,WerFault.exe,WscControl.exe,NetCoffer.exe,iexplore.exe,
DllHost.exe,SGTool.exe,SGDownload.exe,NdsDisk.EXE,splwow64.exe,EXCEL.EXE,conhost.exe,MpCmdRun.exe,dw20.exe,SogouCloud.exe,Log2file.exe,wmpnscfg.exe,wmpnetwk.exe,wmiprvse.exe,RunDll32.exe,EmfView.exe,RegGuide.exe,SSLVPNRedirector64.exe,WLUpdater.exe,AUDIODG.EXE,taskhost.exe,Mystify.scr,LogonUI.exe,SogouExe.exe,pinyinup.exe,mobsync.exe,sdclt.exe,sc.exe,PinyinUp.exe,explorer.exe,wermgr.exe,360tray.exe,wsqmcons.exe,defrag.exe,SearchProtocolHost.exe,igfxsrvc.exe,rundll32.exe,WMIADAP.EXE,360sd.exe,ImeUtil.exe,SogouComMgr.exe,SGPicFaceTool.exe,lpremove.exe,SSLVPNRedirector.exe,OUTLOOK.EXE,svchost.exe,spoolsv.exe,WINWORD.EXE,sppsvc.exe,schtasks.exe,HP1100SM.exe,360sdUpd.exe,SearchFilterHost.exe,WerFault.exe,WscControl.exe,360AI.exe,vssvc.exe,aitagent.EXE,iexplore.exe,
SGTool.exe,NdsDisk.EXE,DllHost.exe,EXCEL.EXE,splwow64.exe,SGDownload.exe,conhost.exe,MpCmdRun.exe,dw20.exe,SogouCloud.exe,Log2file.exe,wmpnscfg.exe,wmiprvse.exe,RunDll32.exe,RegGuide.exe,SSLVPNRedirector64.exe,WLUpdater.exe,Mystify.scr,LogonUI.exe,AUDIODG.EXE,taskhost.exe,WDSafeDown.exe,SogouExe.exe,pinyinup.exe,mobsync.exe,sc.exe,defrag.exe,sdclt.exe,360tray.exe,explorer.exe,wermgr.exe,wsqmcons.exe,PinyinUp.exe,igfxsrvc.exe,SearchProtocolHost.exe,rundll32.exe,lpremove.exe,ImeUtil.exe,WMIADAP.EXE,360sd.exe,SogouComMgr.exe,SGPicFaceTool.exe,SSLVPNRedirector.exe,svchost.exe,spoolsv.exe,OUTLOOK.EXE,sppsvc.exe,WINWORD.EXE,schtasks.exe,SearchFilterHost.exe,vssvc.exe,360sdUpd.exe,aitagent.EXE,WerFault.exe,WscControl.exe,iexplore.exe,
SGTool.exe,DllHost.exe,NdsDisk.EXE,splwow64.exe,SGDownload.exe,conhost.exe,MpCmdRun.exe,Log2file.exe,wmpnscfg.exe,SogouCloud.exe,360rp.exe,wmpnetwk.exe,wmiprvse.exe,RegGuide.exe,RunDll32.exe,SSLVPNRedirector64.exe,SogouExe.exe,WLUpdater.exe,AUDIODG.EXE,mobsync.exe,WDSafeDown.exe,taskhost.exe,Mystify.scr,regsvr32.exe,csc.exe,LogonUI.exe,sdclt.exe,explorer.exe,cvtres.exe,360tray.exe,wsqmcons.exe,wermgr.exe,sc.exe,PinyinUp.exe,SearchProtocolHost.exe,ImeUtil.exe,igfxsrvc.exe,rundll32.exe,WMIADAP.EXE,360sd.exe,SogouComMgr.exe,SGPicFaceTool.exe,lpremove.exe,LeapFTP.exe,SSLVPNRedirector.exe,WINWORD.EXE,svchost.exe,spoolsv.exe,OUTLOOK.EXE,sppsvc.exe,schtasks.exe,SearchFilterHost.exe,360sdUpd.exe,WerFault.exe,WscControl.exe,SohuNews.exe,vssvc.exe,aitagent.EXE,iexplore.exe,HP1100SM.exe,

DllHost.exe,NdsDisk.EXE,splwow64.exe,SGTool.exe,SGDownload.exe,conhost.exe,MpCmdRun.exe,RegGuide.exe,wmpnscfg.exe,wmpnetwk.exe,wmiprvse.exe,AdobeUpdater.exe,SogouCloud.exe,RunDll32.exe,Log2file.exe,SSLVPNRedirector64.exe,LogonUI.exe,AUDIODG.EXE,WLUpdater.exe,csc.exe,AcroRd32.exe,taskhost.exe,pinyinup.exe,SogouExe.exe,Mystify.scr,mobsync.exe,sc.exe,cvtres.exe,360tray.exe,explorer.exe,sdclt.exe,wsqmcons.exe,PinyinUp.exe,wermgr.exe,rundll32.exe,igfxsrvc.exe,SogouComMgr.exe,SGPicFaceTool.exe,ImeUtil.exe,SearchProtocolHost.exe,WMIADAP.EXE,360sd.exe,SSLVPNRedirector.exe,spoolsv.exe,svchost.exe,sppsvc.exe,WINWORD.EXE,schtasks.exe,OUTLOOK.EXE,SohuNews.exe,WerFault.exe,SearchFilterHost.exe,WscControl.exe,360sdUpd.exe,
DllHost.exe,NdsDisk.EXE,SGTool.exe,SGDownload.exe,splwow64.exe,PING.EXE,conhost.exe,MpCmdRun.exe,wmpnscfg.exe,wmpnetwk.exe,SogouCloud.exe,wmiprvse.exe,Log2file.exe,RegGuide.exe,RunDll32.exe,SSLVPNRedirector64.exe,AUDIODG.EXE,regsvr32.exe,csc.exe,taskhost.exe,WDSafeDown.exe,sdiagnhost.exe,LogonUI.exe,WLUpdater.exe,Mystify.scr,SogouExe.exe,mobsync.exe,cvtres.exe,explorer.exe,360tray.exe,sc.exe,wsqmcons.exe,PinyinUp.exe,w32tm.exe,wermgr.exe,defrag.exe,sdclt.exe,igfxsrvc.exe,SearchProtocolHost.exe,rundll32.exe,ImeUtil.exe,HPLaserJetService.exe,WMIADAP.EXE,360sd.exe,lpremove.exe,SogouComMgr.exe,SGPicFaceTool.exe,SSLVPNRedirector.exe,spoolsv.exe,svchost.exe,sppsvc.exe,OUTLOOK.EXE,schtasks.exe,WINWORD.EXE,SearchFilterHost.exe,WerFault.exe,SohuNews.exe,WscControl.exe,360sdUpd.exe,vssvc.exe,aitagent.EXE,HP1100SM.exe,POWERPNT.EXE,
SGTool.exe,SGDownload.exe,NdsDisk.EXE,DllHost.exe,splwow64.exe,conhost.exe,MpCmdRun.exe,wmpnscfg.exe,wmpnetwk.exe,wmiprvse.exe,SogouCloud.exe,RunDll32.exe,RegGuide.exe,Log2file.exe,regsvr32.exe,csc.exe,SSLVPNRedirector64.exe,taskhost.exe,Mystify.scr,WLUpdater.exe,pinyinup.exe,LogonUI.exe,AUDIODG.EXE,mobsync.exe,SogouExe.exe,cvtres.exe,360tray.exe,wsqmcons.exe,sc.exe,wermgr.exe,PinyinUp.exe,explorer.exe,sdclt.exe,ImeUtil.exe,HPLaserJetService.exe,rundll32.exe,WMIADAP.EXE,360sd.exe,SearchProtocolHost.exe,lpremove.exe,igfxsrvc.exe,SogouComMgr.exe,SGPicFaceTool.exe,spoolsv.exe,SSLVPNRedirector.exe,sppsvc.exe,svchost.exe,schtasks.exe,SgImeRepairer.exe,OUTLOOK.EXE,WINWORD.EXE,WerFault.exe,WscControl.exe,SearchFilterHost.exe,360sdUpd.exe,aitagent.EXE,vssvc.exe,
NdsDisk.EXE,DllHost.exe,SGTool.exe,splwow64.exe,SGDownload.exe,conhost.exe,MpCmdRun.exe,wmpnscfg.exe,wmpnetwk.exe,Log2file.exe,RegGuide.exe,wmiprvse.exe,SogouCloud.exe,RunDll32.exe,csc.exe,SSLVPNRedirector64.exe,taskhost.exe,Mystify.scr,WDSafeDown.exe,AUDIODG.EXE,AcroRd32.exe,WLUpdater.exe,LogonUI.exe,mobsync.exe,TrustedInstaller.exe,cvtres.exe,explorer.exe,360tray.exe,wsqmcons.exe,PinyinUp.exe,defrag.exe,wermgr.exe,sc.exe,sdclt.exe,rundll32.exe,ImeUtil.exe,HPLaserJetService.exe,WMIADAP.EXE,360sd.exe,SearchProtocolHost.exe,VISIO.EXE,SogouComMgr.exe,SGPicFaceTool.exe,lpremove.exe,igfxsrvc.exe,spoolsv.exe,svchost.exe,sppsvc.exe,OUTLOOK.EXE,SSLVPNRedirector.exe,schtasks.exe,WINWORD.EXE,WerFault.exe,SohuNews.exe,WscControl.exe,SearchFilterHost.exe,aitagent.EXE,vssvc.exe,360sdUpd.exe,HP1100SM.exe,
SGTool.exe,NdsDisk.EXE,DllHost.exe,splwow64.exe,SGDownload.exe,conhost.exe,MpCmdRun.exe,Log2file.exe,SogouCloud.exe,wmpnscfg.exe,wmpnetwk.exe,wmiprvse.exe,RegGuide.exe,RunDll32.exe,SSLVPNRedirector64.exe,WLUpdater.exe,AUDIODG.EXE,mobsync.exe,taskhost.exe,Mystify.scr,LogonUI.exe,pinyinup.exe,WDSafeDown.exe,AcroRd32.exe,WinRAR.exe,NdsCmdLn.exe,sdclt.exe,wermgr.exe,sc.exe,explorer.exe,360tray.exe,defrag.exe,wsqmcons.exe,PinyinUp.exe,rundll32.exe,igfxsrvc.exe,SearchProtocolHost.exe,WMIADAP.EXE,360sd.exe,lpremove.exe,SSLVPNRedirector.exe,spoolsv.exe,OUTLOOK.EXE,sppsvc.exe,svchost.exe,WINWORD.EXE,schtasks.exe,360sdUpd.exe,SearchFilterHost.exe,WerFault.exe,WscControl.exe,vssvc.exe,aitagent.EXE,HP1100SM.exe,iexplore.exe,

DllHost.exe,NdsDisk.EXE,SGTool.exe,splwow64.exe,SGDownload.exe,conhost.exe,MpCmdRun.exe,wmpnscfg.exe,wmpnetwk.exe,SogouCloud.exe,wmiprvse.exe,Log2file.exe,RunDll32.exe,RegGuide.exe,SSLVPNRedirector64.exe,taskhost.exe,pinyinup.exe,Mystify.scr,LogonUI.exe,AUDIODG.EXE,SogouExe.exe,WLUpdater.exe,explorer.exe,360tray.exe,sdclt.exe,wsqmcons.exe,wermgr.exe,sc.exe,PinyinUp.exe,ImeUtil.exe,rundll32.exe,WMIADAP.EXE,SearchProtocolHost.exe,360sd.exe,SogouComMgr.exe,SGPicFaceTool.exe,igfxsrvc.exe,lpremove.exe,spoolsv.exe,OUTLOOK.EXE,SSLVPNRedirector.exe,sppsvc.exe,svchost.exe,WINWORD.EXE,schtasks.exe,WerFault.exe,WscControl.exe,SearchFilterHost.exe,360sdUpd.exe,HP1100SM.exe,aitagent.EXE,vssvc.exe,
SGTool.exe,PING.EXE,DllHost.exe,splwow64.exe,conhost.exe,MpCmdRun.exe,SogouCloud.exe,wmiprvse.exe,RegGuide.exe,Log2file.exe,wmpnscfg.exe,wmpnetwk.exe,RunDll32.exe,SSLVPNRedirector64.exe,taskhost.exe,sdiagnhost.exe,csc.exe,WLUpdater.exe,mobsync.exe,AUDIODG.EXE,Mystify.scr,LogonUI.exe,360tray.exe,cvtres.exe,w32tm.exe,sdclt.exe,wermgr.exe,sc.exe,explorer.exe,wsqmcons.exe,rundll32.exe,lpremove.exe,igfxsrvc.exe,ImeUtil.exe,SearchProtocolHost.exe,WMIADAP.EXE,360sd.exe,SSLVPNRedirector.exe,svchost.exe,OUTLOOK.EXE,spoolsv.exe,WINWORD.EXE,sppsvc.exe,schtasks.exe,360sdUpd.exe,aitagent.EXE,vssvc.exe,WscControl.exe,HP1100SM.exe,SearchFilterHost.exe,
SGTool.exe,DllHost.exe,splwow64.exe,SGDownload.exe,NdsDisk.EXE,PING.EXE,conhost.exe,MpCmdRun.exe,Log2file.exe,SogouCloud.exe,wmpnscfg.exe,wmpnetwk.exe,wmiprvse.exe,RegGuide.exe,RunDll32.exe,AdobeUpdater.exe,AUDIODG.EXE,SSLVPNRedirector64.exe,Mystify.scr,taskhost.exe,WLUpdater.exe,mobsync.exe,LogonUI.exe,WDSafeDown.exe,SogouExe.exe,pinyinup.exe,sdiagnhost.exe,csc.exe,AcroRd32.exe,wermgr.exe,sc.exe,sdclt.exe,wsqmcons.exe,PinyinUp.exe,360tray.exe,explorer.exe,defrag.exe,cvtres.exe,w32tm.exe,igfxsrvc.exe,rundll32.exe,SearchProtocolHost.exe,ImeUtil.exe,WMIADAP.EXE,360sd.exe,SogouComMgr.exe,SGPicFaceTool.exe,lpremove.exe,SSLVPNRedirector.exe,WINWORD.EXE,schtasks.exe,svchost.exe,spoolsv.exe,OUTLOOK.EXE,sppsvc.exe,360sdUpd.exe,SearchFilterHost.exe,WerFault.exe,SohuNews.exe,WscControl.exe,aitagent.EXE,vssvc.exe,HP1100SM.exe,
SGTool.exe,DllHost.exe,splwow64.exe,EXCEL.EXE,SGDownload.exe,conhost.exe,MpCmdRun.exe,powercfg.exe,SogouCloud.exe,Log2file.exe,wmpnscfg.exe,wmiprvse.exe,RegGuide.exe,RunDll32.exe,SSLVPNRedirector64.exe,WLUpdater.exe,Mystify.scr,AUDIODG.EXE,LogonUI.exe,mobsync.exe,taskhost.exe,SogouExe.exe,WDSafeDown.exe,sc.exe,sdclt.exe,wsqmcons.exe,explorer.exe,wermgr.exe,360tray.exe,PinyinUp.exe,igfxsrvc.exe,SearchProtocolHost.exe,SogouComMgr.exe,rundll32.exe,SGPicFaceTool.exe,WMIADAP.EXE,360sd.exe,ImeUtil.exe,lpremove.exe,SSLVPNRedirector.exe,WINWORD.EXE,schtasks.exe,svchost.exe,spoolsv.exe,OUTLOOK.EXE,sppsvc.exe,360sdUpd.exe,SearchFilterHost.exe,HP1100SM.exe,WerFault.exe,WscControl.exe,aitagent.EXE,vssvc.exe,POWERPNT.EXE,
DllHost.exe,SGTool.exe,splwow64.exe,NdsDisk.EXE,EXCEL.EXE,SGDownload.exe,pscp.exe,conhost.exe,dw20.exe,MpCmdRun.exe,Log2file.exe,SogouCloud.exe,wmpnscfg.exe,RunDll32.exe,wmiprvse.exe,RegGuide.exe,SSLVPNRedirector64.exe,WLUpdater.exe,Mystify.scr,LogonUI.exe,AUDIODG.EXE,taskhost.exe,WDSafeDown.exe,mobsync.exe,SogouExe.exe,pinyinup.exe,sc.exe,sdclt.exe,wermgr.exe,explorer.exe,wsqmcons.exe,360tray.exe,PinyinUp.exe,defrag.exe,igfxsrvc.exe,SearchProtocolHost.exe,rundll32.exe,lpremove.exe,ImeUtil.exe,WMIADAP.EXE,360sd.exe,SogouComMgr.exe,SGPicFaceTool.exe,SSLVPNRedirector.exe,WINWORD.EXE,svchost.exe,spoolsv.exe,sppsvc.exe,OUTLOOK.EXE,schtasks.exe,SgImeRepairer.exe,KLUpdate.exe,ClearCache.exe,360sdUpd.exe,POWERPNT.EXE,SearchFilterHost.exe,vssvc.exe,WerFault.exe,WscControl.exe,aitagent.EXE,NetCoffer.exe,
SGTool.exe,SGDownload.exe,DllHost.exe,splwow64.exe,NdsDisk.EXE,pscp.exe,conhost.exe,MpCmdRun.exe,Log2file.exe,SogouCloud.exe,RunDll32.exe,wmiprvse.exe,wmpnscfg.exe,RegGuide.exe,SSLVPNRedirector64.exe,WLUpdater.exe,taskhost.exe,AUDIODG.EXE,Mystify.scr,LogonUI.exe,WDSafeDown.exe,regsvr32.exe,TrustedInstaller.exe,SogouExe.exe,mobsync.exe,WinRAR.exe,PinyinUp.exe,sdclt.exe,sc.exe,defrag.exe,wermgr.exe,360tray.exe,explorer.exe,wsqmcons.exe,igfxsrvc.exe,SearchProtocolHost.exe,ImeUtil.exe,WMIADAP.EXE,360sd.exe,SogouComMgr.exe,SGPicFaceTool.exe,rundll32.exe,lpremove.exe,svchost.exe,SSLVPNRedirector.exe,WINWORD.EXE,spoolsv.exe,sppsvc.exe,OUTLOOK.EXE,schtasks.exe,KLUpdate.exe,ClearCache.exe,360sdUpd.exe,SearchFilterHost.exe,POWERPNT.EXE,WerFault.exe,WscControl.exe,aitagent.EXE,vssvc.exe,NetCoffer.exe,HP1100SM.exe,
SGTool.exe,DllHost.exe,splwow64.exe,SGDownload.exe,NdsDisk.EXE,conhost.exe,MpCmdRun.exe,dw20.exe,SogouCloud.exe,wmiprvse.exe,wmpnscfg.exe,Log2file.exe,RegGuide.exe,wmpnetwk.exe,RunDll32.exe,SSLVPNRedirector64.exe,AUDIODG.EXE,taskhost.exe,SogouExe.exe,LogonUI.exe,pinyinup.exe,csc.exe,Mystify.scr,WLUpdater.exe,mobsync.exe,WDSafeDown.exe,explorer.exe,sc.exe,cvtres.exe,wermgr.exe,360tray.exe,PinyinUp.exe,sdclt.exe,wsqmcons.exe,rundll32.exe,lpremove.exe,SearchProtocolHost.exe,WMIADAP.EXE,360sd.exe,ImeUtil.exe,igfxsrvc.exe,SogouComMgr.exe,SGPicFaceTool.exe,SSLVPNRedirector.exe,svchost.exe,OUTLOOK.EXE,sppsvc.exe,spoolsv.exe,WINWORD.EXE,schtasks.exe,vssvc.exe,SearchFilterHost.exe,aitagent.EXE,WscControl.exe,POWERPNT.EXE,HP1100SM.exe,WerFault.exe,360sdUpd.exe,iexplore.exe,
SGTool.exe,SGDownload.exe,splwow64.exe,NdsDisk.EXE,DllHost.exe,conhost.exe,MpCmdRun.exe,Log2file.exe,wmpnscfg.exe,RunDll32.exe,wmpnetwk.exe,SogouCloud.exe,wmiprvse.exe,RegGuide.exe,SogouExe.exe,SSLVPNRedirector64.exe,pinyinup.exe,WDSafeDown.exe,regsvr32.exe,taskhost.exe,Mystify.scr,LogonUI.exe,AUDIODG.EXE,WLUpdater.exe,mobsync.exe,wermgr.exe,360tray.exe,explorer.exe,wsqmcons.exe,sc.exe,sdclt.exe,ImeUtil.exe,rundll32.exe,SearchProtocolHost.exe,WMIADAP.EXE,360sd.exe,igfxsrvc.exe,lpremove.exe,SogouComMgr.exe,SGPicFaceTool.exe,SSLVPNRedirector.exe,WINWORD.EXE,spoolsv.exe,svchost.exe,OUTLOOK.EXE,sppsvc.exe,schtasks.exe,WerFault.exe,SearchFilterHost.exe,WscControl.exe,360sdUpd.exe,aitagent.EXE,vssvc.exe,

SGTool.exe,SGDownload.exe,DllHost.exe,NdsDisk.EXE,splwow64.exe,conhost.exe,MpCmdRun.exe,wmpnscfg.exe,SogouCloud.exe,wmpnetwk.exe,wmiprvse.exe,RegGuide.exe,RunDll32.exe,SSLVPNRedirector64.exe,SogouExe.exe,pinyinup.exe,LogonUI.exe,AUDIODG.EXE,regsvr32.exe,taskhost.exe,Mystify.scr,WLUpdater.exe,PinyinUp.exe,360tray.exe,sc.exe,explorer.exe,sdclt.exe,wsqmcons.exe,wermgr.exe,defrag.exe,WMIADAP.EXE,360sd.exe,ImeUtil.exe,SogouComMgr.exe,SGPicFaceTool.exe,rundll32.exe,igfxsrvc.exe,SearchProtocolHost.exe,SSLVPNRedirector.exe,spoolsv.exe,svchost.exe,OUTLOOK.EXE,sppsvc.exe,schtasks.exe,WINWORD.EXE,360sdUpd.exe,WerFault.exe,WscControl.exe,SearchFilterHost.exe,aitagent.EXE,

SGTool.exe,SGDownload.exe,DllHost.exe,splwow64.exe,NdsDisk.EXE,conhost.exe,MpCmdRun.exe,RavUpgrd.exe,SetupRav.exe,SogouCloud.exe,Log2file.exe,wmpnscfg.exe,wmiprvse.exe,RunDll32.exe,RegGuide.exe,WLUpdater.exe,AUDIODG.EXE,mobsync.exe,WDSafeDown.exe,taskhost.exe,Mystify.scr,LogonUI.exe,SSLVPNRedirector64.exe,SogouExe.exe,pinyinup.exe,sdclt.exe,PinyinUp.exe,sc.exe,wermgr.exe,explorer.exe,wsqmcons.exe,defrag.exe,360tray.exe,igfxsrvc.exe,rundll32.exe,SogouComMgr.exe,SGPicFaceTool.exe,SearchProtocolHost.exe,ImeUtil.exe,WMIADAP.EXE,360sd.exe,lpremove.exe,SSLVPNRedirector.exe,WINWORD.EXE,spoolsv.exe,OUTLOOK.EXE,sppsvc.exe,svchost.exe,schtasks.exe,360sdUpd.exe,SearchFilterHost.exe,iexplore.exe,WscControl.exe,aitagent.EXE,vssvc.exe,
SGTool.exe,DllHost.exe,NdsDisk.EXE,splwow64.exe,SGDownload.exe,conhost.exe,MpCmdRun.exe,SogouCloud.exe,wmpnscfg.exe,wmiprvse.exe,RegGuide.exe,RunDll32.exe,Log2file.exe,SSLVPNRedirector64.exe,taskhost.exe,LogonUI.exe,AUDIODG.EXE,regsvr32.exe,SogouExe.exe,WLUpdater.exe,pinyinup.exe,Mystify.scr,mobsync.exe,WDSafeDown.exe,NdsCmdLn.exe,WinRAR.exe,wsqmcons.exe,360tray.exe,sc.exe,explorer.exe,defrag.exe,wermgr.exe,PinyinUp.exe,sdclt.exe,WMIADAP.EXE,360sd.exe,rundll32.exe,igfxsrvc.exe,SearchProtocolHost.exe,ImeUtil.exe,lpremove.exe,SogouComMgr.exe,SGPicFaceTool.exe,LeapFTP.exe,VISIO.EXE,SSLVPNRedirector.exe,svchost.exe,schtasks.exe,spoolsv.exe,WINWORD.EXE,sppsvc.exe,SgImeRepairer.exe,OUTLOOK.EXE,WscControl.exe,360sdUpd.exe,WerFault.exe,SearchFilterHost.exe,aitagent.EXE,vssvc.exe,iexplore.exe,POWERPNT.EXE,HP1100SM.exe,
DllHost.exe,NdsDisk.EXE,SGTool.exe,splwow64.exe,SGDownload.exe,conhost.exe,MpCmdRun.exe,SogouCloud.exe,wmiprvse.exe,RunDll32.exe,Log2file.exe,RegGuide.exe,wmpnscfg.exe,SSLVPNRedirector64.exe,LogonUI.exe,AUDIODG.EXE,SogouExe.exe,taskhost.exe,pinyinup.exe,Mystify.scr,WLUpdater.exe,mobsync.exe,TrustedInstaller.exe,explorer.exe,wermgr.exe,360tray.exe,sc.exe,wsqmcons.exe,sdclt.exe,rundll32.exe,SearchProtocolHost.exe,WMIADAP.EXE,360sd.exe,igfxsrvc.exe,ImeUtil.exe,lpremove.exe,SSLVPNRedirector.exe,spoolsv.exe,OUTLOOK.EXE,sppsvc.exe,svchost.exe,WINWORD.EXE,schtasks.exe,WscControl.exe,SearchFilterHost.exe,360sdUpd.exe,aitagent.EXE,vssvc.exe,
SGTool.exe,SGDownload.exe,DllHost.exe,splwow64.exe,conhost.exe,MpCmdRun.exe,Log2file.exe,wmpnscfg.exe,SogouCloud.exe,SSLVPNRedirector64.exe,taskhost.exe,WLUpdater.exe,AUDIODG.EXE,mobsync.exe,SogouExe.exe,WDSafeDown.exe,Mystify.scr,LogonUI.exe,PinyinUp.exe,sdclt.exe,wsqmcons.exe,sc.exe,SearchProtocolHost.exe,igfxsrvc.exe,rundll32.exe,ImeUtil.exe,SogouComMgr.exe,SGPicFaceTool.exe,SSLVPNRedirector.exe,svchost.exe,OUTLOOK.EXE,schtasks.exe,WINWORD.EXE,360sdUpd.exe,aitagent.EXE,SearchFilterHost.exe,SohuNews.exe,vssvc.exe,iexplore.exe,
SGTool.exe,DllHost.exe,splwow64.exe,SGDownload.exe,NdsDisk.EXE,PING.EXE,conhost.exe,MpCmdRun.exe,SogouCloud.exe,Log2file.exe,wmpnscfg.exe,wmpnetwk.exe,wmiprvse.exe,RunDll32.exe,RegGuide.exe,SSLVPNRedirector64.exe,AUDIODG.EXE,WLUpdater.exe,taskhost.exe,SogouExe.exe,mobsync.exe,WDSafeDown.exe,Mystify.scr,LogonUI.exe,pinyinup.exe,sdiagnhost.exe,csc.exe,sdclt.exe,sc.exe,wermgr.exe,PinyinUp.exe,defrag.exe,explorer.exe,wsqmcons.exe,360tray.exe,cvtres.exe,w32tm.exe,SearchProtocolHost.exe,rundll32.exe,igfxsrvc.exe,ImeUtil.exe,WMIADAP.EXE,360sd.exe,lpremove.exe,SSLVPNRedirector.exe,WINWORD.EXE,svchost.exe,spoolsv.exe,OUTLOOK.EXE,sppsvc.exe,schtasks.exe,SearchFilterHost.exe,360sdUpd.exe,SohuNews.exe,POWERPNT.EXE,WscControl.exe,aitagent.EXE,vssvc.exe,
PING.EXE,SGTool.exe,NdsDisk.EXE,DllHost.exe,splwow64.exe,SGDownload.exe,conhost.exe,MpCmdRun.exe,dw20.exe,wmiprvse.exe,SogouCloud.exe,Log2file.exe,wmpnscfg.exe,wmpnetwk.exe,RegGuide.exe,RunDll32.exe,SSLVPNRedirector64.exe,csc.exe,AUDIODG.EXE,WLUpdater.exe,taskhost.exe,mobsync.exe,sdiagnhost.exe,Mystify.scr,regsvr32.exe,LogonUI.exe,NdsCmdLn.exe,SogouExe.exe,cvtres.exe,w32tm.exe,sdclt.exe,sc.exe,360tray.exe,explorer.exe,wsqmcons.exe,PinyinUp.exe,wermgr.exe,SearchProtocolHost.exe,igfxsrvc.exe,SogouComMgr.exe,rundll32.exe,SGPicFaceTool.exe,lpremove.exe,ImeUtil.exe,WMIADAP.EXE,360sd.exe,SSLVPNRedirector.exe,svchost.exe,spoolsv.exe,sppsvc.exe,OUTLOOK.EXE,WINWORD.EXE,schtasks.exe,SearchFilterHost.exe,360sdUpd.exe,vssvc.exe,WerFault.exe,WscControl.exe,aitagent.EXE,HP1100SM.exe,SohuNews.exe,iexplore.exe,
DllHost.exe,SGTool.exe,SGDownload.exe,splwow64.exe,NdsDisk.EXE,conhost.exe,MpCmdRun.exe,powercfg.exe,dw20.exe,SogouCloud.exe,Log2file.exe,wmpnscfg.exe,360rp.exe,wmiprvse.exe,RegGuide.exe,RunDll32.exe,Mystify.scr,WLUpdater.exe,AUDIODG.EXE,WDSafeDown.exe,taskhost.exe,LogonUI.exe,mobsync.exe,SSLVPNRedirector64.exe,pinyinup.exe,SogouExe.exe,sdclt.exe,PinyinUp.exe,sc.exe,360tray.exe,explorer.exe,wermgr.exe,wsqmcons.exe,igfxsrvc.exe,SearchProtocolHost.exe,rundll32.exe,ImeUtil.exe,WMIADAP.EXE,360sd.exe,SGPicFaceTool.exe,lpremove.exe,SogouComMgr.exe,SSLVPNRedirector.exe,WINWORD.EXE,spoolsv.exe,OUTLOOK.EXE,sppsvc.exe,svchost.exe,schtasks.exe,360sdUpd.exe,SearchFilterHost.exe,WscControl.exe,aitagent.EXE,HP1100SM.exe,vssvc.exe,SohuNews.exe,iexplore.exe,
SGTool.exe,DllHost.exe,NdsDisk.EXE,splwow64.exe,SGDownload.exe,conhost.exe,MpCmdRun.exe,SogouCloud.exe,wmpnscfg.exe,wmpnetwk.exe,wmiprvse.exe,Log2file.exe,RunDll32.exe,RegGuide.exe,WLUpdater.exe,SSLVPNRedirector64.exe,Mystify.scr,LogonUI.exe,AUDIODG.EXE,taskhost.exe,csc.exe,WDSafeDown.exe,mobsync.exe,SogouExe.exe,sc.exe,defrag.exe,360tray.exe,explorer.exe,wsqmcons.exe,wermgr.exe,PinyinUp.exe,sdclt.exe,rundll32.exe,igfxsrvc.exe,lpremove.exe,SearchProtocolHost.exe,ImeUtil.exe,WMIADAP.EXE,360sd.exe,SogouComMgr.exe,SGPicFaceTool.exe,VISIO.EXE,SSLVPNRedirector.exe,svchost.exe,spoolsv.exe,WINWORD.EXE,sppsvc.exe,schtasks.exe,OUTLOOK.EXE,360sdUpd.exe,aitagent.EXE,vssvc.exe,SearchFilterHost.exe,WerFault.exe,WscControl.exe,iexplore.exe,SohuNews.exe,
SGTool.exe,SGDownload.exe,DllHost.exe,splwow64.exe,NdsDisk.EXE,pscp.exe,conhost.exe,MpCmdRun.exe,RegGuide.exe,RunDll32.exe,wmpnetwk.exe,wmpnscfg.exe,wmiprvse.exe,SogouCloud.exe,Log2file.exe,SSLVPNRedirector64.exe,Mystify.scr,pinyinup.exe,taskhost.exe,AUDIODG.EXE,LogonUI.exe,WLUpdater.exe,mobsync.exe,PinyinUp.exe,sc.exe,wermgr.exe,defrag.exe,explorer.exe,wsqmcons.exe,360tray.exe,sdclt.exe,SogouComMgr.exe,SGPicFaceTool.exe,rundll32.exe,igfxsrvc.exe,SearchProtocolHost.exe,WMIADAP.EXE,360sd.exe,lpremove.exe,SSLVPNRedirector.exe,SgImeRepairer.exe,OUTLOOK.EXE,WINWORD.EXE,svchost.exe,spoolsv.exe,sppsvc.exe,schtasks.exe,KLUpdate.exe,ClearCache.exe,SearchFilterHost.exe,aitagent.EXE,WerFault.exe,WscControl.exe,HP1100SM.exe,360sdUpd.exe,NetCoffer.exe,POWERPNT.EXE,vssvc.exe,


SGTool.exe,SGDownload.exe,DllHost.exe,splwow64.exe,NdsDisk.EXE,PING.EXE,conhost.exe,MpCmdRun.exe,RunDll32.exe,SogouCloud.exe,wmpnscfg.exe,RegGuide.exe,360rp.exe,wmpnetwk.exe,wmiprvse.exe,Log2file.exe,SSLVPNRedirector64.exe,AUDIODG.EXE,WDSafeDown.exe,csc.exe,taskhost.exe,SogouExe.exe,pinyinup.exe,WLUpdater.exe,Mystify.scr,LogonUI.exe,sdiagnhost.exe,TrustedInstaller.exe,mobsync.exe,wermgr.exe,PinyinUp.exe,360tray.exe,cvtres.exe,explorer.exe,sc.exe,sdclt.exe,wsqmcons.exe,w32tm.exe,defrag.exe,SogouComMgr.exe,SGPicFaceTool.exe,VISIO.EXE,SearchProtocolHost.exe,ImeUtil.exe,rundll32.exe,HPLaserJetService.exe,WMIADAP.EXE,360sd.exe,igfxsrvc.exe,lpremove.exe,SSLVPNRedirector.exe,WINWORD.EXE,svchost.exe,sppsvc.exe,OUTLOOK.EXE,schtasks.exe,SearchFilterHost.exe,360sdUpd.exe,WerFault.exe,WscControl.exe,aitagent.EXE,vssvc.exe,
SGTool.exe,DllHost.exe,NdsDisk.EXE,splwow64.exe,pscp.exe,PING.EXE,SGDownload.exe,EXCEL.EXE,conhost.exe,MpCmdRun.exe,RavUpgrd.exe,SetupRav.exe,Log2file.exe,SogouCloud.exe,RegGuide.exe,wmpnetwk.exe,wmiprvse.exe,ChngPin.exe,RunDll32.exe,wmpnscfg.exe,SSLVPNRedirector64.exe,taskhost.exe,AUDIODG.EXE,Mystify.scr,LogonUI.exe,WLUpdater.exe,WDSafeDown.exe,regsvr32.exe,KUI.exe,mobsync.exe,sdiagnhost.exe,csc.exe,SogouExe.exe,sc.exe,360tray.exe,explorer.exe,wsqmcons.exe,wermgr.exe,sdclt.exe,cvtres.exe,w32tm.exe,PinyinUp.exe,igfxsrvc.exe,SearchProtocolHost.exe,rundll32.exe,ImeUtil.exe,WMIADAP.EXE,360sd.exe,lpremove.exe,SogouComMgr.exe,SGPicFaceTool.exe,VISIO.EXE,SSLVPNRedirector.exe,svchost.exe,spoolsv.exe,OUTLOOK.EXE,sppsvc.exe,schtasks.exe,WINWORD.EXE,KLUpdate.exe,ClearCache.exe,360sdUpd.exe,SearchFilterHost.exe,POWERPNT.EXE,control.exe,WerFault.exe,WscControl.exe,SohuNews.exe,NetCoffer.exe,iexplore.exe,aitagent.EXE,vssvc.exe,
DllHost.exe,NdsDisk.EXE,splwow64.exe,SGTool.exe,SGDownload.exe,EXCEL.EXE,conhost.exe,MpCmdRun.exe,dw20.exe,wmpnscfg.exe,SogouCloud.exe,Log2file.exe,wmiprvse.exe,RunDll32.exe,RegGuide.exe,AdobeUpdater.exe,360rp.exe,SSLVPNRedirector64.exe,WLUpdater.exe,mobsync.exe,taskhost.exe,Mystify.scr,WDSafeDown.exe,LogonUI.exe,AUDIODG.EXE,pinyinup.exe,DW20.EXE,SogouExe.exe,AcroRd32.exe,NdsCmdLn.exe,explorer.exe,wsqmcons.exe,360tray.exe,wermgr.exe,sc.exe,dwwin.exe,sdclt.exe,PinyinUp.exe,igfxsrvc.exe,rundll32.exe,lpremove.exe,VISIO.EXE,WMIADAP.EXE,360sd.exe,SearchProtocolHost.exe,OffDiag.exe,SogouComMgr.exe,SGPicFaceTool.exe,ImeUtil.exe,SSLVPNRedirector.exe,WINWORD.EXE,svchost.exe,spoolsv.exe,sppsvc.exe,schtasks.exe,OUTLOOK.EXE,360sdUpd.exe,vssvc.exe,WerFault.exe,WscControl.exe,aitagent.EXE,POWERPNT.EXE,SearchFilterHost.exe,HP1100SM.exe,iexplore.exe,
SGTool.exe,SGDownload.exe,DllHost.exe,NdsDisk.EXE,splwow64.exe,conhost.exe,MpCmdRun.exe,wmpnscfg.exe,RegGuide.exe,SogouCloud.exe,wmiprvse.exe,RunDll32.exe,Log2file.exe,SSLVPNRedirector64.exe,Mystify.scr,pinyinup.exe,LogonUI.exe,AUDIODG.EXE,taskhost.exe,csc.exe,WDSafeDown.exe,WLUpdater.exe,mobsync.exe,SogouExe.exe,sc.exe,wsqmcons.exe,cvtres.exe,explorer.exe,wermgr.exe,defrag.exe,360tray.exe,PinyinUp.exe,sdclt.exe,igfxsrvc.exe,ImeUtil.exe,rundll32.exe,lpremove.exe,SearchProtocolHost.exe,WMIADAP.EXE,360sd.exe,VISIO.EXE,SogouComMgr.exe,SGPicFaceTool.exe,SSLVPNRedirector.exe,schtasks.exe,svchost.exe,spoolsv.exe,OUTLOOK.EXE,WINWORD.EXE,sppsvc.exe,vssvc.exe,SearchFilterHost.exe,WerFault.exe,SohuNews.exe,WscControl.exe,360sdUpd.exe,aitagent.EXE,

SGTool.exe,SGDownload.exe,DllHost.exe,splwow64.exe,conhost.exe,SogouCloud.exe,360LeakFixer.exe,360leakfixer.exe,wmpnscfg.exe,SSLVPNRedirector64.exe,taskhost.exe,AUDIODG.EXE,Mystify.scr,LogonUI.exe,SoftupNotify.exe,regsvr32.exe,mobsync.exe,PinyinUp.exe,sc.exe,SearchProtocolHost.exe,SogouComMgr.exe,SGPicFaceTool.exe,igfxsrvc.exe,rundll32.exe,SDIS.exe,SSLVPNRedirector.exe,WINWORD.EXE,SearchFilterHost.exe,iexplore.exe,HP1100SM.exe,360EntClientAir.exe,
DllHost.exe,SGTool.exe,SGDownload.exe,NdsDisk.EXE,splwow64.exe,EXCEL.EXE,conhost.exe,MpCmdRun.exe,WscReg.exe,360EntMisc.exe,SogouCloud.exe,360LeakFixer.exe,wmpnscfg.exe,wmiprvse.exe,360leakfixer.exe,RunDll32.exe,SSLVPNRedirector64.exe,AUDIODG.EXE,taskhost.exe,pinyinup.exe,LogonUI.exe,SogouExe.exe,Mystify.scr,SoftupNotify.exe,regsvr32.exe,AcroRd32.exe,NdsCmdLn.exe,WinRAR.exe,mobsync.exe,wsqmcons.exe,explorer.exe,360tray.exe,ComputerZService.exe,sc.exe,wermgr.exe,defrag.exe,PinyinUp.exe,sdclt.exe,rundll32.exe,igfxsrvc.exe,SearchProtocolHost.exe,ImeUtil.exe,360EntClient.exe,WMIADAP.EXE,bcdedit.exe,SDIS.exe,lpremove.exe,LiveUpdate360.exe,SogouComMgr.exe,SGPicFaceTool.exe,LeapFTP.exe,SSLVPNRedirector.exe,schtasks.exe,spoolsv.exe,WINWORD.EXE,sppsvc.exe,svchost.exe,360speedld.exe,OUTLOOK.EXE,SearchFilterHost.exe,WscControl.exe,360vulsetup.exe,HP1100SM.exe,360EntClientAir.exe,iexplore.exe,vssvc.exe,aitagent.EXE,
SGTool.exe,DllHost.exe,NdsDisk.EXE,splwow64.exe,SGDownload.exe,conhost.exe,powercfg.exe,MpCmdRun.exe,WscReg.exe,360EntMisc.exe,SogouCloud.exe,wmiprvse.exe,360leakfixer.exe,RunDll32.exe,wmpnscfg.exe,360LeakFixer.exe,SSLVPNRedirector64.exe,taskhost.exe,AUDIODG.EXE,Mystify.scr,LogonUI.exe,SoftupNotify.exe,regsvr32.exe,csc.exe,SogouExe.exe,mobsync.exe,defrag.exe,sc.exe,wermgr.exe,cvtres.exe,explorer.exe,ComputerZService.exe,360tray.exe,sdclt.exe,wsqmcons.exe,PinyinUp.exe,rundll32.exe,lpremove.exe,SearchProtocolHost.exe,igfxsrvc.exe,SDIS.exe,bcdedit.exe,360EntClient.exe,HPLaserJetService.exe,WMIADAP.EXE,LiveUpdate360.exe,ImeUtil.exe,SogouComMgr.exe,SGPicFaceTool.exe,SSLVPNRedirector.exe,svchost.exe,360speedld.exe,spoolsv.exe,WINWORD.EXE,sppsvc.exe,OUTLOOK.EXE,schtasks.exe,aitagent.EXE,vssvc.exe,SearchFilterHost.exe,WerFault.exe,WscControl.exe,360vulsetup.exe,360EntClientAir.exe,HP1100SM.exe,POWERPNT.EXE,
SGTool.exe,SGDownload.exe,DllHost.exe,NdsDisk.EXE,splwow64.exe,conhost.exe,MpCmdRun.exe,WscReg.exe,360EntMisc.exe,SogouCloud.exe,wmiprvse.exe,360leakfixer.exe,RunDll32.exe,wmpnscfg.exe,360LeakFixer.exe,SSLVPNRedirector64.exe,taskhost.exe,AUDIODG.EXE,Mystify.scr,LogonUI.exe,pinyinup.exe,csc.exe,SoftupNotify.exe,regsvr32.exe,SogouExe.exe,mobsync.exe,PinyinUp.exe,sc.exe,cvtres.exe,explorer.exe,ComputerZService.exe,wermgr.exe,360tray.exe,wsqmcons.exe,sdclt.exe,SogouComMgr.exe,SGPicFaceTool.exe,rundll32.exe,SearchProtocolHost.exe,lpremove.exe,igfxsrvc.exe,360EntClient.exe,WMIADAP.EXE,SDIS.exe,bcdedit.exe,ImeUtil.exe,LiveUpdate360.exe,SSLVPNRedirector.exe,svchost.exe,360speedld.exe,spoolsv.exe,OUTLOOK.EXE,WINWORD.EXE,sppsvc.exe,schtasks.exe,aitagent.EXE,SearchFilterHost.exe,vssvc.exe,360EntClientAir.exe,WerFault.exe,WscControl.exe,360vulsetup.exe,iexplore.exe,HP1100SM.exe,
SGTool.exe,SGDownload.exe,DllHost.exe,NDSDisk.exe,splwow64.exe,NdsDisk.EXE,conhost.exe,MpCmdRun.exe,WscReg.exe,dw20.exe,360EntMisc.exe,SogouCloud.exe,wmiprvse.exe,360LeakFixer.exe,wmpnscfg.exe,wmpnetwk.exe,360leakfixer.exe,RunDll32.exe,SSLVPNRedirector64.exe,Mystify.scr,LogonUI.exe,AUDIODG.EXE,taskhost.exe,SoftupNotify.exe,regsvr32.exe,SogouExe.exe,pinyinup.exe,PinyinUp.exe,360tray.exe,sc.exe,explorer.exe,sdclt.exe,wsqmcons.exe,wermgr.exe,ComputerZService.exe,SogouComMgr.exe,SGPicFaceTool.exe,igfxsrvc.exe,SearchProtocolHost.exe,VISIO.EXE,rundll32.exe,SDIS.exe,WMIADAP.EXE,ImeUtil.exe,360EntClient.exe,bcdedit.exe,LiveUpdate360.exe,SSLVPNRedirector.exe,WINWORD.EXE,OUTLOOK.EXE,360speedld.exe,sppsvc.exe,svchost.exe,spoolsv.exe,schtasks.exe,SgImeRepairer.exe,SearchFilterHost.exe,WscControl.exe,WerFault.exe,360vulsetup.exe,360EntClientAir.exe,

SGTool.exe,SGDownload.exe,PING.EXE,DllHost.exe,splwow64.exe,mmc.exe,NdsDisk.EXE,conhost.exe,MpCmdRun.exe,WscReg.exe,360EntMisc.exe,SogouCloud.exe,wmiprvse.exe,wmpnscfg.exe,RunDll32.exe,360leakfixer.exe,wmpnetwk.exe,360LeakFixer.exe,SSLVPNRedirector64.exe,LogonUI.exe,AUDIODG.EXE,taskhost.exe,mobsync.exe,SoftupNotify.exe,regsvr32.exe,sdiagnhost.exe,csc.exe,Mystify.scr,TrustedInstaller.exe,360tray.exe,sc.exe,PinyinUp.exe,wsqmcons.exe,cvtres.exe,w32tm.exe,ComputerZService.exe,wermgr.exe,defrag.exe,explorer.exe,sdclt.exe,rundll32.exe,igfxsrvc.exe,SearchProtocolHost.exe,WMIADAP.EXE,SogouComMgr.exe,SGPicFaceTool.exe,SDIS.exe,lpremove.exe,CompMgmtLauncher.exe,bcdedit.exe,ImeUtil.exe,360EntClient.exe,LiveUpdate360.exe,SSLVPNRedirector.exe,schtasks.exe,OUTLOOK.EXE,svchost.exe,360speedld.exe,WINWORD.EXE,spoolsv.exe,sppsvc.exe,SearchFilterHost.exe,vssvc.exe,HP1100SM.exe,360vulsetup.exe,WscControl.exe,aitagent.EXE,360EntClientAir.exe,
SGTool.exe,DllHost.exe,SGDownload.exe,EXCEL.EXE,conhost.exe,MpCmdRun.exe,360EntMisc.exe,SogouCloud.exe,wmpnscfg.exe,360leakfixer.exe,wmiprvse.exe,360LeakFixer.exe,AdobeUpdater.exe,SSLVPNRedirector64.exe,AUDIODG.EXE,SoftupNotify.exe,regsvr32.exe,mobsync.exe,taskhost.exe,LogonUI.exe,Mystify.scr,SogouExe.exe,AcroRd32.exe,wsqmcons.exe,sc.exe,PinyinUp.exe,sdclt.exe,ComputerZService.exe,SearchProtocolHost.exe,SDIS.exe,rundll32.exe,igfxsrvc.exe,LiveUpdate360.exe,VISIO.EXE,ImeUtil.exe,SogouComMgr.exe,SGPicFaceTool.exe,SSLVPNRedirector.exe,svchost.exe,schtasks.exe,SearchFilterHost.exe,vssvc.exe,aitagent.EXE,SohuNews.exe,360vulsetup.exe,360EntClientAir.exe,HP1100SM.exe,
SGTool.exe,DllHost.exe,NdsDisk.EXE,splwow64.exe,SGDownload.exe,conhost.exe,MpCmdRun.exe,WscReg.exe,360EntMisc.exe,SogouCloud.exe,wmiprvse.exe,wmpnscfg.exe,wmpnetwk.exe,360leakfixer.exe,RunDll32.exe,360LeakFixer.exe,SSLVPNRedirector64.exe,taskhost.exe,AUDIODG.EXE,csc.exe,SogouExe.exe,Mystify.scr,LogonUI.exe,SoftupNotify.exe,regsvr32.exe,AcroRd32.exe,pinyinup.exe,mobsync.exe,WinRAR.exe,explorer.exe,cvtres.exe,sc.exe,wermgr.exe,ComputerZService.exe,360tray.exe,wsqmcons.exe,PinyinUp.exe,defrag.exe,sdclt.exe,rundll32.exe,lpremove.exe,SearchProtocolHost.exe,igfxsrvc.exe,HPLaserJetService.exe,360EntClient.exe,WMIADAP.EXE,ImeUtil.exe,SDIS.exe,LiveUpdate360.exe,SogouComMgr.exe,SGPicFaceTool.exe,bcdedit.exe,SSLVPNRedirector.exe,svchost.exe,360speedld.exe,spoolsv.exe,sppsvc.exe,WINWORD.EXE,OUTLOOK.EXE,schtasks.exe,vssvc.exe,SearchFilterHost.exe,HP1100SM.exe,WscControl.exe,360vulsetup.exe,360EntClientAir.exe,iexplore.exe,POWERPNT.EXE,aitagent.EXE,
SGTool.exe,DllHost.exe,splwow64.exe,SGDownload.exe,NdsDisk.EXE,conhost.exe,WscReg.exe,MpCmdRun.exe,360EntMisc.exe,dw20.exe,SogouCloud.exe,wmiprvse.exe,wmpnscfg.exe,360leakfixer.exe,RunDll32.exe,wmpnetwk.exe,360LeakFixer.exe,SSLVPNRedirector64.exe,taskhost.exe,NdsCmdLn.exe,WinRAR.exe,Mystify.scr,LogonUI.exe,AUDIODG.EXE,SoftupNotify.exe,regsvr32.exe,pinyinup.exe,SogouExe.exe,csc.exe,mobsync.exe,AcroRd32.exe,PinyinUp.exe,sc.exe,defrag.exe,360tray.exe,wermgr.exe,ComputerZService.exe,cvtres.exe,explorer.exe,sdclt.exe,wsqmcons.exe,SearchProtocolHost.exe,WMIADAP.EXE,rundll32.exe,igfxsrvc.exe,SogouComMgr.exe,SGPicFaceTool.exe,ImeUtil.exe,SDIS.exe,bcdedit.exe,LiveUpdate360.exe,lpremove.exe,360EntClient.exe,OUTLOOK.EXE,svchost.exe,SSLVPNRedirector.exe,sppsvc.exe,WINWORD.EXE,360speedld.exe,spoolsv.exe,schtasks.exe,WscControl.exe,SearchFilterHost.exe,360EntClientAir.exe,aitagent.EXE,360vulsetup.exe,vssvc.exe,iexplore.exe,POWERPNT.EXE,
