VERCLSID.EXE,CFTPPRO.EXE,IEXPLORE.EXE,MINDMANAGER.EXE,WINWORD.EXE,



STRDISK.EXE,CFTPPRO.EXE,FTPTE.EXE,IEXPLORE.EXE,MINDMANAGER.EXE,

VERCLSID.EXE,SMAILPRO.EXE,STRDISK.EXE,DEVENV.EXE,WYWZ.EXE,USBLOG.EXE,WINLOGON.EXE,APPROVEMANAGER.EXE,WRAR380SC.EXE,ÎÞÓ°ÎÞ×Ù4.4.EXE,NOTEPAD.EXE,CFTPPRO.EXE,RSTRUI.EXE,WORDPAD.EXE,IEXPLORE.EXE,TOURSTART.EXE,MIGWIZ.EXE,FTPTE.EXE,WINWORD.EXE,MINDMANAGER.EXE,MSMSGS.EXE,LOGONMAN.EXE,WIRESHARK-WIN32-1.2.10.EXE,
CFTPPRO.EXE,IEXPLORE.EXE,FTPTE.EXE,






VERCLSID.EXE,APPROVEMANAGER.EXE,CFTPPRO.EXE,IEXPLORE.EXE,












































