VERCLSID.EXE,SMAILPRO.EXE,EXCEL.EXE,MSOHTMED.EXE,ACRORD32.EXE,WINLOGON.EXE,QQPYCLIPMONITOR.EXE,QQPYSERVICE.EXE,XPSVIEWER.EXE,EXPLORER.EXE,HAOZIP.EXE,CFTPPRO.EXE,IEXPLORE.EXE,VISIO.EXE,FTPTE.EXE,WINWORD.EXE,MSAGENT.EXE,NDSDISK.EXE,CHROME.EXE,POWERPNT.EXE,
TELNET.EXE,PENGUINET.EXE,PING.EXE,VERCLSID.EXE,FINDSTR.EXE,TORTOISEPROC.EXE,FIREFOX.EXE,WINSCP527SETUP.3933986951.EXE,MSTSC.EXE,QQPYSERVICE.EXE,QQPYCLIPMONITOR.EXE,WINLOGON.EXE,ACRORD32.EXE,XPSVIEWER.EXE,HAOZIP.EXE,NOTEPAD.EXE,NETSTAT.EXE,DW20.EXE,VMWARE-WORKSTATION-FULL-10.0.0-1295980.EXE,EXPLORER.EXE,WORDPAD.EXE,CFTPPRO.EXE,NETCOFFER.EXE,NDSCMDLN.EXE,FTPTE.EXE,IEXPLORE.EXE,RAVSETUP_ESP.EXE,VISIO.EXE,RUNDLL32.EXE,WINWORD.EXE,CALC.EXE,CHROME.EXE,CMD.EXE,NDSDISK.EXE,

PENGUINET.EXE,VERCLSID.EXE,TORTOISEPROC.EXE,ACCWIZ.EXE,MSHTA.EXE.MUI,PING.EXE,EXCEL.EXE,DEVENV.EXE,OIS.EXE,VPXCLIENT.EXE,WINSCP527SETUP.3933986951.EXE,VMWARE.EXE,MSIEXEC.EXE,WINLOGON.EXE,ACRORD32.EXE,UNREGMP2.EXE,NTBACKUP.EXE,QQPYCLIPMONITOR.EXE,QQPYSERVICE.EXE,MSTSC.EXE,IEXPLORE.EXE.MUI,HAOZIP.EXE,EXPLORER.EXE,PRESENTATIONHOST.EXE,NOTEPAD.EXE,XPSVIEWER.EXE,VSJITDEBUGGER.EXE,VMWARE-WORKSTATION-FULL-10.0.0-1295980.EXE,EVERYTHING.EXE,WORDPAD.EXE,TOOLS-WINDOWS-9.6.0.EXE,VMWARE-TRAY.EXE,RSTRUI.EXE,VISIO.EXE,IEXPLORE.EXE,SETUP.EXE,MIGWIZ.EXE,TOURSTART.EXE,CALC.EXE,WINWORD.EXE,CONF.EXE,MSHEARTS.EXE,MSPAINT.EXE,CHROME.EXE,NDSDISK.EXE,MSAGENT.EXE,CMD.EXE,XDICT.EXE,SPIDER.EXE,
PENGUINET.EXE,VERCLSID.EXE,ACCWIZ.EXE,MSHTA.EXE.MUI,ADBERDR11001_EN_US.EXE,OIS.EXE,MSOHTMED.EXE,UNREGMP2.EXE,NTBACKUP.EXE,IE8-WINDOWSXP-X86-CHS.EXE,ACRORD32.EXE,MSTSC.EXE,QQPYCLIPMONITOR.EXE,QQPYSERVICE.EXE,WINLOGON.EXE,PRESENTATIONHOST.EXE,NOTEPAD.EXE,XPSVIEWER.EXE,HAOZIP.EXE,迷你PD~1.EXE,DW20.EXE,EXPLORER.EXE,CFTPPRO.EXE,WORDPAD.EXE,EVERYTHING.EXE,NDSCMDLN.EXE,KLSSLCLIENTPROXY.EXE,FTPTE.EXE,VISIO.EXE,IEXPLORE.EXE,CONF.EXE,CALC.EXE,MYSQLIMPORT.EXE,CAJVIEWERU.EXE,WINWORD.EXE,JAVAW.EXE,MYSQL_EMBEDDED.EXE,CHROME.EXE,MSPAINT.EXE,NDSDISK.EXE,POWERPNT.EXE,MSAGENT.EXE,
VERCLSID.EXE,PENGUINET.EXE,AMD_RADEON-HD3450-256M_A01_R206482.EXE,ADBERDR11001_EN_US.EXE,DEVENV.EXE,REGEDIT.EXE,QQPYCLIPMONITOR.EXE,QQPYSERVICE.EXE,ACRORD32.EXE,WINLOGON.EXE,MMC.EXE,IEXPLORE.EXE.MUI,MSTSC.EXE,HAOZIP.EXE,EXPLORER.EXE,XPSVIEWER.EXE,NOTEPAD.EXE,CFTPPRO.EXE,EVERYTHING.EXE,WORDPAD.EXE,NDSCMDLN.EXE,IEXPLORE.EXE,FTPTE.EXE,VISIO.EXE,WINWORD.EXE,RUNDLL32.EXE,CALC.EXE,XDICT.EXE,MSAGENT.EXE,NDSDISK.EXE,CHROME.EXE,WINSCP.EXE,
PENGUINET.EXE,PING.EXE,VERCLSID.EXE,ACCWIZ.EXE,MSHTA.EXE.MUI,EXCEL.EXE,VMWARE.EXE,WINSCP527SETUP.3933986951.EXE,VPXCLIENT.EXE,FIREFOX.EXE,MSOHTMED.EXE,UNREGMP2.EXE,NTBACKUP.EXE,WINLOGON.EXE,ACRORD32.EXE,QQPYSERVICE.EXE,QQPYCLIPMONITOR.EXE,MSTSC.EXE,BSPSETUP32AND64-NEW.EXE,BSPSETUP32AND64.EXE,PRESENTATIONHOST.EXE,EXPLORER.EXE,VMWARE-WORKSTATION-FULL-10.0.0-1295980.EXE,NOTEPAD.EXE,XPSVIEWER.EXE,FRT610DRIVERSINSTALLER.EXE,FFACTIVEX-SETUP-R39.EXE,HAOZIP.EXE,迷你PD~1.EXE,EVERYTHING.EXE,NETCOFFER.EXE,WORDPAD.EXE,CFTPPRO.EXE,IEXPLORE.EXE,FTPTE.EXE,WINWORD.EXE,CONF.EXE,JAVAW.EXE,CAJVIEWERU.EXE,NDSDISK.EXE,CMD.EXE,CHROME.EXE,
PENGUINET.EXE,EXCEL.EXE,VERCLSID.EXE,ACRORD32.EXE,WINLOGON.EXE,QQPYCLIPMONITOR.EXE,QQPYSERVICE.EXE,CHNGPIN.EXE,EXPLORER.EXE,NETCOFFER.EXE,IEXPLORE.EXE,WINWORD.EXE,MSAGENT.EXE,NDSDISK.EXE,CHROME.EXE,KLMON.EXE,


TORTOISEPROC.EXE,VERCLSID.EXE,MSOHTMED.EXE,WINLOGON.EXE,ACRORD32.EXE,QQPYCLIPMONITOR.EXE,QQPYSERVICE.EXE,EXPLORER.EXE,NETCOFFER.EXE,CFTPPRO.EXE,WORDPAD.EXE,IEXPLORE.EXE,FTPTE.EXE,CALC.EXE,WINWORD.EXE,RUNDLL32.EXE,CHROME.EXE,NDSDISK.EXE,MSAGENT.EXE,XDICT.EXE,
VERCLSID.EXE,EXCEL.EXE,PENGUINET.EXE,QQPYSERVICE.EXE,QQPYCLIPMONITOR.EXE,ACRORD32.EXE,WINLOGON.EXE,HAOZIP.EXE,EXPLORER.EXE,EVERYTHING.EXE,VMWARE-TRAY.EXE,KLSSLCLIENTPROXY.EXE,CFTPPRO.EXE,CTFMON.EXE,FTPTE.EXE,IEXPLORE.EXE,MSAGENT.EXE,NDSDISK.EXE,CHROME.EXE,
VERCLSID.EXE,PENGUINET.EXE,QQPYCLIPMONITOR.EXE,QQPYSERVICE.EXE,ACRORD32.EXE,WINLOGON.EXE,VSJITDEBUGGER.EXE,EXPLORER.EXE,HAOZIP.EXE,EVERYTHING.EXE,NETCOFFER.EXE,VMWARE-TRAY.EXE,KLSSLCLIENTPROXY.EXE,CFTPPRO.EXE,IEXPLORE.EXE,CTFMON.EXE,FTPTE.EXE,WINWORD.EXE,MSAGENT.EXE,NDSDISK.EXE,CHROME.EXE,
VERCLSID.EXE,WIRESHARK.EXE,EXCEL.EXE,WINSCP527SETUP.3933986951.EXE,ACRORD32.EXE,WINLOGON.EXE,QQPYCLIPMONITOR.EXE,QQPYSERVICE.EXE,EXPLORER.EXE,DW20.EXE,HAOZIP.EXE,XPSVIEWER.EXE,VMWARE-WORKSTATION-FULL-10.0.0-1295980.EXE,CFTPPRO.EXE,KLSSLCLIENTPROXY.EXE,NDSCMDLN.EXE,EVERYTHING.EXE,FTPTE.EXE,IEXPLORE.EXE,VISIO.EXE,WINWORD.EXE,QQPYLIVEUP.EXE,MSAGENT.EXE,NDSDISK.EXE,CHROME.EXE,
VERCLSID.EXE,VMWARE.EXE,HPRSNAP6.EXE,QQPYCLIPMONITOR.EXE,QQPYSERVICE.EXE,APPROVEMANAGER.EXE,WINLOGON.EXE,ACRORD32.EXE,MSTSC.EXE,XPSVIEWER.EXE,EXPLORER.EXE,HAOZIP.EXE,NOTEPAD.EXE,KLSSLCLIENTPROXY.EXE,VMWARE-TRAY.EXE,NETCOFFER.EXE,PYTHONW.EXE,EVERYTHING.EXE,CFTPPRO.EXE,IEXPLORE.EXE,VISIO.EXE,FTPTE.EXE,RUNDLL32.EXE,WINWORD.EXE,MSAGENT.EXE,NDSDISK.EXE,POWERPNT.EXE,CHROME.EXE,


VERCLSID.EXE,TORTOISEPROC.EXE,PENGUINET.EXE,PING.EXE,EXCEL.EXE,TSVNCACHE.EXE,VPXCLIENT.EXE,VMWARE.EXE,WINLOGON.EXE,ACRORD32.EXE,QQPYCLIPMONITOR.EXE,QQPYSERVICE.EXE,HAOZIP.EXE,DW20.EXE,EXPLORER.EXE,EVERYTHING.EXE,PYTHONW.EXE,TASKMGR.EXE,IEXPLORE.EXE,WINWORD.EXE,CALC.EXE,POWERPNT.EXE,NDSDISK.EXE,CMD.EXE,
PENGUINET.EXE,VERCLSID.EXE,EXCEL.EXE,PING.EXE,HPRSNAP6.EXE,VMWARE.EXE,ACRORD32.EXE,APPROVEMANAGER.EXE,WINLOGON.EXE,QQPYCLIPMONITOR.EXE,QQPYSERVICE.EXE,MSTSC.EXE,XPSVIEWER.EXE,HAOZIP.EXE,EXPLORER.EXE,NDSCMDLN.EXE,EVERYTHING.EXE,NETCOFFER.EXE,VMWARE-TRAY.EXE,KLSSLCLIENTPROXY.EXE,CFTPPRO.EXE,CTFMON.EXE,IEXPLORE.EXE,FTPTE.EXE,WINWORD.EXE,MSAGENT.EXE,NDSDISK.EXE,POWERPNT.EXE,CMD.EXE,
PENGUINET.EXE,VERCLSID.EXE,EXCEL.EXE,ACRORD32.EXE,QQPYCLIPMONITOR.EXE,APPROVEMANAGER.EXE,WINLOGON.EXE,HAOZIP.EXE,EXPLORER.EXE,CFTPPRO.EXE,EVERYTHING.EXE,KLSSLCLIENTPROXY.EXE,FTPTE.EXE,IEXPLORE.EXE,WINWORD.EXE,CAJVIEWERU.EXE,CALC.EXE,POWERPNT.EXE,MSAGENT.EXE,NDSDISK.EXE,
VERCLSID.EXE,PENGUINET.EXE,EXCEL.EXE,KUI.EXE,KLSCLIENT.EXE,CONIME.EXE,TSVNCACHE.EXE,ACCWIZ.EXE,MSHTA.EXE.MUI,用户安装包.EXE,VMWARE.EXE,QQPYCLIPMONITOR.EXE,QQPYSERVICE.EXE,APPROVEMANAGER.EXE,ACRORD32.EXE,WINLOGON.EXE,UNINS000.EXE,MSTSC.EXE,UNREGMP2.EXE,NTBACKUP.EXE,CHNGPIN.EXE,EXPLORER.EXE,HAOZIP.EXE,DW20.EXE,SC.EXE,DWTRIG20.EXE,REGSVR32.EXE,VSJITDEBUGGER.EXE,XPSVIEWER.EXE,DE2.EXE,PRESENTATIONHOST.EXE,NOTEPAD.EXE,COFFERCFG.EXE,MSHTA.EXE,EVERYTHING.EXE,NETCOFFER.EXE,KLSSLCLIENTPROXY.EXE,CFTPPRO.EXE,NDSCMDLN.EXE,WORDPAD.EXE,TASKMGR.EXE,VMWARE-TRAY.EXE,VISIO.EXE,IEXPLORE.EXE,FTPTE.EXE,CTFMON.EXE,MSAGENT_SETUP.EXE,WINWORD.EXE,INSTALL.EXE,LOGONMAN.EXE,MONITOR.EXE,CONF.EXE,RUNDLL32.EXE,MSAGENT.EXE,NDSDISK.EXE,UPDSHL.EXE,CMD.EXE,CHROME.EXE,
VERCLSID.EXE,PENGUINET.EXE,KUI.EXE,KLSCLIENT.EXE,TORTOISEPROC.EXE,EXCEL.EXE,OIS.EXE,ACRORD32.EXE,APPROVEMANAGER.EXE,WINLOGON.EXE,QQPYCLOUD.EXE,QQPYSERVICE.EXE,QQPYCLIPMONITOR.EXE,HAOZIP.EXE,EXPLORER.EXE,迷你PD~1.EXE,XPSVIEWER.EXE,NOTEPAD.EXE,EVERYTHING.EXE,CFTPPRO.EXE,IEXPLORE.EXE,CTFMON.EXE,QQPYCONFIG.EXE,FTPTE.EXE,CAJVIEWERU.EXE,LOGONMAN.EXE,MONITOR.EXE,RSMAIN.EXE,WINWORD.EXE,QQPYLIVEUP.EXE,NDSDISK.EXE,MSPAINT.EXE,POWERPNT.EXE,


VERCLSID.EXE,KUI.EXE,KLSCLIENT.EXE,TORTOISEPROC.EXE,PENGUINET.EXE,EXCEL.EXE,ACRORD32.EXE,QQPYCLIPMONITOR.EXE,QQPYSERVICE.EXE,WINLOGON.EXE,APPROVEMANAGER.EXE,EXPLORER.EXE,DW20.EXE,NOTEPAD.EXE,XPSVIEWER.EXE,NDSCMDLN.EXE,CFTPPRO.EXE,IEXPLORE.EXE,FTPTE.EXE,CTFMON.EXE,WINWORD.EXE,LOGONMAN.EXE,MONITOR.EXE,CALC.EXE,POWERPNT.EXE,NDSDISK.EXE,CHROME.EXE,
VERCLSID.EXE,PENGUINET.EXE,EXCEL.EXE,KUI.EXE,KLSCLIENT.EXE,CONIME.EXE,PING.EXE,ACRORD32.EXE,QQPYCLIPMONITOR.EXE,APPROVEMANAGER.EXE,WINLOGON.EXE,QQPYSERVICE.EXE,XPSVIEWER.EXE,EXPLORER.EXE,NDSCMDLN.EXE,CFTPPRO.EXE,CTFMON.EXE,IEXPLORE.EXE,FTPTE.EXE,WINWORD.EXE,LOGONMAN.EXE,MONITOR.EXE,POWERPNT.EXE,MSAGENT.EXE,NDSDISK.EXE,CMD.EXE,
KUI.EXE,KLSCLIENT.EXE,VERCLSID.EXE,EXCEL.EXE,FIREFOX.EXE,VMWARE.EXE,QQPYCLIPMONITOR.EXE,QQPYSERVICE.EXE,ACRORD32.EXE,WINLOGON.EXE,MSTSC.EXE,NOTEPAD.EXE,KLDWNCRL.EXE,DWTRIG20.EXE,EXPLORER.EXE,OFFICE 2007文件格式兼容包12.0.6021.5000.EXE,HAOZIP.EXE,CFTPPRO.EXE,EVERYTHING.EXE,NETCOFFER.EXE,VMWARE-TRAY.EXE,PYTHONW.EXE,NDSCMDLN.EXE,FTPTE.EXE,IEXPLORE.EXE,NDSDTSR.EXE,CTFMON.EXE,QQPYCONFIG.EXE,LOGONMAN.EXE,MONITOR.EXE,WINWORD.EXE,QQPYLIVEUP.EXE,CHROME.EXE,POWERPNT.EXE,MSAGENT.EXE,UPDSHL.EXE,NDSDISK.EXE,PYTHON.EXE,
VERCLSID.EXE,EXCEL.EXE,KUI.EXE,KLSCLIENT.EXE,PENGUINET.EXE,PING.EXE,VMWARE.EXE,QQPYSERVICE.EXE,ACRORD32.EXE,GETKOALINFO.EXE,WINLOGON.EXE,QQPYCLIPMONITOR.EXE,MSTSC.EXE,XPSVIEWER.EXE,DWTRIG20.EXE,CFTPPRO.EXE,EVERYTHING.EXE,VMWARE-TRAY.EXE,FTPTE.EXE,IEXPLORE.EXE,CTFMON.EXE,QQPYLIVEUP.EXE,LOGONMAN.EXE,MONITOR.EXE,POWERPNT.EXE,MSAGENT.EXE,UPDSHL.EXE,NDSDISK.EXE,CMD.EXE,
VERCLSID.EXE,EXCEL.EXE,PENGUINET.EXE,KUI.EXE,KLSCLIENT.EXE,PING.EXE,VMWARE.EXE,ACRORD32.EXE,APPROVEMANAGER.EXE,WINLOGON.EXE,QQPYCLIPMONITOR.EXE,QQPYSERVICE.EXE,INSIGHT3.EXE,NOTEPAD.EXE,XPSVIEWER.EXE,DW20.EXE,KLDWNCRL.EXE,DWTRIG20.EXE,EXPLORER.EXE,HAOZIP.EXE,VMWARE-TRAY.EXE,PYTHONW.EXE,EVERYTHING.EXE,NETCOFFER.EXE,IEXPLORE.EXE,NDSDTSR.EXE,CTFMON.EXE,LOGONMAN.EXE,MONITOR.EXE,WINWORD.EXE,POWERPNT.EXE,COPLOCKSRV.EXE,MSAGENT.EXE,UPDSHL.EXE,NDSDISK.EXE,CMD.EXE,CHROME.EXE,NAVICAT.EXE,


PENGUINET.EXE,PING.EXE,TORTOISEPROC.EXE,TSVNCACHE.EXE,KUI.EXE,KLSCLIENT.EXE,VERCLSID.EXE,VMWARE.EXE,VPXCLIENT.EXE,WINSCP527SETUP.3933986951.EXE,ACRORD32.EXE,WINLOGON.EXE,QQPYSERVICE.EXE,QQPYCLOUD.EXE,QQPYCLIPMONITOR.EXE,APPROVEMANAGER.EXE,MSTSC.EXE,DW20.EXE,EXPLORER.EXE,XPSVIEWER.EXE,DWTRIG20.EXE,VMWARE-WORKSTATION-FULL-10.0.0-1295980.EXE,HAOZIP.EXE,TASKMGR.EXE,VMWARE-TRAY.EXE,EVERYTHING.EXE,IEXPLORE.EXE,NDSDTSR.EXE,CTFMON.EXE,WINWORD.EXE,LOGONMAN.EXE,MONITOR.EXE,CMD.EXE,NDSDISK.EXE,MSAGENT.EXE,UPDSHL.EXE,CHROME.EXE,
TORTOISEPROC.EXE,VERCLSID.EXE,PENGUINET.EXE,KUI.EXE,KLSCLIENT.EXE,WINSCP527SETUP.3933986951.EXE,VMWARE.EXE,MSTSC.EXE,QQPYCLOUD.EXE,QQPYSERVICE.EXE,ACRORD32.EXE,QQPYCLIPMONITOR.EXE,APPROVEMANAGER.EXE,WINLOGON.EXE,VMWARE-WORKSTATION-FULL-10.0.0-1295980.EXE,HAOZIP.EXE,XPSVIEWER.EXE,NOTEPAD.EXE,DWTRIG20.EXE,EXPLORER.EXE,NDSCMDLN.EXE,CFTPPRO.EXE,VMWARE-TRAY.EXE,QQPYCONFIG.EXE,NDSDTSR.EXE,CTFMON.EXE,IEXPLORE.EXE,FTPTE.EXE,DAEMONTOOLS_10.5.1.230.EXE,QQPYLIVEUP.EXE,CALC.EXE,WINWORD.EXE,LOGONMAN.EXE,MONITOR.EXE,CHROME.EXE,CMD.EXE,UPDSHL.EXE,MSAGENT.EXE,NDSDISK.EXE,POWERPNT.EXE,
PING.EXE,KUI.EXE,KLSCLIENT.EXE,BDBROWSERSETUP-7.0.500.426-75_11000002.EXE,TORTOISEPROC.EXE,VERCLSID.EXE,VMWARE_WORKSTATION_FULL_12.5.2.EXE,ADBERDR11001_EN_US.EXE,VMWARE.EXE,WOPTISETUP.EXE,QQPINYIN_SETUP_5.2.3051.400.EXE,WINSCP527SETUP.3933986951.EXE,MSTSC.EXE,APPROVEMANAGER.EXE,GETKOALINFO.EXE,WINLOGON.EXE,ACRORD32.EXE,QQPYCLIPMONITOR.EXE,QQPYSERVICE.EXE,MICROSOFT.NET.EXE,DOTNETFX_2.0.EXE,HAOZIP.EXE,DWTRIG20.EXE,EXPLORER.EXE,SSH-3.2.0.EXE,VMWARE-WORKSTATION-FULL-10.0.0-1295980.EXE,XPSVIEWER.EXE,CFTPPRO.EXE,VMWARE-TRAY.EXE,EVERYTHING.EXE,RJ_AU3434.EXE,XSHELL5.EXE,IEXPLORE.EXE,FTPTE.EXE,NDSDTSR.EXE,CTFMON.EXE,RAVSETUP_ESP.EXE,DAEMONTOOLS_10.5.1.230.EXE,CHROMEFORXP_49.0.2623.112_SETUP.EXE,WINWORD.EXE,LOGONMAN.EXE,MONITOR.EXE,QQPYLIVEUP.EXE,NDP452-KB2901907-X86-X64.EXE,CMD.EXE,CHROME.EXE,UPDSHL.EXE,MSAGENT.EXE,NDSDISK.EXE,INSTALL_FLASH_PLAYER.EXE,
CONIME.EXE,KUI.EXE,KLSCLIENT.EXE,PING.EXE,VERCLSID.EXE,EXCEL.EXE,EVERYTHING-1.3.4.686.X64-SETUP.1418106344.EXE,VMWARE_WORKSTATION_FULL_12.5.2.EXE,CUTEFTPV9.0.5.0007中文完美破解版@82_165.EXE,SCRT734_X86_V8.0.4_SETUP.EXE,IE浏览器@411_22998.EXE,FOXMAIL-SETUP.EXE,YIJIANGHOST_11.2.2017.1217.EXE,WINSCP527SETUP.3933986951.EXE,ACRORD32.EXE,APPROVEMANAGER.EXE,QQPYCLIPMONITOR.EXE,WINLOGON.EXE,MSTSC.EXE,WINRAR-X64-540SCP.EXE,QQPYSERVICE.EXE,EXPLORER.EXE,DW20.EXE,HAOZIP.EXE,FIREFOX_51.0.1.6234_SETUP.EXE,CAJVIEWER_7.2.113.0.EXE,NOTEPAD.EXE,XPSVIEWER.EXE,VMWARE-WORKSTATION-FULL-10.0.0-1295980.EXE,NDSCMDLN.EXE,QQPINYIN_SETUP_5.5.3700.400.EXE,NERO2014-15.0.07700_TRIAL.1400060445.EXE,ADBERDR11010_EN_US.EXE,XSHELL_5.0.0.37_SETUP.1459931786.EXE,UC_CHINESE_64.EXE,CFTPPRO.EXE,VISIO.EXE,IEXPLORE.EXE,SOURCEINSIGHT_V3.5.83.0_SETUP.EXE,RAVSETUP_ESP.EXE,FLASHPLAYER_24_AX_DEBUG_24.0.0.221.EXE,WIRESHARK_WIN32_2.2.1.0.EXE,FTPTE.EXE,DAEMONTOOLS_10.5.1.230.EXE,LOGONMAN.EXE,MONITOR.EXE,WINWORD.EXE,SSHSECURESHELLCLIENT-3.2.9.EXE,CHROMESTANDALONE_56.0.2924.87_SETUP.EXE,WINSCP_5.9.3.7136_SETUP.EXE,NDSDISK.EXE,CMD.EXE,MSAGENT.EXE,WINRARSETUP@81_89734.EXE,VISIOPROFESSIONAL_X86_ZH-CN.EXE,POWERWORD_2016.3.1.248.EXE,OPENLDAPFORWINDOWS_X64.EXE,
EXCEL.EXE,VERCLSID.EXE,KUI.EXE,KLSCLIENT.EXE,PING.EXE,VMWARE.EXE,WINSCP527SETUP.3933986951.EXE,ACRORD32.EXE,QQPYCLIPMONITOR.EXE,QQPYSERVICE.EXE,APPROVEMANAGER.EXE,WINLOGON.EXE,MSTSC.EXE,NOTEPAD.EXE,DWTRIG20.EXE,XPSVIEWER.EXE,VMWARE-WORKSTATION-FULL-10.0.0-1295980.EXE,EVERYTHING.EXE,CFTPPRO.EXE,NDSCMDLN.EXE,VMWARE-TRAY.EXE,NETCOFFER.EXE,IPCONFIG.EXE,FTPTE.EXE,NDSDTSR.EXE,CTFMON.EXE,IEXPLORE.EXE,VISIO.EXE,DAEMONTOOLS_10.5.1.230.EXE,LOGONMAN.EXE,MONITOR.EXE,CHROME.EXE,NDSDISK.EXE,MSAGENT.EXE,UPDSHL.EXE,POWERPNT.EXE,CMD.EXE,
EXCEL.EXE,KUI.EXE,KLSCLIENT.EXE,VERCLSID.EXE,EVERYTHING-1.3.4.686.X64-SETUP.1418106344.EXE,WINSCP527SETUP.3933986951.EXE,SCRT734_X86_V8.0.4_SETUP.EXE,IE浏览器@411_22998.EXE,FOXMAIL-SETUP.EXE,WINLOGON.EXE,ACRORD32.EXE,QQPYCLIPMONITOR.EXE,QQPYSERVICE.EXE,APPROVEMANAGER.EXE,QQPYCLOUD.EXE,MSTSC.EXE,EXPLORER.EXE,NOTEPAD.EXE,VMWARE-WORKSTATION-FULL-10.0.0-1295980.EXE,FIREFOX_51.0.1.6234_SETUP.EXE,CAJVIEWER_7.2.113.0.EXE,CLVIEW.EXE,NDSCMDLN.EXE,CFTPPRO.EXE,QQPINYIN_SETUP_5.5.3700.400.EXE,NERO2014-15.0.07700_TRIAL.1400060445.EXE,ADBERDR11010_EN_US.EXE,IEXPLORE.EXE,CTFMON.EXE,FTPTE.EXE,DAEMONTOOLS_10.5.1.230.EXE,SOURCEINSIGHT_V3.5.83.0_SETUP.EXE,RAVSETUP_ESP.EXE,FLASHPLAYER_24_AX_DEBUG_24.0.0.221.EXE,WINWORD.EXE,LOGONMAN.EXE,MONITOR.EXE,SSHSECURESHELLCLIENT-3.2.9.EXE,CHROMESTANDALONE_56.0.2924.87_SETUP.EXE,NDP452-KB2901907-X86-X64.EXE,NDSDISK.EXE,WINRARSETUP@81_89734.EXE,VISIOPROFESSIONAL_X86_ZH-CN.EXE,SECURECRT8.0.3_KEYGEN.EXE,
VERCLSID.EXE,EXCEL.EXE,KLSCLIENT.EXE,KUI.EXE,SSLVPNREDIRECTOR.EXE,WINRAR3.6.EXE,WINDOWS LOADER.EXE,ACRORD32.EXE,QQPYCLIPMONITOR.EXE,APPROVEMANAGER.EXE,WINLOGON.EXE,SOGOU_PINYIN_80K.EXE,KMS10.EXE,.NET FRAMEWORK 4.5.1.EXE,AMT_J1100166.EXE,QQPYSERVICE.EXE,EXPLORER.EXE,鲁大师_3.70.EXE,DWTRIG20.EXE,HAOZIP.EXE,XPSVIEWER.EXE,CFTPPRO.EXE,OEM7Y2.4.EXE,AUTORUN.EXE,MEI_K8AMTC5US17.EXE,IRST_U1RAU09US17.EXE,CHIPSET_K1CHP06US17.EXE,AUDIO_G7AUD26US17.EXE,ACPI_J1100227_1_DM1.EXE,EVERYTHING.EXE,FTPTE.EXE,CTFMON.EXE,VISIO.EXE,IEXPLORE.EXE,OEM7F7.EXE,LAN_K2ETNA2US17.EXE,CARDREADER_J1100165.EXE,WINWORD.EXE,LOGONMAN.EXE,MONITOR.EXE,驱动精灵万能网卡.EXE,DISKGENIUS_4.5.0.1_XIAZAIBA.EXE,USB_W2USB21US17.EXE,POWERPNT.EXE,NDSDISK.EXE,MSAGENT.EXE,OFFICE2010激活.EXE,UPDSHL.EXE,WIN7激活UEFI工具.EXE,CHIPSET_J1100182_DM1.EXE,
SSLVPNREDIRECTOR.EXE,KUI.EXE,KLSCLIENT.EXE,TSVNCACHE.EXE,VERCLSID.EXE,HPPUSG.EXE,IMSCMIG.EXE,JUSCHED.EXE,ACCWIZ.EXE,MSHTA.EXE.MUI,EXCEL.EXE,TORTOISEPROC.EXE,EVERYTHING-1.3.4.686.X64-SETUP.1418106344.EXE,PENGUINET.EXE,PING.EXE,RSTRAY.EXE,WINSCP527SETUP.3933986951.EXE,SCRT734_X86_V8.0.4_SETUP.EXE,IE浏览器@411_22998.EXE,FOXMAIL-SETUP.EXE,VPXCLIENT.EXE,APPROVEMANAGER.EXE,WINLOGON.EXE,GETKOALINFO.EXE,ACRORD32.EXE,IEXPLORE.EXE.MUI,QQPYCLIPMONITOR.EXE,QQPYSERVICE.EXE,UNREGMP2.EXE,NTBACKUP.EXE,MSTSC.EXE,SCANFRM.EXE,DW20.EXE,KLDWNCRL.EXE,DWTRIG20.EXE,VSJITDEBUGGER.EXE,EXPLORER.EXE,PRESENTATIONHOST.EXE,NOTEPAD.EXE,XPSVIEWER.EXE,VMWARE-WORKSTATION-FULL-10.0.0-1295980.EXE,FIREFOX_51.0.1.6234_SETUP.EXE,CAJVIEWER_7.2.113.0.EXE,VMWARE-TRAY.EXE,EVERYTHING.EXE,IMEKLMG.EXE,DAEMON.EXE,RSTRUI.EXE,WORDPAD.EXE,CFTPPRO.EXE,QQPINYIN_SETUP_5.5.3700.400.EXE,NERO2014-15.0.07700_TRIAL.1400060445.EXE,ADBERDR11010_EN_US.EXE,NDSCMDLN.EXE,NDSDTSR.EXE,CTFMON.EXE,TINTSETP.EXE,RAVTRAY.EXE,IEXPLORE.EXE,TOURSTART.EXE,MIGWIZ.EXE,FTPTE.EXE,DAEMONTOOLS_10.5.1.230.EXE,SOURCEINSIGHT_V3.5.83.0_SETUP.EXE,RAVSETUP_ESP.EXE,FLASHPLAYER_24_AX_DEBUG_24.0.0.221.EXE,LOGONMAN.EXE,MONITOR.EXE,ADOBEARM.EXE,MSHEARTS.EXE,RUNDLL32.EXE,WINWORD.EXE,CONF.EXE,CALC.EXE,SSHSECURESHELLCLIENT-3.2.9.EXE,CHROMESTANDALONE_56.0.2924.87_SETUP.EXE,MSAGENT.EXE,COPLOCKSRV.EXE,UPDSHL.EXE,IMJPMIG.EXE,UPDATECLT.EXE,NDSDISK.EXE,SPIDER.EXE,KLMON.EXE,POWERPNT.EXE,WINRARSETUP@81_89734.EXE,VISIOPROFESSIONAL_X86_ZH-CN.EXE,FIREFOX_50.1.0.6186_SETUP.EXE,CMD.EXE,CHROME.EXE,
KLSCLIENT.EXE,KUI.EXE,EVERYTHING-1.3.4.686.X64-SETUP.1418106344.EXE,VERCLSID.EXE,TORTOISEPROC.EXE,DEVENV.EXE,PENGUINET.EXE,EXCEL.EXE,ACCWIZ.EXE,MSHTA.EXE.MUI,MSIMN.EXE,WINSCP527SETUP.3933986951.EXE,SCRT734_X86_V8.0.4_SETUP.EXE,IE浏览器@411_22998.EXE,FOXMAIL-SETUP.EXE,REGEDIT.EXE,MSTSC.EXE,ACRORD32.EXE,WINLOGON.EXE,QQPYCLIPMONITOR.EXE,QQPYSERVICE.EXE,APPROVEMANAGER.EXE,MMC.EXE,QQPYCLOUD.EXE,IEXPLORE.EXE.MUI,UNREGMP2.EXE,NTBACKUP.EXE,XPSVIEWER.EXE,HAOZIP.EXE,EXPLORER.EXE,VMWARE-WORKSTATION-FULL-10.0.0-1295980.EXE,FIREFOX_51.0.1.6234_SETUP.EXE,CAJVIEWER_7.2.113.0.EXE,COFFERCFG.EXE,DD1.EXE,NOTEPAD.EXE,PRESENTATIONHOST.EXE,迷你PD~1.EXE,CFTPPRO.EXE,QQPINYIN_SETUP_5.5.3700.400.EXE,NERO2014-15.0.07700_TRIAL.1400060445.EXE,ADBERDR11010_EN_US.EXE,NETCOFFER.EXE,NDSCMDLN.EXE,EVERYTHING.EXE,RSTRUI.EXE,VMWARE-TRAY.EXE,WORDPAD.EXE,FTPTE.EXE,IEXPLORE.EXE,CTFMON.EXE,SOURCEINSIGHT_V3.5.83.0_SETUP.EXE,RAVSETUP_ESP.EXE,FLASHPLAYER_24_AX_DEBUG_24.0.0.221.EXE,DAEMONTOOLS_10.5.1.230.EXE,DD2.EXE,TOURSTART.EXE,MIGWIZ.EXE,LOGONMAN.EXE,MONITOR.EXE,RUNDLL32.EXE,VMWARE-VICLIENT-ALL-6.0.0-3562874.EXE,SSHSECURESHELLCLIENT-3.2.9.EXE,CHROMESTANDALONE_56.0.2924.87_SETUP.EXE,WINWORD.EXE,MSHEARTS.EXE,CONF.EXE,CAJVIEWERU.EXE,NDSDISK.EXE,MSAGENT.EXE,WINRARSETUP@81_89734.EXE,WINDOWS6.1-KB976932-X86.EXE,VISIOPROFESSIONAL_X86_ZH-CN.EXE,SPIDER.EXE,UPDATECLT.EXE,
KUI.EXE,KLSCLIENT.EXE,VERCLSID.EXE,OIS.EXE,APPROVEMANAGER.EXE,WINLOGON.EXE,ACRORD32.EXE,QQPYCLIPMONITOR.EXE,QQPYSERVICE.EXE,DWTRIG20.EXE,VSJITDEBUGGER.EXE,EXPLORER.EXE,HAOZIP.EXE,XPSVIEWER.EXE,CFTPPRO.EXE,NDSCMDLN.EXE,CTFMON.EXE,VISIO.EXE,FTPTE.EXE,IEXPLORE.EXE,LOGONMAN.EXE,MONITOR.EXE,WINWORD.EXE,RUNDLL32.EXE,MSAGENT.EXE,UPDSHL.EXE,NDSDISK.EXE,MSPAINT.EXE,
KUI.EXE,KLSCLIENT.EXE,VERCLSID.EXE,SSLVPNREDIRECTOR.EXE,PING.EXE,APPROVEMANAGER.EXE,ACRORD32.EXE,WINLOGON.EXE,QQPYCLIPMONITOR.EXE,QQPYSERVICE.EXE,DWTRIG20.EXE,EXPLORER.EXE,MSHTA.EXE,XPSVIEWER.EXE,HAOZIP.EXE,VMWARE-TRAY.EXE,CFTPPRO.EXE,EVERYTHING.EXE,NDSCMDLN.EXE,IPCONFIG.EXE,NDSDTSR.EXE,CTFMON.EXE,IEXPLORE.EXE,FTPTE.EXE,LOGONMAN.EXE,MONITOR.EXE,WINWORD.EXE,RUNDLL32.EXE,MSAGENT.EXE,UPDSHL.EXE,NDSDISK.EXE,CMD.EXE,
KUI.EXE,KLSCLIENT.EXE,VERCLSID.EXE,DEVENV.EXE,ST6UNST.EXE,UNWISE.EXE,MSOHTMED.EXE,APPROVEMANAGER.EXE,ACRORD32.EXE,WINLOGON.EXE,MMC.EXE,UNINS000.EXE,DWTRIG20.EXE,DW20.EXE,EXPLORER.EXE,HAOZIP.EXE,EVERYTHING.EXE,CFTPPRO.EXE,WORDPAD.EXE,CTFMON.EXE,FTPTE.EXE,IEXPLORE.EXE,LOGONMAN.EXE,MONITOR.EXE,RUNDLL32.EXE,JAVAW.EXE,SECONDCARDDEMO.EXE,UPDSHL.EXE,MSAGENT.EXE,NDSDISK.EXE,CHROME.EXE,


KUI.EXE,KLSCLIENT.EXE,TORTOISEPROC.EXE,TSVNCACHE.EXE,APPROVEMANAGER.EXE,ACRORD32.EXE,WINLOGON.EXE,HAOZIP.EXE,DWTRIG20.EXE,DW20.EXE,EXPLORER.EXE,CFTPPRO.EXE,TASKMGR.EXE,EVERYTHING.EXE,WORDPAD.EXE,FTPTE.EXE,CTFMON.EXE,LOGONMAN.EXE,MONITOR.EXE,RUNDLL32.EXE,MSAGENT.EXE,UPDSHL.EXE,NDSDISK.EXE,CHROME.EXE,
VERCLSID.EXE,KUI.EXE,KLSCLIENT.EXE,TORTOISEPROC.EXE,WINLOGON.EXE,ACRORD32.EXE,APPROVEMANAGER.EXE,QQPYCLIPMONITOR.EXE,QQPYSERVICE.EXE,EXPLORER.EXE,EVERYTHING.EXE,WORDPAD.EXE,CFTPPRO.EXE,FTPTE.EXE,CTFMON.EXE,LOGONMAN.EXE,MONITOR.EXE,NDSDISK.EXE,NAVICAT.EXE,MSAGENT.EXE,UPDSHL.EXE,
KLSCLIENT.EXE,KUI.EXE,APPROVEMANAGER.EXE,ACRORD32.EXE,DWTRIG20.EXE,CTFMON.EXE,LOGONMAN.EXE,MONITOR.EXE,MSAGENT.EXE,NDSDISK.EXE,











