TSTheme.exe,DllHost.exe,PING.EXE,RavUpgrd.exe,MpCmdRun.exe,conhost.exe,RsAgent.exe,DCMgr.exe,wmiprvse.exe,LogonUI.exe,AUDIODG.EXE,taskhost.exe,mobsync.exe,csrss.exe,winlogon.exe,TrustedInstaller.exe,sdiagnhost.exe,csc.exe,wsqmcons.exe,sdclt.exe,ravhdbak.exe,cvtres.exe,w32tm.exe,scrnsave.scr,rundll32.exe,SearchProtocolHost.exe,rav.exe,slui.exe,svchost.exe,rdpclip.exe,schtasks.exe,aitagent.EXE,vssvc.exe,SearchFilterHost.exe,


splwow64.exe,PING.EXE,conhost.exe,powercfg.exe,MpCmdRun.exe,RavUpgrd.exe,devenv.exe,DCMgr.exe,taskhost.exe,LogonUI.exe,sdiagnhost.exe,csc.exe,TrustedInstaller.exe,sc.exe,sdclt.exe,wsqmcons.exe,defrag.exe,wermgr.exe,cvtres.exe,w32tm.exe,mscorsvw.exe,WMIADAP.EXE,rundll32.exe,SearchProtocolHost.exe,lpremove.exe,scrnsave.scr,svchost.exe,schtasks.exe,slui.exe,WINWORD.EXE,aitagent.EXE,SearchFilterHost.exe,vssvc.exe,
DllHost.exe,RavUpgrd.exe,MpCmdRun.exe,conhost.exe,DCMgr.exe,taskhost.exe,mobsync.exe,LogonUI.exe,sdclt.exe,explorer.exe,wsqmcons.exe,SearchProtocolHost.exe,scrnsave.scr,rundll32.exe,slui.exe,svchost.exe,schtasks.exe,SearchFilterHost.exe,aitagent.EXE,vssvc.exe,
TSTheme.exe,DllHost.exe,RavUpgrd.exe,conhost.exe,MpCmdRun.exe,TortoiseProc.exe,DCMgr.exe,csrss.exe,winlogon.exe,LogonUI.exe,AUDIODG.EXE,taskhost.exe,mstsc.exe,mobsync.exe,NOTEPAD.EXE,defrag.exe,sdclt.exe,wsqmcons.exe,explorer.exe,scrnsave.scr,rundll32.exe,SearchProtocolHost.exe,rdpclip.exe,slui.exe,svchost.exe,schtasks.exe,SearchFilterHost.exe,
TSTheme.exe,DllHost.exe,MpCmdRun.exe,conhost.exe,RavUpgrd.exe,DCMgr.exe,devenv.exe,taskhost.exe,AUDIODG.EXE,NOTEPAD.EXE,csrss.exe,winlogon.exe,LogonUI.exe,mobsync.exe,defrag.exe,explorer.exe,wermgr.exe,rundll32.exe,SearchProtocolHost.exe,cmd.exe,ipconfig.exe,WMIADAP.EXE,svchost.exe,slui.exe,rdpclip.exe,aitagent.EXE,SearchFilterHost.exe,vssvc.exe,










DllHost.exe,consent.exe,PING.EXE,TSTheme.exe,splwow64.exe,RavUpgrd.exe,MpCmdRun.exe,conhost.exe,powercfg.exe,TortoiseProc.exe,DCMgr.exe,devenv.exe,taskhost.exe,LogonUI.exe,sdiagnhost.exe,csc.exe,mobsync.exe,TrustedInstaller.exe,AUDIODG.EXE,csrss.exe,winlogon.exe,WinRAR.exe,NOTEPAD.EXE,defrag.exe,sc.exe,sdclt.exe,wsqmcons.exe,wermgr.exe,cvtres.exe,w32tm.exe,explorer.exe,scrnsave.scr,rundll32.exe,mscorsvw.exe,SearchProtocolHost.exe,WMIADAP.EXE,lpremove.exe,slui.exe,svchost.exe,schtasks.exe,WINWORD.EXE,rdpclip.exe,aitagent.EXE,iexplore.exe,SearchFilterHost.exe,vssvc.exe,

TSTheme.exe,PING.EXE,splwow64.exe,consent.exe,DllHost.exe,conhost.exe,MpCmdRun.exe,RavUpgrd.exe,DCMgr.exe,csrss.exe,winlogon.exe,LogonUI.exe,mstsc.exe,taskhost.exe,WinRAR.exe,AUDIODG.EXE,NOTEPAD.EXE,WORDPAD.EXE,wermgr.exe,wsqmcons.exe,SearchProtocolHost.exe,cmd.exe,scrnsave.scr,rundll32.exe,rdpclip.exe,WINWORD.EXE,slui.exe,svchost.exe,schtasks.exe,SearchFilterHost.exe,vssvc.exe,

DllHost.exe,RavUpgrd.exe,conhost.exe,MpCmdRun.exe,devenv.exe,DCMgr.exe,taskhost.exe,LogonUI.exe,explorer.exe,sdclt.exe,wsqmcons.exe,defrag.exe,wermgr.exe,mscorsvw.exe,SearchProtocolHost.exe,WMIADAP.EXE,rundll32.exe,scrnsave.scr,svchost.exe,schtasks.exe,slui.exe,SearchFilterHost.exe,aitagent.EXE,


TSTheme.exe,DllHost.exe,splwow64.exe,mspaint.exe,PING.EXE,consent.exe,conhost.exe,RavUpgrd.exe,TSVNCache.exe,MpCmdRun.exe,DCMgr.exe,helppane.exe,csrss.exe,winlogon.exe,LogonUI.exe,mstsc.exe,taskhost.exe,sdiagnhost.exe,csc.exe,AUDIODG.EXE,mobsync.exe,explorer.exe,sdclt.exe,wsqmcons.exe,wermgr.exe,cvtres.exe,w32tm.exe,sc.exe,SearchProtocolHost.exe,rundll32.exe,lpremove.exe,mscorsvw.exe,WMIADAP.EXE,scrnsave.scr,rdpclip.exe,schtasks.exe,WINWORD.EXE,slui.exe,svchost.exe,SearchFilterHost.exe,vssvc.exe,aitagent.EXE,iexplore.exe,
DllHost.exe,consent.exe,MSOXMLED.EXE,splwow64.exe,TSTheme.exe,EXCEL.EXE,TortoiseProc.exe,RavUpgrd.exe,MpCmdRun.exe,conhost.exe,RsAgent.exe,powercfg.exe,qChain.exe,DCMgr.exe,devenv.exe,mobsync.exe,taskhost.exe,NOTEPAD.EXE,LogonUI.exe,TrustedInstaller.exe,csrss.exe,winlogon.exe,AUDIODG.EXE,mstsc.exe,taskmgr.exe,explorer.exe,wsqmcons.exe,sdclt.exe,defrag.exe,wermgr.exe,SearchProtocolHost.exe,scrnsave.scr,rundll32.exe,rav.exe,mscorsvw.exe,WMIADAP.EXE,svchost.exe,slui.exe,schtasks.exe,WINWORD.EXE,rdpclip.exe,SearchFilterHost.exe,iexplore.exe,aitagent.EXE,vssvc.exe,WerFault.exe,


DllHost.exe,conhost.exe,devenv.exe,regsvr32.exe,taskhost.exe,sdclt.exe,wsqmcons.exe,mscorsvw.exe,WMIADAP.EXE,SearchProtocolHost.exe,svchost.exe,schtasks.exe,SearchFilterHost.exe,


DllHost.exe,PING.EXE,conhost.exe,MpCmdRun.exe,RavUpgrd.exe,DCMgr.exe,regsvr32.exe,taskhost.exe,sdiagnhost.exe,csc.exe,LogonUI.exe,wermgr.exe,sc.exe,sdclt.exe,wsqmcons.exe,defrag.exe,cvtres.exe,w32tm.exe,SearchProtocolHost.exe,mscorsvw.exe,WMIADAP.EXE,rundll32.exe,lpremove.exe,scrnsave.scr,svchost.exe,schtasks.exe,slui.exe,SearchFilterHost.exe,aitagent.EXE,vssvc.exe,
DllHost.exe,consent.exe,MpCmdRun.exe,conhost.exe,RavUpgrd.exe,TortoiseProc.exe,devenv.exe,DCMgr.exe,LogonUI.exe,taskhost.exe,mobsync.exe,wsqmcons.exe,sdclt.exe,scrnsave.scr,rundll32.exe,SearchProtocolHost.exe,slui.exe,schtasks.exe,aitagent.EXE,SearchFilterHost.exe,vssvc.exe,iexplore.exe,
DllHost.exe,RavUpgrd.exe,conhost.exe,MpCmdRun.exe,DCMgr.exe,mobsync.exe,LogonUI.exe,taskhost.exe,defrag.exe,wsqmcons.exe,sdclt.exe,ravhdbak.exe,scrnsave.scr,SearchProtocolHost.exe,slui.exe,svchost.exe,schtasks.exe,SearchFilterHost.exe,
DllHost.exe,MpCmdRun.exe,conhost.exe,RavUpgrd.exe,DCMgr.exe,taskhost.exe,mobsync.exe,LogonUI.exe,sdclt.exe,wsqmcons.exe,SearchProtocolHost.exe,scrnsave.scr,schtasks.exe,SearchFilterHost.exe,











splwow64.exe,DllHost.exe,PING.EXE,MpCmdRun.exe,conhost.exe,powercfg.exe,TortoiseProc.exe,RavUpgrd.exe,devenv.exe,DCMgr.exe,taskhost.exe,sdiagnhost.exe,csc.exe,LogonUI.exe,mobsync.exe,TrustedInstaller.exe,sdclt.exe,wermgr.exe,defrag.exe,cvtres.exe,w32tm.exe,sc.exe,wsqmcons.exe,SearchProtocolHost.exe,rundll32.exe,mscorsvw.exe,WMIADAP.EXE,lpremove.exe,scrnsave.scr,slui.exe,WINWORD.EXE,svchost.exe,schtasks.exe,SearchFilterHost.exe,aitagent.EXE,vssvc.exe,
EXCEL.EXE,splwow64.exe,DllHost.exe,MpCmdRun.exe,conhost.exe,RavUpgrd.exe,TortoiseProc.exe,DCMgr.exe,devenv.exe,LogonUI.exe,taskhost.exe,TrustedInstaller.exe,mobsync.exe,wermgr.exe,defrag.exe,wsqmcons.exe,sdclt.exe,scrnsave.scr,rundll32.exe,mscorsvw.exe,SearchProtocolHost.exe,WMIADAP.EXE,lpremove.exe,slui.exe,svchost.exe,WINWORD.EXE,schtasks.exe,aitagent.EXE,SearchFilterHost.exe,vssvc.exe,



consent.exe,DllHost.exe,TSTheme.exe,EXCEL.EXE,splwow64.exe,userinit.exe,IMSCMIG.EXE,MpCmdRun.exe,conhost.exe,qChain.exe,RavUpgrd.exe,DCMgr.exe,devenv.exe,runonce.exe,RavTray.exe,TMSTrayx64.exe,jusched.exe,mobsync.exe,taskhost.exe,csrss.exe,winlogon.exe,LogonUI.exe,taskmgr.exe,AUDIODG.EXE,Dwm.exe,TfsComProviderSvr.exe,RavTask.exe,TrustedInstaller.exe,wsqmcons.exe,sdclt.exe,explorer.exe,wermgr.exe,Explorer.EXE,defrag.exe,SearchProtocolHost.exe,rundll32.exe,scrnsave.scr,notepad.exe,schtasks.exe,OUTLOOK.EXE,rdpclip.exe,slui.exe,WINWORD.EXE,svchost.exe,efsui.exe,iexplore.exe,SearchFilterHost.exe,vssvc.exe,Adobe Gamma Loader.exe,Everything.exe,Ravmon.exe,GEUU20133.exe,migwiz.exe,aitagent.EXE,




PING.EXE,splwow64.exe,TSTheme.exe,DllHost.exe,RavUpgrd.exe,conhost.exe,MpCmdRun.exe,RsAgent.exe,DCMgr.exe,wmiprvse.exe,LogonUI.exe,AUDIODG.EXE,taskhost.exe,sdiagnhost.exe,csc.exe,mobsync.exe,csrss.exe,winlogon.exe,defrag.exe,cvtres.exe,w32tm.exe,sdclt.exe,wsqmcons.exe,sc.exe,scrnsave.scr,rundll32.exe,SearchProtocolHost.exe,rav.exe,slui.exe,svchost.exe,WINWORD.EXE,rdpclip.exe,schtasks.exe,vssvc.exe,aitagent.EXE,SearchFilterHost.exe,

TSTheme.exe,RavUpgrd.exe,conhost.exe,RsAgent.exe,powercfg.exe,MpCmdRun.exe,DCMgr.exe,devenv.exe,mobsync.exe,taskhost.exe,LogonUI.exe,AUDIODG.EXE,csrss.exe,winlogon.exe,wsqmcons.exe,sdclt.exe,defrag.exe,SearchProtocolHost.exe,rundll32.exe,rav.exe,scrnsave.scr,slui.exe,schtasks.exe,svchost.exe,rdpclip.exe,SearchFilterHost.exe,vssvc.exe,aitagent.EXE,
