VERCLSID.EXE,KLSCLIENT.EXE,EXCEL.EXE,TORTOISEPROC.EXE,360BAOBIAO.EXE,WINRAR.EXE,360PAYINSURE.EXE,ACRORD32.EXE,APPROVEMANAGER.EXE,EXPLORER.EXE,NOTEPAD.EXE,EVERYTHING.EXE,CFTPPRO.EXE,NETCOFFER.EXE,NDSCMDLN.EXE,GVIM.EXE,FTPTE.EXE,PUTTY.EXE,IEXPLORE.EXE,MSAGENT_SETUP.EXE,360BOXMAIN.EXE,WINWORD.EXE,RUNDLL32.EXE,CHROME.EXE,360TRAY.EXE,NDSDISK.EXE,POWERPNT.EXE,
KLSCLIENT.EXE,VERCLSID.EXE,360BAOBIAO.EXE,APPROVEMANAGER.EXE,360PAYINSURE.EXE,ACRORD32.EXE,EXPLORER.EXE,NOTEPAD.EXE,EVERYTHING.EXE,CFTPPRO.EXE,NETCOFFER.EXE,FTPTE.EXE,WINWORD.EXE,360BOXMAIN.EXE,NDSDISK.EXE,360TRAY.EXE,CHROME.EXE,

KLSCLIENT.EXE,UNINST.EXE,VERCLSID.EXE,TORTOISEPROC.EXE,APPROVEMANAGER.EXE,ACRORD32.EXE,NOTEPAD.EXE,XPSVIEWER.EXE,FSCAPTURE.EXE,WINWORD.EXE,RUNDLL32.EXE,CALC.EXE,NDSDISK.EXE,CHROME.EXE,360TRAY.EXE,
VERCLSID.EXE,KLSCLIENT.EXE,WINRAR.EXE,ACRORD32.EXE,NOTEPAD.EXE,EXPLORER.EXE,EVERYTHING.EXE,CFTPPRO.EXE,NETCOFFER.EXE,FTPTE.EXE,PUTTY.EXE,WINWORD.EXE,RUNDLL32.EXE,POWERPNT.EXE,CHROME.EXE,NDSDISK.EXE,
VERCLSID.EXE,KLSCLIENT.EXE,VMWARE.EXE,WINRAR.EXE,ACRORD32.EXE,MSTSC.EXE,XPSVIEWER.EXE,EXPLORER.EXE,NOTEPAD.EXE,CFTPPRO.EXE,NETCOFFER.EXE,EVERYTHING.EXE,FTPTE.EXE,PUTTY.EXE,IEXPLORE.EXE,POWERPNT.EXE,CHROME.EXE,NDSDISK.EXE,
VERCLSID.EXE,EXCEL.EXE,KLSCLIENT.EXE,VMWARE.EXE,ACRORD32.EXE,NOTEPAD.EXE,EXPLORER.EXE,EVERYTHING.EXE,NETCOFFER.EXE,CFTPPRO.EXE,IEXPLORE.EXE,FTPTE.EXE,WINWORD.EXE,CALC.EXE,CHROME.EXE,NDSDISK.EXE,POWERPNT.EXE,
EXCEL.EXE,KLSCLIENT.EXE,VMWARE.EXE,NOTEPAD.EXE,NETCOFFER.EXE,EVERYTHING.EXE,IEXPLORE.EXE,SECURECRT.EXE,PUTTY.EXE,VISIO.EXE,WINWORD.EXE,RUNDLL32.EXE,NDSDISK.EXE,CHROME.EXE,


WIRESHARK.EXE,KLSCLIENT.EXE,TORTOISEPROC.EXE,VERCLSID.EXE,ACRORD32.EXE,NOTEPAD.EXE,XPSVIEWER.EXE,EVERYTHING.EXE,NETCOFFER.EXE,NDSCMDLN.EXE,GVIM.EXE,IEXPLORE.EXE,RUNDLL32.EXE,WINWORD.EXE,CHROME.EXE,NDSDISK.EXE,
EXCEL.EXE,VERCLSID.EXE,PINYINUP.EXE,KLSCLIENT.EXE,TORTOISEPROC.EXE,VMWARE.EXE,WINRAR.EXE,ACRORD32.EXE,EXPLORER.EXE,NOTEPAD.EXE,XPSVIEWER.EXE,EVERYTHING.EXE,NETCOFFER.EXE,NDSCMDLN.EXE,GVIM.EXE,SOGOUCLOUD.EXE,NERO.EXE,FSCAPTURE.EXE,WINWORD.EXE,CAJVIEWERU.EXE,CHROME.EXE,POWERPNT.EXE,NDSDISK.EXE,
KLSCLIENT.EXE,VERCLSID.EXE,VMWARE.EXE,ACRORD32.EXE,NOTEPAD.EXE,EXPLORER.EXE,EVERYTHING.EXE,CFTPPRO.EXE,NETCOFFER.EXE,FTPTE.EXE,WINWORD.EXE,CAJVIEWERU.EXE,NDSDISK.EXE,CHROME.EXE,
KLSCLIENT.EXE,VERCLSID.EXE,APPROVEMANAGER.EXE,ACRORD32.EXE,EXPLORER.EXE,NOTEPAD.EXE,EVERYTHING.EXE,CFTPPRO.EXE,TASKMGR.EXE,FTPTE.EXE,FSCAPTURE.EXE,CAJVIEWERU.EXE,WINWORD.EXE,NDSDISK.EXE,CHROME.EXE,POWERPNT.EXE,
KLSCLIENT.EXE,VERCLSID.EXE,WINRAR.EXE,VMWARE.EXE,ACRORD32.EXE,IPERF.EXE,EXPLORER.EXE,NOTEPAD.EXE,CFTPPRO.EXE,EVERYTHING.EXE,NETCOFFER.EXE,FTPTE.EXE,WINWORD.EXE,NDSDISK.EXE,CHROME.EXE,CMD.EXE,


TORTOISEPROC.EXE,KLSCLIENT.EXE,VERCLSID.EXE,WINRAR.EXE,VMWARE.EXE,ACRORD32.EXE,NOTEPAD.EXE,EXPLORER.EXE,XPSVIEWER.EXE,NETCOFFER.EXE,NDSCMDLN.EXE,EVERYTHING.EXE,CFTPPRO.EXE,FTPTE.EXE,WINWORD.EXE,CALC.EXE,CHROME.EXE,POWERPNT.EXE,
VERCLSID.EXE,KLSCLIENT.EXE,ACRORD32.EXE,XPSVIEWER.EXE,NOTEPAD.EXE,CFTPPRO.EXE,EVERYTHING.EXE,NETCOFFER.EXE,FTPTE.EXE,FSCAPTURE.EXE,WINWORD.EXE,RUNDLL32.EXE,CHROME.EXE,
KLSCLIENT.EXE,KUI.EXE,VERCLSID.EXE,WINRAR.EXE,APPROVEMANAGER.EXE,ACRORD32.EXE,TMSAGENTSETUP_32.EXE,EXPLORER.EXE,NOTEPAD.EXE,TASKMGR.EXE,EVERYTHING.EXE,CFTPPRO.EXE,NDSCMDLN.EXE,IEXPLORE.EXE,FTPTE.EXE,RUNDLL32.EXE,WINWORD.EXE,CALC.EXE,UPDATECLT.EXE,NDSDISK.EXE,CHROME.EXE,




EXCEL.EXE,VERCLSID.EXE,ACRORD32.EXE,TASKMGR.EXE,EVERYTHING.EXE,NERO.EXE,RUNDLL32.EXE,CHROME.EXE,POWERPNT.EXE,
EXCEL.EXE,KLSCLIENT.EXE,VERCLSID.EXE,ACRORD32.EXE,NOTEPAD.EXE,EXPLORER.EXE,XPSVIEWER.EXE,EVERYTHING.EXE,CFTPPRO.EXE,IEXPLORE.EXE,FTPTE.EXE,WINWORD.EXE,CHROME.EXE,POWERPNT.EXE,NDSDISK.EXE,
KLSCLIENT.EXE,EXCEL.EXE,TSVNCACHE.EXE,HPPUSG.EXE,KUI.EXE,MMREMINDERSERVICE.EXE,VMWARE.EXE,WINRAR.EXE,RSTRAY.EXE,ACRORD32.EXE,WINLOGON.EXE,APPROVEMANAGER.EXE,XPSVIEWER.EXE,EXPLORER.EXE,NOTEPAD.EXE,DW20.EXE,KLDWNCRL.EXE,EVERYTHING.EXE,NETCOFFER.EXE,CFTPPRO.EXE,TASKMGR.EXE,CLVIEW.EXE,VISIO.EXE,FTPTE.EXE,OFFLB.EXE,IEXPLORE.EXE,RAVTRAY.EXE,NDSDTSR.EXE,CTFMON.EXE,PUTTY.EXE,LOGONMAN.EXE,MONITOR.EXE,POWERPNT.EXE,CHROME.EXE,NDSDISK.EXE,UPDATECLT.EXE,COPLOCKSRV.EXE,UPDSHL.EXE,
KLSCLIENT.EXE,NOTEPAD.EXE,XPSVIEWER.EXE,EVERYTHING.EXE,NETCOFFER.EXE,NDSCMDLN.EXE,CFTPPRO.EXE,PUTTY.EXE,FTPTE.EXE,WINWORD.EXE,POWERPNT.EXE,NDSDISK.EXE,CHROME.EXE,
KLSCLIENT.EXE,EXCEL.EXE,VERCLSID.EXE,ACRORD32.EXE,NOTEPAD.EXE,EVERYTHING.EXE,CHROME.EXE,NDSDISK.EXE,
KLSCLIENT.EXE,ACRORD32.EXE,EXPLORER.EXE,XPSVIEWER.EXE,CFTPPRO.EXE,EVERYTHING.EXE,FTPTE.EXE,RUNDLL32.EXE,NDSDISK.EXE,CHROME.EXE,

TORTOISEPROC.EXE,KLSCLIENT.EXE,VERCLSID.EXE,IPERF.EXE,ACRORD32.EXE,NOTEPAD.EXE,EXPLORER.EXE,NETCOFFER.EXE,EVERYTHING.EXE,PUTTY.EXE,IEXPLORE.EXE,RUNDLL32.EXE,CALC.EXE,MAIN10.EXE,NDSDISK.EXE,CHROME.EXE,
KLSCLIENT.EXE,EXCEL.EXE,EXPLORER.EXE,XPSVIEWER.EXE,EVERYTHING.EXE,CFTPPRO.EXE,IEXPLORE.EXE,FTPTE.EXE,SOGOUCLOUD.EXE,WINWORD.EXE,CHROME.EXE,POWERPNT.EXE,
KLSCLIENT.EXE,VERCLSID.EXE,ACRORD32.EXE,EXPLORER.EXE,NOTEPAD.EXE,CFTPPRO.EXE,EVERYTHING.EXE,FTPTE.EXE,CALC.EXE,RUNDLL32.EXE,WINWORD.EXE,POWERPNT.EXE,CHROME.EXE,
PINYINUP.EXE,EXCEL.EXE,TSVNCACHE.EXE,VPXCLIENT.EXE,ACRORD32.EXE,IMEUTIL.EXE,NOTEPAD.EXE,EXPLORER.EXE,XPSVIEWER.EXE,EVERYTHING.EXE,NDSCMDLN.EXE,IEXPLORE.EXE,WINWORD.EXE,CALC.EXE,NDSDISK.EXE,CHROME.EXE,
KLSCLIENT.EXE,EXCEL.EXE,VERCLSID.EXE,VMWARE.EXE,ACRORD32.EXE,EXPLORER.EXE,NOTEPAD.EXE,NETCOFFER.EXE,EVERYTHING.EXE,NDSCMDLN.EXE,CFTPPRO.EXE,IEXPLORE.EXE,FTPTE.EXE,WINWORD.EXE,RUNDLL32.EXE,CALC.EXE,POWERPNT.EXE,CHROME.EXE,NDSDISK.EXE,
KLSCLIENT.EXE,EXCEL.EXE,VERCLSID.EXE,ACRORD32.EXE,EXPLORER.EXE,NETCOFFER.EXE,EVERYTHING.EXE,CFTPPRO.EXE,PUTTY.EXE,FTPTE.EXE,WINWORD.EXE,CALC.EXE,RUNDLL32.EXE,CHROME.EXE,POWERPNT.EXE,NDSDISK.EXE,
EXCEL.EXE,PINYINUP.EXE,VERCLSID.EXE,KLSCLIENT.EXE,WINRAR.EXE,ACRORD32.EXE,EXPLORER.EXE,XPSVIEWER.EXE,IMEUTIL.EXE,CFTPPRO.EXE,EVERYTHING.EXE,FTPTE.EXE,VISIO.EXE,WINWORD.EXE,POWERPNT.EXE,MSPAINT.EXE,CHROME.EXE,NDSDISK.EXE,
EXCEL.EXE,KLSCLIENT.EXE,EVERYTHING.EXE,CFTPPRO.EXE,FTPTE.EXE,WINWORD.EXE,NDSDISK.EXE,CHROME.EXE,POWERPNT.EXE,
EXCEL.EXE,KLSCLIENT.EXE,VERCLSID.EXE,WINRAR.EXE,APPROVEMANAGER.EXE,WINLOGON.EXE,ACRORD32.EXE,NOTEPAD.EXE,EXPLORER.EXE,TASKMGR.EXE,NDSCMDLN.EXE,CFTPPRO.EXE,EVERYTHING.EXE,IEXPLORE.EXE,FTPTE.EXE,VISIO.EXE,NERO.EXE,CLEANMGR.EXE,WINWORD.EXE,RUNDLL32.EXE,NDSDISK.EXE,CHROME.EXE,POWERPNT.EXE,
KLSCLIENT.EXE,EXCEL.EXE,VMWARE.EXE,APPROVEMANAGER.EXE,EXPLORER.EXE,NOTEPAD.EXE,EVERYTHING.EXE,CFTPPRO.EXE,VISIO.EXE,FTPTE.EXE,CLEANMGR.EXE,RUNDLL32.EXE,WINWORD.EXE,CALC.EXE,CHROME.EXE,POWERPNT.EXE,NDSDISK.EXE,
KLSCLIENT.EXE,EXCEL.EXE,VERCLSID.EXE,TORTOISEPROC.EXE,WINRAR.EXE,NOTEPAD.EXE,CLVIEW.EXE,CFTPPRO.EXE,EVERYTHING.EXE,NETCOFFER.EXE,FTPTE.EXE,NERO.EXE,VISIO.EXE,WINWORD.EXE,RUNDLL32.EXE,POWERPNT.EXE,NDSDISK.EXE,CHROME.EXE,
KLSCLIENT.EXE,PINYINUP.EXE,WINRAR.EXE,APPROVEMANAGER.EXE,NOTEPAD.EXE,EXPLORER.EXE,EVERYTHING.EXE,CFTPPRO.EXE,FTPTE.EXE,NERO.EXE,RUNDLL32.EXE,WINWORD.EXE,POWERPNT.EXE,CHROME.EXE,NDSDISK.EXE,


TORTOISEPROC.EXE,KLSCLIENT.EXE,EXCEL.EXE,VERCLSID.EXE,APPROVEMANAGER.EXE,ACRORD32.EXE,NOTEPAD.EXE,EVERYTHING.EXE,NETCOFFER.EXE,NDSCMDLN.EXE,VISIO.EXE,RUNDLL32.EXE,CALC.EXE,WINWORD.EXE,CHROME.EXE,NDSDISK.EXE,
KLSCLIENT.EXE,VERCLSID.EXE,WINRAR.EXE,ACRORD32.EXE,EXPLORER.EXE,VIMRUN.EXE,NOTEPAD.EXE,EVERYTHING.EXE,GVIM.EXE,WINWORD.EXE,VCREDIST_X86.EXE,NDSDISK.EXE,CHROME.EXE,CMD.EXE,
KLSCLIENT.EXE,PINYINUP.EXE,VERCLSID.EXE,EXCEL.EXE,WINRAR.EXE,GETKOALINFO.EXE,ACRORD32.EXE,EXPLORER.EXE,NOTEPAD.EXE,XPSVIEWER.EXE,CFTPPRO.EXE,NDSCMDLN.EXE,SECURECRT.EXE,FTPTE.EXE,NDSDISK.EXE,CHROME.EXE,

PDSHELL16.EXE,PLSQLDEV.EXE,CFTPPRO.EXE,FTPTE.EXE,CHROME.EXE,NAVICAT.EXE,
PDSHELL16.EXE,KLSCLIENT.EXE,EXCEL.EXE,INFODISPLAY.EXE,PLSQLDEV.EXE,OIS.EXE,WINRAR.EXE,NOTEPAD.EXE,EXPLORER.EXE,XPSVIEWER.EXE,MAIN.EXE,CFTPPRO.EXE,EVERYTHING.EXE,ECLIPSE.EXE,NDSCMDLN.EXE,PUTTY.EXE,SOGOUCLOUD.EXE,FTPTE.EXE,NERO.EXE,WINWORD.EXE,NDSDISK.EXE,CHROME.EXE,NAVICAT.EXE,
KLSCLIENT.EXE,PING.EXE,EXCEL.EXE,VERCLSID.EXE,VMWARE.EXE,WINRAR.EXE,ACRORD32.EXE,EXPLORER.EXE,NOTEPAD.EXE,EVERYTHING.EXE,CFTPPRO.EXE,ECLIPSE.EXE,NDSCMDLN.EXE,IEXPLORE.EXE,FTPTE.EXE,WINWORD.EXE,NDSDISK.EXE,CMD.EXE,CHROME.EXE,
PDSHELL16.EXE,KLSCLIENT.EXE,EXCEL.EXE,PINYINUP.EXE,VERCLSID.EXE,PLSQLDEV.EXE,WINRAR.EXE,VMWARE.EXE,EXPLORER.EXE,TEST.EXE,NOTEPAD.EXE,XPSVIEWER.EXE,EVERYTHING.EXE,NERO.EXE,WINWORD.EXE,CHROME.EXE,NDSDISK.EXE,NAVICAT.EXE,
EXCEL.EXE,VERCLSID.EXE,PING.EXE,KLSCLIENT.EXE,WINRAR.EXE,EXPLORER.EXE,XPSVIEWER.EXE,EVERYTHING.EXE,NDSCMDLN.EXE,CLVIEW.EXE,ECLIPSE.EXE,IEXPLORE.EXE,VISIO.EXE,RUNDLL32.EXE,WINWORD.EXE,CHROME.EXE,NDSDISK.EXE,CMD.EXE,POWERPNT.EXE,

KLSCLIENT.EXE,PING.EXE,TORTOISEPROC.EXE,WINRAR.EXE,ACRORD32.EXE,EXPLORER.EXE,NOTEPAD.EXE,XPSVIEWER.EXE,CFTPPRO.EXE,EVERYTHING.EXE,IEXPLORE.EXE,FTPTE.EXE,CALC.EXE,RUNDLL32.EXE,JAVA.EXE,WINWORD.EXE,CHROME.EXE,NDSDISK.EXE,CMD.EXE,
KLSCLIENT.EXE,EXCEL.EXE,PDSHELL16.EXE,VMWARE.EXE,WINRAR.EXE,ACRORD32.EXE,EXPLORER.EXE,CFTPPRO.EXE,EVERYTHING.EXE,ECLIPSE.EXE,FTPTE.EXE,IEXPLORE.EXE,RUNDLL32.EXE,CHROME.EXE,NDSDISK.EXE,NAVICAT.EXE,
EXCEL.EXE,KLSCLIENT.EXE,PDSHELL16.EXE,WIRESHARK.EXE,VERCLSID.EXE,PINYINUP.EXE,PLSQLDEV.EXE,VMWARE.EXE,WINRAR.EXE,APPROVEMANAGER.EXE,NOTEPAD.EXE,EXPLORER.EXE,XPSVIEWER.EXE,EVERYTHING.EXE,NDSCMDLN.EXE,CFTPPRO.EXE,IEXPLORE.EXE,FTPTE.EXE,SOGOUCLOUD.EXE,NERO.EXE,WINWORD.EXE,RUNDLL32.EXE,NAVICAT.EXE,CHROME.EXE,POWERPNT.EXE,
KLSCLIENT.EXE,VERCLSID.EXE,PDSHELL16.EXE,EXCEL.EXE,PLSQLDEV.EXE,VMWARE.EXE,WINRAR.EXE,ACRORD32.EXE,EXPLORER.EXE,NOTEPAD.EXE,CFTPPRO.EXE,EVERYTHING.EXE,FTPTE.EXE,WINWORD.EXE,CHROME.EXE,NAVICAT.EXE,
