KUI.EXE,WINRAR.EXE,ACRORD32.EXE,NDSADMIN.EXE,TMSPRINTSHENPI.EXE,CFTPPRO.EXE,NETCOFFER.EXE,IEXPLORE.EXE,FTPTE.EXE,WINWORD.EXE,RUNDLL32.EXE,CALC.EXE,MSAGENT.EXE,POWERPNT.EXE,


VERCLSID.EXE,EXCEL.EXE,WINRAR.EXE,TMSPRINTSHENPI.EXE,IEXPLORE.EXE,WINWORD.EXE,CALC.EXE,RUNDLL32.EXE,NDSDISK.EXE,IE4UINIT.EXE,
TMSPRINTSHENPI.EXE,IEXPLORE.EXE,WINWORD.EXE,EVERYTHING-1.2.1.375B.EXE,IE4UINIT.EXE,POWERPNT.EXE,
PINYINUP.EXE,WINRAR.EXE,MSTSC.EXE,TMSPRINTSHENPI.EXE,CFTPPRO.EXE,IEXPLORE.EXE,FTPTE.EXE,WINWORD.EXE,IE4UINIT.EXE,POWERPNT.EXE,
VERCLSID.EXE,EXCEL.EXE,PINYINUP.EXE,WINRAR.EXE,ACRORD32.EXE,XPSVIEWER.EXE,IMEUTIL.EXE,TMSPRINTSHENPI.EXE,TASKMGR.EXE,NETCOFFER.EXE,IEXPLORE.EXE,WINWORD.EXE,CALC.EXE,MSPAINT.EXE,POWERPNT.EXE,IE4UINIT.EXE,
PINYINUP.EXE,EXCEL.EXE,VERCLSID.EXE,WINRAR.EXE,ACRORD32.EXE,IMEUTIL.EXE,TMSPRINTSHENPI.EXE,NETCOFFER.EXE,IEXPLORE.EXE,VISIO.EXE,WINWORD.EXE,IE4UINIT.EXE,XDICT.EXE,POWERPNT.EXE,


PINYINUP.EXE,EXCEL.EXE,IMEUTIL.EXE,TMSPRINTSHENPI.EXE,NETCOFFER.EXE,IEXPLORE.EXE,IE4UINIT.EXE,
PINYINUP.EXE,VERCLSID.EXE,EXCEL.EXE,TORTOISEPROC.EXE,WINRAR.EXE,ACRORD32.EXE,NOTEPAD.EXE,EXPLORER.EXE,TMSPRINTSHENPI.EXE,CFTPPRO.EXE,NETCOFFER.EXE,FTPTE.EXE,IEXPLORE.EXE,VISIO.EXE,WINWORD.EXE,EVERYTHING-1.2.1.375B.EXE,CALC.EXE,POWERPNT.EXE,MSPAINT.EXE,IE4UINIT.EXE,
KUI.EXE,WINRAR.EXE,NDSADMIN.EXE,NOTEPAD.EXE,IMEUTIL.EXE,EXPLORER.EXE,TMSPRINTSHENPI.EXE,NETCOFFER.EXE,IEXPLORE.EXE,RUNDLL32.EXE,NDSDISK.EXE,MSAGENT.EXE,POWERPNT.EXE,
PINYINUP.EXE,VERCLSID.EXE,EXCEL.EXE,WINRAR.EXE,WINLOGON.EXE,APPROVEMANAGER.EXE,XPSVIEWER.EXE,EXPLORER.EXE,TASKMGR.EXE,TMSPRINTSHENPI.EXE,IEXPLORE.EXE,WINWORD.EXE,CALC.EXE,DESKTOPS.EXE,EVERYTHING-1.2.1.375B.EXE,RUNDLL32.EXE,MSAGENT.EXE,POWERPNT.EXE,NDSDISK.EXE,UPDATECLT.EXE,
EXCEL.EXE,VERCLSID.EXE,WINRAR.EXE,WINLOGON.EXE,APPROVEMANAGER.EXE,EXPLORER.EXE,NOTEPAD.EXE,TMSPRINTSHENPI.EXE,NETCOFFER.EXE,TASKMGR.EXE,IEXPLORE.EXE,WINWORD.EXE,DESKTOPS.EXE,EVERYTHING-1.2.1.375B.EXE,RUNDLL32.EXE,MSAGENT.EXE,POWERPNT.EXE,UPDATECLT.EXE,IE4UINIT.EXE,

VERCLSID.EXE,ACRORD32.EXE,CFTPPRO.EXE,FTPTE.EXE,
VERCLSID.EXE,EXCEL.EXE,WINRAR.EXE,WINLOGON.EXE,APPROVEMANAGER.EXE,ACRORD32.EXE,EXPLORER.EXE,NOTEPAD.EXE,CFTPPRO.EXE,TMSPRINTSHENPI.EXE,TASKMGR.EXE,NETCOFFER.EXE,IEXPLORE.EXE,FTPTE.EXE,DESKTOPS.EXE,EVERYTHING-1.2.1.375B.EXE,WINWORD.EXE,POWERPNT.EXE,UPDATECLT.EXE,IE4UINIT.EXE,MSAGENT.EXE,
PINYINUP.EXE,VERCLSID.EXE,ACRORD32.EXE,NOTEPAD.EXE,EXPLORER.EXE,IMEUTIL.EXE,TMSPRINTSHENPI.EXE,TASKMGR.EXE,IEXPLORE.EXE,SOGOUCLOUD.EXE,EVERYTHING-1.2.1.375B.EXE,WINWORD.EXE,MSAGENT.EXE,IE4UINIT.EXE,NDSDISK.EXE,UPDATECLT.EXE,
PINYINUP.EXE,VERCLSID.EXE,ACRORD32.EXE,IMEUTIL.EXE,TMSPRINTSHENPI.EXE,IEXPLORE.EXE,IE4UINIT.EXE,MSAGENT.EXE,
PINYINUP.EXE,VERCLSID.EXE,EXCEL.EXE,WINRAR.EXE,ACRORD32.EXE,IMEUTIL.EXE,TMSPRINTSHENPI.EXE,IEXPLORE.EXE,WINWORD.EXE,RUNDLL32.EXE,CALC.EXE,NDSDISK.EXE,IE4UINIT.EXE,POWERPNT.EXE,
PINYINUP.EXE,EXCEL.EXE,WINRAR.EXE,IMEUTIL.EXE,TMSPRINTSHENPI.EXE,NETCOFFER.EXE,WINWORD.EXE,MSAGENT.EXE,POWERPNT.EXE,

PINYINUP.EXE,
PINYINUP.EXE,VERCLSID.EXE,WINRAR.EXE,ACRORD32.EXE,EXPLORER.EXE,XPSVIEWER.EXE,NOTEPAD.EXE,TMSPRINTSHENPI.EXE,IEXPLORE.EXE,WINWORD.EXE,EVERYTHING-1.2.1.375B.EXE,MSAGENT.EXE,IE4UINIT.EXE,POWERPNT.EXE,

EXCEL.EXE,IEXPLORE.EXE,WINWORD.EXE,MSAGENT.EXE,IE4UINIT.EXE,POWERPNT.EXE,
VERCLSID.EXE,EXCEL.EXE,WINRAR.EXE,XPSVIEWER.EXE,NOTEPAD.EXE,TMSPRINTSHENPI.EXE,VISIO.EXE,WINWORD.EXE,POWERPNT.EXE,MSAGENT.EXE,
EXCEL.EXE,PINYINUP.EXE,WINRAR.EXE,MSTSC.EXE,IMEUTIL.EXE,DW20.EXE,NOTEPAD.EXE,TMSPRINTSHENPI.EXE,CFTPPRO.EXE,TASKMGR.EXE,FTPTE.EXE,IEXPLORE.EXE,CALC.EXE,WINWORD.EXE,MSAGENT.EXE,POWERPNT.EXE,IE4UINIT.EXE,
PINYINUP.EXE,EXCEL.EXE,IMEUTIL.EXE,EXPLORER.EXE,CFTPPRO.EXE,IEXPLORE.EXE,VISIO.EXE,FTPTE.EXE,EVERYTHING-1.2.1.375B.EXE,WINWORD.EXE,

EXCEL.EXE,TORTOISEPROC.EXE,NOTEPAD.EXE,TMSPRINTSHENPI.EXE,IEXPLORE.EXE,IE4UINIT.EXE,MSAGENT.EXE,
EXCEL.EXE,TMSPRINTSHENPI.EXE,IEXPLORE.EXE,WINWORD.EXE,RUNDLL32.EXE,POWERPNT.EXE,MSAGENT.EXE,IE4UINIT.EXE,
TMSPRINTSHENPI.EXE,RUNDLL32.EXE,MSAGENT.EXE,
EXCEL.EXE,TMSPRINTSHENPI.EXE,CFTPPRO.EXE,IEXPLORE.EXE,FTPTE.EXE,WINWORD.EXE,MSAGENT.EXE,IE4UINIT.EXE,POWERPNT.EXE,

EXCEL.EXE,WINRAR.EXE,XPSVIEWER.EXE,TMSPRINTSHENPI.EXE,IEXPLORE.EXE,MSAGENT.EXE,IE4UINIT.EXE,POWERPNT.EXE,
EXCEL.EXE,TASKMGR.EXE,IEXPLORE.EXE,CALC.EXE,POWERPNT.EXE,IE4UINIT.EXE,
VERCLSID.EXE,EXCEL.EXE,WINLOGON.EXE,APPROVEMANAGER.EXE,EXPLORER.EXE,TASKMGR.EXE,TMSPRINTSHENPI.EXE,IEXPLORE.EXE,DESKTOPS.EXE,WINWORD.EXE,NDSDISK.EXE,POWERPNT.EXE,MSAGENT.EXE,
VERCLSID.EXE,KOMODO.EXE,ACRORD32.EXE,NDSCMDLN.EXE,TMSPRINTSHENPI.EXE,TASKMGR.EXE,IEXPLORE.EXE,WINWORD.EXE,MSAGENT.EXE,IE4UINIT.EXE,POWERPNT.EXE,
PINYINUP.EXE,KOMODO.EXE,EXCEL.EXE,VERCLSID.EXE,WINRAR.EXE,ACRORD32.EXE,WINLOGON.EXE,APPROVEMANAGER.EXE,XPSVIEWER.EXE,EXPLORER.EXE,TMSPRINTSHENPI.EXE,TASKMGR.EXE,IEXPLORE.EXE,WINWORD.EXE,DESKTOPS.EXE,EVERYTHING-1.2.1.375B.EXE,MSAGENT.EXE,IE4UINIT.EXE,POWERPNT.EXE,NDSDISK.EXE,UPDATECLT.EXE,
EXCEL.EXE,WINRAR.EXE,TMSPRINTSHENPI.EXE,TASKMGR.EXE,CFTPPRO.EXE,NETCOFFER.EXE,FTPTE.EXE,IEXPLORE.EXE,WINWORD.EXE,POWERPNT.EXE,



EXCEL.EXE,NETCOFFER.EXE,TMSPRINTSHENPI.EXE,TASKMGR.EXE,IEXPLORE.EXE,WINWORD.EXE,MSAGENT.EXE,IE4UINIT.EXE,
EXCEL.EXE,WINRAR.EXE,NOTEPAD.EXE,TASKMGR.EXE,IEXPLORE.EXE,WINWORD.EXE,POWERPNT.EXE,XDICT.EXE,MSAGENT.EXE,IE4UINIT.EXE,
WINRAR.EXE,NOTEPAD.EXE,TMSPRINTSHENPI.EXE,NETCOFFER.EXE,IEXPLORE.EXE,WINWORD.EXE,CALC.EXE,











