VERCLSID.EXE,ACCWIZ.EXE,MSHTA.EXE.MUI,EXCEL.EXE,TORTOISEPROC.EXE,KUI.EXE,DEVENV.EXE,TSVNCACHE.EXE,WINRAR.EXE,PLSQLDEV.EXE,MSIEXEC.EXE,FOXMAIL.EXE,NTBACKUP.EXE,UNREGMP2.EXE,MSTSC.EXE,NOTEPAD.EXE,PRESENTATIONHOST.EXE,XPSVIEWER.EXE,UNITEFRAMEWORK.INFRASTRUCTURE.SHELL.EXE,WORDPAD.EXE,CFTPPRO.EXE,EVERYTHING.EXE,NETCOFFER.EXE,TASKMGR.EXE,IEXPLORE.EXE,FTPTE.EXE,UEDIT32.EXE,CONF.EXE,WINWORD.EXE,RUNDLL32.EXE,NDSDISK.EXE,IE4UINIT.EXE,QQPYTRAYBAR.EXE,POWERPNT.EXE,CHROME.EXE,
KUI.EXE,VERCLSID.EXE,PING.EXE,WINRAR.EXE,FOXMAIL.EXE,MSTSC.EXE,NOTEPAD.EXE,UNITEFRAMEWORK.INFRASTRUCTURE.SHELL.EXE,NETCOFFER.EXE,IEXPLORE.EXE,RUNDLL32.EXE,CALC.EXE,QQPYLIVEUP.EXE,WINWORD.EXE,QQPYTRAYBAR.EXE,POWERPNT.EXE,NDSDISK.EXE,CMD.EXE,MSPAINT.EXE,IE4UINIT.EXE,CHROME.EXE,

PING.EXE,VERCLSID.EXE,FOXMAIL.EXE,CFTPPRO.EXE,EVERYTHING.EXE,IEXPLORE.EXE,FTPTE.EXE,WINWORD.EXE,RUNDLL32.EXE,QQPYWIZARD.EXE,POWERPNT.EXE,QQPYTRAYBAR.EXE,IE4UINIT.EXE,CMD.EXE,
FOXIT READER.EXE,VERCLSID.EXE,EXCEL.EXE,FOXMAIL.EXE,XPSVIEWER.EXE,UNITEFRAMEWORK.INFRASTRUCTURE.SHELL.EXE,NOTEPAD.EXE,EVERYTHING.EXE,CFTPPRO.EXE,IEXPLORE.EXE,QQPYCONFIG.EXE,FTPTE.EXE,WINWORD.EXE,QQPYTRAYBAR.EXE,POWERPNT.EXE,IE4UINIT.EXE,CHROME.EXE,NDSDISK.EXE,
VERCLSID.EXE,KUI.EXE,EXCEL.EXE,PING.EXE,WINRAR.EXE,FOXMAIL.EXE,NOTEPAD.EXE,XPSVIEWER.EXE,EVERYTHING.EXE,NETCOFFER.EXE,CFTPPRO.EXE,IEXPLORE.EXE,FTPTE.EXE,VISIO.EXE,WINWORD.EXE,NDSDISK.EXE,QQPYTRAYBAR.EXE,IE4UINIT.EXE,POWERPNT.EXE,CHROME.EXE,CMD.EXE,MSPAINT.EXE,
VERCLSID.EXE,PING.EXE,EXCEL.EXE,FOXMAIL.EXE,MSTSC.EXE,NOTEPAD.EXE,XPSVIEWER.EXE,UNITEFRAMEWORK.INFRASTRUCTURE.SHELL.EXE,CFTPPRO.EXE,Ê¡ÖÐÐÄ.EXE.LNK,IEXPLORE.EXE,FTPTE.EXE,WINWORD.EXE,QQPYTRAYBAR.EXE,POWERPNT.EXE,IE4UINIT.EXE,YODAODICT.EXE,CMD.EXE,
WIRESHARK.EXE,PING.EXE,VERCLSID.EXE,DEVENV.EXE,EXCEL.EXE,WINPCAP_3_1.EXE,KUI.EXE,PLSQLDEV.EXE,WINRAR.EXE,FOXMAIL.EXE,MSTSC.EXE,NMAP.EXE,NOTEPAD.EXE,XPSVIEWER.EXE,UNITEFRAMEWORK.INFRASTRUCTURE.SHELL.EXE,EVERYTHING.EXE,NDSCMDLN.EXE,TASKMGR.EXE,NETCOFFER.EXE,IEXPLORE.EXE,QQPYCONFIG.EXE,NERO.EXE,WINWORD.EXE,QQPYLIVEUP.EXE,CALC.EXE,JAVAW.EXE,QQPYTRAYBAR.EXE,CHROME.EXE,IE4UINIT.EXE,NDSDISK.EXE,CMD.EXE,


VERCLSID.EXE,EXCEL.EXE,PLSQLDEV.EXE,FOXMAIL.EXE,MSTSC.EXE,NOTEPAD.EXE,XPSVIEWER.EXE,UNITEFRAMEWORK.INFRASTRUCTURE.SHELL.EXE,EVERYTHING.EXE,NDSCMDLN.EXE,CFTPPRO.EXE,IEXPLORE.EXE,FTPTE.EXE,WINWORD.EXE,RUNDLL32.EXE,JAVAW.EXE,QQPYTRAYBAR.EXE,CHROME.EXE,NDSDISK.EXE,IE4UINIT.EXE,
VERCLSID.EXE,PING.EXE,PLSQLDEV.EXE,FOXMAIL.EXE,MSTSC.EXE,NOTEPAD.EXE,XPSVIEWER.EXE,UNITEFRAMEWORK.INFRASTRUCTURE.SHELL.EXE,CFTPPRO.EXE,CLVIEW.EXE,IEXPLORE.EXE,FTPTE.EXE,WINWORD.EXE,RUNDLL32.EXE,QQPYTRAYBAR.EXE,NDSDISK.EXE,IE4UINIT.EXE,CMD.EXE,MSPAINT.EXE,
KUI.EXE,VERCLSID.EXE,EXCEL.EXE,WINRAR.EXE,FOXMAIL.EXE,MSTSC.EXE,XPSVIEWER.EXE,NOTEPAD.EXE,CFTPPRO.EXE,NETCOFFER.EXE,EVERYTHING.EXE,IEXPLORE.EXE,FTPTE.EXE,QQPYCONFIG.EXE,WINWORD.EXE,QQPYWIZARD.EXE,QQPYTRAYBAR.EXE,NDSDISK.EXE,IE4UINIT.EXE,CHROME.EXE,
KUI.EXE,FOXIT READER.EXE,VERCLSID.EXE,EXCEL.EXE,PLSQLDEV.EXE,FOXMAIL.EXE,APPROVEMANAGER.EXE,MSTSC.EXE,NOTEPAD.EXE,XPSVIEWER.EXE,NETCOFFER.EXE,EVERYTHING.EXE,IEXPLORE.EXE,WINWORD.EXE,QQPYLIVEUP.EXE,QQPYTRAYBAR.EXE,IE4UINIT.EXE,CHROME.EXE,NDSDISK.EXE,
EXCEL.EXE,VERCLSID.EXE,FOXIT READER.EXE,WINRAR.EXE,FOXMAIL.EXE,MSTSC.EXE,NOTEPAD.EXE,XPSVIEWER.EXE,CFTPPRO.EXE,IEXPLORE.EXE,FTPTE.EXE,WINWORD.EXE,CALC.EXE,QQPYLIVEUP.EXE,RUNDLL32.EXE,IE4UINIT.EXE,NDSDISK.EXE,QQPYTRAYBAR.EXE,CHROME.EXE,


WRAR362SC.EXE,VERCLSID.EXE,TORTOISEPROC.EXE,FOXIT READER.EXE,EXCEL.EXE,PING.EXE,KUI.EXE,DEVENV.EXE,SSHSECURESHELLCLIENT-3.2.3.EXE,WINRAR3.30CH.EXE,WINRAR.EXE,VMWARE.EXE,WRAR380SC.EXE,MSTSC.EXE,FOXMAIL.EXE,WINLOGON.EXE,WRAR510SC.1402653363.EXE,NOTEPAD.EXE,XPSVIEWER.EXE,UNITEFRAMEWORK.INFRASTRUCTURE.SHELL.EXE,EVERYTHING.EXE,CFTPPRO.EXE,NDSCMDLN.EXE,NETCOFFER.EXE,DEXPLORE.EXE,RAVSETUP_ESP.EXE,IEXPLORE.EXE,FTPTE.EXE,UEDIT32.EXE,RUNDLL32.EXE,UNINSTALL.EXE,WINWORD.EXE,QQPYTRAYBAR.EXE,IE4UINIT.EXE,NDSDISK.EXE,CMD.EXE,CHROME.EXE,
VERCLSID.EXE,TORTOISEPROC.EXE,DEVENV.EXE,KUI.EXE,EXCEL.EXE,WINRAR.EXE,PLSQLDEV.EXE,FOXMAIL.EXE,MSTSC.EXE,WINLOGON.EXE,APPROVEMANAGER.EXE,GETKOALINFO.EXE,XPSVIEWER.EXE,NOTEPAD.EXE,DEXPLORE.EXE,TASKMGR.EXE,NDSCMDLN.EXE,VMWARE-TRAY.EXE,EVERYTHING.EXE,CFTPPRO.EXE,IEXPLORE.EXE,UEDIT32.EXE,NERO.EXE,FTPTE.EXE,WINWORD.EXE,CALC.EXE,LOGONMAN.EXE,RUNDLL32.EXE,QQPYTRAYBAR.EXE,NDSDISK.EXE,IE4UINIT.EXE,UPDATECLT.EXE,MSAGENT.EXE,CHROME.EXE,MSPAINT.EXE,
VERCLSID.EXE,PLSQLDEV.EXE,FOXMAIL.EXE,APPROVEMANAGER.EXE,GETKOALINFO.EXE,XPSVIEWER.EXE,CFTPPRO.EXE,EVERYTHING.EXE,IEXPLORE.EXE,FTPTE.EXE,CALC.EXE,WINWORD.EXE,QQPYWIZARD.EXE,IE4UINIT.EXE,QQPYTRAYBAR.EXE,NDSDISK.EXE,
EXCEL.EXE,VERCLSID.EXE,DEVENV.EXE,TORTOISEPROC.EXE,KUI.EXE,PLSQLDEV.EXE,WINRAR.EXE,FOXMAIL.EXE,APPROVEMANAGER.EXE,GETKOALINFO.EXE,MSTSC.EXE,XPSVIEWER.EXE,NOTEPAD.EXE,EVERYTHING.EXE,NETCOFFER.EXE,IEXPLORE.EXE,WINWORD.EXE,RUNDLL32.EXE,QQPYTRAYBAR.EXE,NDSDISK.EXE,IE4UINIT.EXE,CHROME.EXE,
VERCLSID.EXE,PING.EXE,EXCEL.EXE,PLSQLDEV.EXE,FOXMAIL.EXE,MSTSC.EXE,GETKOALINFO.EXE,UNITEFRAMEWORK.INFRASTRUCTURE.SHELL.EXE,NOTEPAD.EXE,TASKMGR.EXE,IEXPLORE.EXE,WINWORD.EXE,CALC.EXE,QQPYTRAYBAR.EXE,CHROME.EXE,IE4UINIT.EXE,CMD.EXE,NDSDISK.EXE,


PING.EXE,VERCLSID.EXE,EXCEL.EXE,MSOXMLED.EXE,TORTOISEPROC.EXE,DEVENV.EXE,KUI.EXE,WINRAR.EXE,PLSQLDEV.EXE,FOXMAIL.EXE,IMAGEREADY.EXE,GETKOALINFO.EXE,MSTSC.EXE,WINLOGON.EXE,NOTEPAD.EXE,XPSVIEWER.EXE,UNITEFRAMEWORK.INFRASTRUCTURE.SHELL.EXE,EVERYTHING.EXE,NDSCMDLN.EXE,CFTPPRO.EXE,NETCOFFER.EXE,IEXPLORE.EXE,FTPTE.EXE,UEDIT32.EXE,WINWORD.EXE,QQPYLIVEUP.EXE,INFOPATH.EXE,QQPYTRAYBAR.EXE,CMD.EXE,NDSDISK.EXE,POWERPNT.EXE,CHROME.EXE,IE4UINIT.EXE,
PING.EXE,TORTOISEPROC.EXE,EXCEL.EXE,VERCLSID.EXE,QQPINYIN_SETUP_35_968_P1.EXE,FOXIT READER.EXE,WINRAR.EXE,PLSQLDEV.EXE,VMWARE.EXE,MINI-KMS_ACTIVATOR_V1.2_OFFICE2010_VL_EN....EXE,CADSEEPLUS-X86.EXE,MSTSC.EXE,FOXMAIL.EXE,JDK-7U71-WINDOWS-I586.EXE,APPROVEMANAGER.EXE,VPRINTPROXY.EXE,NOTEPAD.EXE,XPSVIEWER.EXE,UNITEFRAMEWORK.INFRASTRUCTURE.SHELL.EXE,NDSCMDLN.EXE,TASKMGR.EXE,NERO9.4.13.2D_LITE.EXE,VMWARE-TRAY.EXE,EVERYTHING.EXE,IPCONFIG.EXE,CFTPPRO.EXE,IEXPLORE.EXE,UEDIT32.EXE,NERO.EXE,FTPTE.EXE,WINWORD.EXE,RUNDLL32.EXE,CMD.EXE,QQPYTRAYBAR.EXE,CHROME.EXE,IE4UINIT.EXE,POWERPNT.EXE,NDSDISK.EXE,YODAODICT.EXE,
TORTOISEPROC.EXE,VERCLSID.EXE,KUI.EXE,EXCEL.EXE,CADSEEPLUS-X86.EXE,WINRAR.EXE,FOXMAIL.EXE,APPROVEMANAGER.EXE,IMAGEREADY.EXE,XPSVIEWER.EXE,YOUDAODICTFULL.EXE,NOTEPAD.EXE,NETCOFFER.EXE,CFTPPRO.EXE,IEXPLORE.EXE,VISIO.EXE,CAJVIEWER 7.2.SELF.EXE,PHOTOSHOP.EXE,FTPTE.EXE,WINWORD.EXE,MINDMANAGER.EXE,QQPYWIZARD.EXE,POWERPNT.EXE,QQPYTRAYBAR.EXE,NDSDISK.EXE,FIREFOX_22.0.EXE,IE4UINIT.EXE,MSPAINT.EXE,CHROME.EXE,
VERCLSID.EXE,EXCEL.EXE,PING.EXE,WINRAR.EXE,FOXMAIL.EXE,IMAGEREADY.EXE,XPSVIEWER.EXE,NOTEPAD.EXE,EVERYTHING.EXE,CFTPPRO.EXE,IEXPLORE.EXE,PHOTOSHOP.EXE,FTPTE.EXE,WINWORD.EXE,CALC.EXE,RUNDLL32.EXE,POWERPNT.EXE,QQPYTRAYBAR.EXE,NDSDISK.EXE,MSPAINT.EXE,IE4UINIT.EXE,CMD.EXE,CHROME.EXE,
VERCLSID.EXE,EXCEL.EXE,WINRAR.EXE,FOXMAIL.EXE,IMAGEREADY.EXE,XPSVIEWER.EXE,NOTEPAD.EXE,UNITEFRAMEWORK.INFRASTRUCTURE.SHELL.EXE,CFTPPRO.EXE,IEXPLORE.EXE,FTPTE.EXE,PHOTOSHOP.EXE,NERO.EXE,WINWORD.EXE,QQPYWIZARD.EXE,QQPYTRAYBAR.EXE,NDSDISK.EXE,IE4UINIT.EXE,POWERPNT.EXE,
STMGR.EXE,VERCLSID.EXE,FOXMAIL.EXE,XPSVIEWER.EXE,NDSCMDLN.EXE,IEXPLORE.EXE,QQPYWIZARD.EXE,WINWORD.EXE,QQPYLIVEUP.EXE,QQPYTRAYBAR.EXE,NDSDISK.EXE,IE4UINIT.EXE,

KUI.EXE,MSOXMLED.EXE,FOXIT READER.EXE,EXCEL.EXE,VERCLSID.EXE,TORTOISEPROC.EXE,WINRAR.EXE,PLSQLDEV.EXE,FOXMAIL.EXE,MSTSC.EXE,NOTEPAD.EXE,XPSVIEWER.EXE,NETCOFFER.EXE,CFTPPRO.EXE,EVERYTHING.EXE,FTPTE.EXE,IEXPLORE.EXE,WINWORD.EXE,RUNDLL32.EXE,QQPYTRAYBAR.EXE,NDSDISK.EXE,IE4UINIT.EXE,CHROME.EXE,POWERPNT.EXE,
EXAMDIFF.EXE,VERCLSID.EXE,PING.EXE,PLSQLDEV.EXE,DOTNETFX35.EXE,VPXCLIENT.EXE,WINRAR.EXE,FOXMAIL.EXE,MSTSC.EXE,APPROVEMANAGER.EXE,UNITEFRAMEWORK.INFRASTRUCTURE.SHELL.EXE,XPSVIEWER.EXE,NOTEPAD.EXE,TASKMGR.EXE,EVERYTHING.EXE,NDSCMDLN.EXE,CFTPPRO.EXE,NERO.EXE,EVERYTHING-1.2.1.371.EXE,IEXPLORE.EXE,FTPTE.EXE,WINWORD.EXE,QQPYTRAYBAR.EXE,POWERPNT.EXE,IE4UINIT.EXE,SERV-U_6.3.EXE,NDSDISK.EXE,CMD.EXE,CHROME.EXE,
VERCLSID.EXE,PING.EXE,WINRAR.EXE,PLSQLDEV.EXE,FOXMAIL.EXE,MSTSC.EXE,NOTEPAD.EXE,UNITEFRAMEWORK.INFRASTRUCTURE.SHELL.EXE,CFTPPRO.EXE,EVERYTHING.EXE,IEXPLORE.EXE,FTPTE.EXE,NERO.EXE,WINWORD.EXE,RUNDLL32.EXE,QQPYTRAYBAR.EXE,IE4UINIT.EXE,MSPAINT.EXE,NDSDISK.EXE,CHROME.EXE,POWERPNT.EXE,CMD.EXE,
KUI.EXE,VERCLSID.EXE,DEVENV.EXE,EXCEL.EXE,FOXIT READER.EXE,WINRAR.EXE,HP1100SM.EXE,FOXMAIL.EXE,GETKOALINFO.EXE,WINLOGON.EXE,APPROVEMANAGER.EXE,XPSVIEWER.EXE,UNITEFRAMEWORK.INFRASTRUCTURE.SHELL.EXE,NOTEPAD.EXE,NETCOFFER.EXE,VSLAUNCHER.EXE,EVERYTHING.EXE,VMWARE-TRAY.EXE,NDSCMDLN.EXE,CFTPPRO.EXE,IEXPLORE.EXE,UEDIT32.EXE,FTPTE.EXE,NERO.EXE,WINWORD.EXE,QQPYWIZARD.EXE,RUNDLL32.EXE,LOGONMAN.EXE,CALC.EXE,QQPYTRAYBAR.EXE,IE4UINIT.EXE,NDSDISK.EXE,UPDATECLT.EXE,MSAGENT.EXE,POWERPNT.EXE,
VERCLSID.EXE,FOXIT READER.EXE,FOXMAIL.EXE,APPROVEMANAGER.EXE,NOTEPAD.EXE,XPSVIEWER.EXE,EVERYTHING.EXE,CFTPPRO.EXE,IEXPLORE.EXE,QQPYCONFIG.EXE,FTPTE.EXE,WINWORD.EXE,CALC.EXE,QQPYWIZARD.EXE,QQPYTRAYBAR.EXE,POWERPNT.EXE,IE4UINIT.EXE,NDSDISK.EXE,CHROME.EXE,YODAODICT.EXE,
VERCLSID.EXE,KUI.EXE,EXCEL.EXE,WINRAR.EXE,FOXMAIL.EXE,APPROVEMANAGER.EXE,XPSVIEWER.EXE,NETCOFFER.EXE,NDSCMDLN.EXE,CFTPPRO.EXE,EVERYTHING.EXE,IEXPLORE.EXE,QQPYCONFIG.EXE,FTPTE.EXE,QQPYWIZARD.EXE,WINWORD.EXE,NDSDISK.EXE,IE4UINIT.EXE,QQPYTRAYBAR.EXE,
EXCEL.EXE,KUI.EXE,VERCLSID.EXE,WINRAR.EXE,FOXMAIL.EXE,WINLOGON.EXE,CFTPPRO.EXE,NETCOFFER.EXE,EVERYTHING.EXE,IEXPLORE.EXE,FTPTE.EXE,WINWORD.EXE,QQPYTRAYBAR.EXE,POWERPNT.EXE,NDSDISK.EXE,IE4UINIT.EXE,
VERCLSID.EXE,FOXIT READER.EXE,EXCEL.EXE,KUI.EXE,DEVENV.EXE,PLSQLDEV.EXE,WINRAR.EXE,FOXMAIL.EXE,MSTSC.EXE,NOTEPAD.EXE,XPSVIEWER.EXE,UNITEFRAMEWORK.INFRASTRUCTURE.SHELL.EXE,CFTPPRO.EXE,NETCOFFER.EXE,EVERYTHING.EXE,FTPTE.EXE,IEXPLORE.EXE,WINWORD.EXE,QQPYTRAYBAR.EXE,IE4UINIT.EXE,NDSDISK.EXE,CHROME.EXE,
VERCLSID.EXE,EXCEL.EXE,PING.EXE,FOXIT READER.EXE,WINRAR.EXE,PLSQLDEV.EXE,FOXMAIL.EXE,MSTSC.EXE,NOTEPAD.EXE,XPSVIEWER.EXE,CFTPPRO.EXE,EVERYTHING.EXE,IEXPLORE.EXE,PHOTOSHOP.EXE,FTPTE.EXE,WINWORD.EXE,QRPROGRAM.EXE,QQPYTRAYBAR.EXE,IE4UINIT.EXE,NDSDISK.EXE,CHROME.EXE,CMD.EXE,
VERCLSID.EXE,TORTOISEPROC.EXE,EXCEL.EXE,EXAMDIFF.EXE,WINRAR.EXE,PLSQLDEV.EXE,FOXMAIL.EXE,MSTSC.EXE,NOTEPAD.EXE,XPSVIEWER.EXE,CFTPPRO.EXE,NDSCMDLN.EXE,EVERYTHING.EXE,FTPTE.EXE,IEXPLORE.EXE,EVERYTHING-1.2.1.371.EXE,WINWORD.EXE,RUNDLL32.EXE,QQPYTRAYBAR.EXE,POWERPNT.EXE,IE4UINIT.EXE,NDSDISK.EXE,CHROME.EXE,
KUI.EXE,VERCLSID.EXE,TORTOISEPROC.EXE,WINRAR.EXE,PLSQLDEV.EXE,FOXMAIL.EXE,APPROVEMANAGER.EXE,MSTSC.EXE,WINLOGON.EXE,MMC.EXE,NOTEPAD.EXE,XPSVIEWER.EXE,UNITEFRAMEWORK.INFRASTRUCTURE.SHELL.EXE,NETCOFFER.EXE,TASKMGR.EXE,VMWARE-TRAY.EXE,EVERYTHING.EXE,IEXPLORE.EXE,NERO.EXE,UEDIT32.EXE,WINWORD.EXE,QQPYWIZARD.EXE,RUNDLL32.EXE,LOGONMAN.EXE,QQPYTRAYBAR.EXE,IE4UINIT.EXE,POWERPNT.EXE,NDSDISK.EXE,UPDATECLT.EXE,MSAGENT.EXE,CHROME.EXE,MSPAINT.EXE,



VERCLSID.EXE,EXCEL.EXE,FOXIT READER.EXE,KUI.EXE,TORTOISEPROC.EXE,WINRAR.EXE,FOXMAIL.EXE,NOTEPAD.EXE,XPSVIEWER.EXE,EVERYTHING.EXE,NETCOFFER.EXE,IEXPLORE.EXE,MINDMANAGER.EXE,WINWORD.EXE,RUNDLL32.EXE,QQPYTRAYBAR.EXE,IE4UINIT.EXE,NDSDISK.EXE,POWERPNT.EXE,MSPAINT.EXE,
VERCLSID.EXE,TORTOISEPROC.EXE,PLSQLDEV.EXE,FOXMAIL.EXE,XPSVIEWER.EXE,NOTEPAD.EXE,EVERYTHING.EXE,CFTPPRO.EXE,IEXPLORE.EXE,FTPTE.EXE,NERO.EXE,WINWORD.EXE,QQPYLIVEUP.EXE,CALC.EXE,QQPYTRAYBAR.EXE,NDSDISK.EXE,POWERPNT.EXE,MSPAINT.EXE,CHROME.EXE,IE4UINIT.EXE,
PING.EXE,VERCLSID.EXE,WINRAR.EXE,VPXCLIENT.EXE,PLSQLDEV.EXE,FOXMAIL.EXE,MSTSC.EXE,FOXMAILLIVEUPDATE.EXE,NOTEPAD.EXE,XPSVIEWER.EXE,CFTPPRO.EXE,EVERYTHING.EXE,IEXPLORE.EXE,FTPTE.EXE,WINWORD.EXE,QQPYTRAYBAR.EXE,CMD.EXE,NDSDISK.EXE,IE4UINIT.EXE,

VERCLSID.EXE,FOXIT READER.EXE,TORTOISEPROC.EXE,WINRAR.EXE,FOXMAIL.EXE,XPSVIEWER.EXE,NOTEPAD.EXE,UNITEFRAMEWORK.INFRASTRUCTURE.SHELL.EXE,NERO.EXE,IEXPLORE.EXE,WINWORD.EXE,QQPYTRAYBAR.EXE,YODAODICT.EXE,
VERCLSID.EXE,DEVENV.EXE,EXCEL.EXE,WINRAR.EXE,PLSQLDEV.EXE,FOXMAIL.EXE,APPROVEMANAGER.EXE,MSTSC.EXE,WINLOGON.EXE,UNITEFRAMEWORK.INFRASTRUCTURE.SHELL.EXE,NOTEPAD.EXE,XPSVIEWER.EXE,EVERYTHING.EXE,CFTPPRO.EXE,TASKMGR.EXE,FTPTE.EXE,IEXPLORE.EXE,NERO.EXE,WINWORD.EXE,QQPYLIVEUP.EXE,CALC.EXE,QQPYTRAYBAR.EXE,CHROME.EXE,NDSDISK.EXE,IE4UINIT.EXE,
FOXIT READER.EXE,DEVENV.EXE,VERCLSID.EXE,WINRAR.EXE,PLSQLDEV.EXE,FOXMAIL.EXE,WINLOGON.EXE,MSTSC.EXE,NOTEPAD.EXE,XPSVIEWER.EXE,WHOLOCKME.EXE,EVERYTHING.EXE,CFTPPRO.EXE,IEXPLORE.EXE,VISIO.EXE,FTPTE.EXE,NERO.EXE,UEDIT32.EXE,WINWORD.EXE,QQPYLIVEUP.EXE,QQPYTRAYBAR.EXE,POWERPNT.EXE,NDSDISK.EXE,CHROME.EXE,IE4UINIT.EXE,CMD.EXE,MSPAINT.EXE,
DEVENV.EXE,VERCLSID.EXE,PLSQLDEV.EXE,FOXMAIL.EXE,NOTEPAD.EXE,NDSCMDLN.EXE,IEXPLORE.EXE,WINWORD.EXE,QQPYTRAYBAR.EXE,NDSDISK.EXE,CHROME.EXE,


DEVENV.EXE,FOXIT READER.EXE,EXCEL.EXE,KUI.EXE,VERCLSID.EXE,WINRAR.EXE,FOXMAIL.EXE,WINLOGON.EXE,XPSVIEWER.EXE,NOTEPAD.EXE,UNITEFRAMEWORK.INFRASTRUCTURE.SHELL.EXE,NETCOFFER.EXE,CFTPPRO.EXE,TASKMGR.EXE,EVERYTHING.EXE,FTPTE.EXE,VISIO.EXE,IEXPLORE.EXE,WINWORD.EXE,QQPYLIVEUP.EXE,QQPYTRAYBAR.EXE,CHROME.EXE,NDSDISK.EXE,IE4UINIT.EXE,
EXCEL.EXE,VERCLSID.EXE,DEVENV.EXE,TORTOISEPROC.EXE,FOXIT READER.EXE,FOXMAIL.EXE,XPSVIEWER.EXE,NOTEPAD.EXE,EVERYTHING.EXE,CFTPPRO.EXE,IEXPLORE.EXE,VISIO.EXE,FTPTE.EXE,WINWORD.EXE,QQPYTRAYBAR.EXE,IE4UINIT.EXE,CHROME.EXE,NDSDISK.EXE,POWERPNT.EXE,
DEVENV.EXE,VERCLSID.EXE,EXCEL.EXE,FOXIT READER.EXE,WINRAR.EXE,FOXMAIL.EXE,MSTSC.EXE,IMAGEREADY.EXE,APPROVEMANAGER.EXE,WINLOGON.EXE,INSTALLUTIL.EXE,NOTEPAD.EXE,XPSVIEWER.EXE,LOGINPLUGINMENU.EXE,CFTPPRO.EXE,EVERYTHING.EXE,NET.EXE,FTPTE.EXE,VISIO.EXE,WINWORD.EXE,QQPYLIVEUP.EXE,CALC.EXE,QQPYTRAYBAR.EXE,NDSDISK.EXE,CHROME.EXE,POWERPNT.EXE,IE4UINIT.EXE,
VERCLSID.EXE,KUI.EXE,EXCEL.EXE,DEVENV.EXE,MSOXMLED.EXE,WINRAR.EXE,PLSQLDEV.EXE,FOXMAIL.EXE,APPROVEMANAGER.EXE,WINLOGON.EXE,MSTSC.EXE,XPSVIEWER.EXE,NOTEPAD.EXE,UNITEFRAMEWORK.INFRASTRUCTURE.SHELL.EXE,CFTPPRO.EXE,NETCOFFER.EXE,FTPTE.EXE,UEDIT32.EXE,IEXPLORE.EXE,WINWORD.EXE,QQPYTRAYBAR.EXE,CHROME.EXE,POWERPNT.EXE,NDSDISK.EXE,IE4UINIT.EXE,
