DllHost.exe,consent.exe,PING.EXE,NdsDisk.EXE,QQPYLiveUp.exe,Foxit Updater.exe,MpCmdRun.exe,conhost.exe,360EntMisc.exe,RtHDVCpl.exe,WscReg.exe,IEInstal.exe,Log2file.exe,360leakfixer.exe,wmpnscfg.exe,TmsHelpX86.exe,RegGuide.exe,IAStorDataMgrSvc.exe,WLUpdater.exe,Mystify.scr,LogonUI.exe,AUDIODG.EXE,klmon.exe,taskhost.exe,sdiagnhost.exe,mobsync.exe,SoftupNotify.exe,regsvr32.exe,csc.exe,postgres.exe,wermgr.exe,cvtres.exe,w32tm.exe,explorer.exe,sc.exe,sdclt.exe,wsqmcons.exe,360tray.exe,defrag.exe,rundll32.exe,SearchProtocolHost.exe,lpremove.exe,SDIS.exe,LiveUpdate360.exe,360EntClient.exe,QQPYConfig.exe,mscorsvw.exe,LMS.exe,WMIADAP.EXE,Foxit Reader.exe,360speedld.exe,svchost.exe,WINWORD.EXE,jhi_service.exe,sppsvc.exe,SSLVPNRedirector.exe,schtasks.exe,nvtray.exe,GoogleUpdate.exe,aitagent.EXE,SearchFilterHost.exe,iexplore.exe,vssvc.exe,QQPYLiveup.exe,IAStorIcon.exe,WscControl.exe,YoudaoDictHelper.exe,Foxmail.exe,firefox.exe,
DllHost.exe,consent.exe,pscp.exe,NdsDisk.EXE,QQPYLiveUp.exe,nginxr7.exe,PING.EXE,mmc.exe,EXCEL.EXE,MpCmdRun.exe,conhost.exe,dw20.exe,TortoiseProc.exe,RtHDVCpl.exe,WscReg.exe,Foxit Updater.exe,360EntMisc.exe,360leakfixer.exe,Log2file.exe,wmpnscfg.exe,IEInstal.exe,SnippingTool.exe,TmsHelpX86.exe,IAStorDataMgrSvc.exe,RegGuide.exe,WLUpdater.exe,mobsync.exe,Mystify.scr,AUDIODG.EXE,LogonUI.exe,klmon.exe,taskhost.exe,SoftupNotify.exe,regsvr32.exe,csc.exe,sdiagnhost.exe,NOTEPAD.EXE,WDSafeDown.exe,postgres.exe,explorer.exe,sdclt.exe,QQPYCloud.exe,WISPTIS.EXE,cvtres.exe,sc.exe,wsqmcons.exe,wermgr.exe,w32tm.exe,360tray.exe,rundll32.exe,SearchProtocolHost.exe,SDIS.exe,QQPYConfig.exe,cmd.exe,mscorsvw.exe,LMS.exe,WMIADAP.EXE,lpremove.exe,LiveUpdate360.exe,CompMgmtLauncher.exe,WINWORD.EXE,360speedld.exe,svchost.exe,KLUpdate.exe,ClearCache.exe,taskeng.exe,jhi_service.exe,sppsvc.exe,SSLVPNRedirector.exe,schtasks.exe,Foxit Reader.exe,vsjitdebugger.exe,QQPYLiveup.exe,nvtray.exe,iexplore.exe,SearchFilterHost.exe,GoogleUpdate.exe,NetCoffer.exe,IAStorIcon.exe,WscControl.exe,WmiApSrv.exe,YoudaoDictHelper.exe,Foxmail.exe,vssvc.exe,POWERPNT.EXE,aitagent.EXE,

NdsDisk.EXE,DllHost.exe,nginxr7.exe,PING.EXE,EXCEL.EXE,consent.exe,QQPYLiveUp.exe,MpCmdRun.exe,conhost.exe,WscReg.exe,360EntMisc.exe,powercfg.exe,Foxit Updater.exe,Log2file.exe,IAStorDataMgrSvc.exe,RegGuide.exe,360leakfixer.exe,wmpnscfg.exe,ftpte.exe,IEInstal.exe,werfault.exe,WLUpdater.exe,LogonUI.exe,Mystify.scr,SoftupNotify.exe,regsvr32.exe,csc.exe,WDSafeDown.exe,AUDIODG.EXE,mobsync.exe,klmon.exe,taskhost.exe,sdiagnhost.exe,TrustedInstaller.exe,WinRAR.exe,NdsCmdLn.exe,postgres.exe,360tray.exe,defrag.exe,cvtres.exe,explorer.exe,sdclt.exe,wermgr.exe,w32tm.exe,VISIO.EXE,SDIS.exe,360EntClient.exe,w3wp.exe,cmd.exe,mscorsvw.exe,LMS.exe,SearchProtocolHost.exe,WMIADAP.EXE,rundll32.exe,lpremove.exe,LiveUpdate360.exe,QQPYConfig.exe,WINWORD.EXE,svchost.exe,SSLVPNRedirector.exe,jhi_service.exe,sppsvc.exe,360speedld.exe,Foxit Reader.exe,GoogleUpdate.exe,nvtray.exe,IAStorIcon.exe,WscControl.exe,Foxmail.exe,WmiApSrv.exe,SearchFilterHost.exe,aitagent.EXE,vssvc.exe,firefox.exe,cuteftppro.exe,QQPYLiveup.exe,iexplore.exe,
NdsDisk.EXE,consent.exe,DllHost.exe,EXCEL.EXE,nginxr7.exe,java.exe,QQPYLiveUp.exe,conhost.exe,MpCmdRun.exe,Foxit Updater.exe,RtHDVCpl.exe,WscReg.exe,360EntMisc.exe,systempropertiesadvanced.exe,TSVNCache.exe,Log2file.exe,IEInstal.exe,IAStorDataMgrSvc.exe,eclipse.exe,RegGuide.exe,360leakfixer.exe,wmpnscfg.exe,ftpte.exe,python.exe,WLUpdater.exe,klmon.exe,AUDIODG.EXE,Mystify.scr,LogonUI.exe,taskhost.exe,SoftupNotify.exe,regsvr32.exe,csc.exe,WinRAR.exe,mobsync.exe,NOTEPAD.EXE,NdsCmdLn.exe,notepad++.exe,mstsc.exe,postgres.exe,sdclt.exe,explorer.exe,wsqmcons.exe,cvtres.exe,putty.exe,360tray.exe,wermgr.exe,QQPYCloud.exe,rundll32.exe,SearchProtocolHost.exe,lpremove.exe,SDIS.exe,LiveUpdate360.exe,SshClient.exe,w3wp.exe,cmd.exe,360EntClient.exe,mscorsvw.exe,LMS.exe,WMIADAP.EXE,QQPYConfig.exe,360speedld.exe,svchost.exe,Foxit Reader.exe,schtasks.exe,WINWORD.EXE,taskeng.exe,SSLVPNRedirector.exe,jhi_service.exe,sppsvc.exe,javaw.exe,nvtray.exe,aitagent.EXE,iexplore.exe,GoogleUpdate.exe,SearchFilterHost.exe,vssvc.exe,firefox.exe,Foxmail.exe,YoudaoDictHelper.exe,IAStorIcon.exe,WmiApSrv.exe,WscControl.exe,QQPYLiveup.exe,control.exe,cuteftppro.exe,wrapper.exe,gup.exe,PrintIsolationHost.exe,
DllHost.exe,calc.exe,consent.exe,NdsDisk.EXE,NDSDisk.exe,mmc.exe,java.exe,EXCEL.EXE,nginxr7.exe,conhost.exe,MpCmdRun.exe,RtHDVCpl.exe,WscReg.exe,360EntMisc.exe,Foxit Updater.exe,TSVNCache.exe,python.exe,YodaoDict.exe,Log2file.exe,ftpte.exe,360leakfixer.exe,RegGuide.exe,IAStorDataMgrSvc.exe,IEInstal.exe,wmpnscfg.exe,wmpnetwk.exe,WLUpdater.exe,notepad++.exe,AUDIODG.EXE,LogonUI.exe,werfault.exe,taskhost.exe,mstsc.exe,SoftupNotify.exe,regsvr32.exe,NdsCmdLn.exe,klmon.exe,WinRAR.exe,NOTEPAD.EXE,Mystify.scr,csc.exe,taskmgr.exe,mobsync.exe,wordbook.exe,TrustedInstaller.exe,postgres.exe,sdclt.exe,wsqmcons.exe,defrag.exe,wermgr.exe,360tray.exe,explorer.exe,cvtres.exe,lpremove.exe,rundll32.exe,cmd.exe,SDIS.exe,QQPYConfig.exe,SearchProtocolHost.exe,mscorsvw.exe,LMS.exe,360EntClient.exe,WMIADAP.EXE,LiveUpdate360.exe,CompMgmtLauncher.exe,keygen.exe,w3wp.exe,DrvInst.exe,crashreporter.exe,svchost.exe,schtasks.exe,360speedld.exe,Foxit Reader.exe,taskeng.exe,jhi_service.exe,sppsvc.exe,SSLVPNRedirector.exe,ipfw.exe,WINWORD.EXE,vssvc.exe,nvtray.exe,PrintIsolationHost.exe,GoogleUpdate.exe,aitagent.EXE,cuteftppro.exe,SearchFilterHost.exe,QQPYLiveup.exe,YoudaoDictHelper.exe,WmiApSrv.exe,WscControl.exe,IAStorIcon.exe,Foxmail.exe,iexplore.exe,firefox.exe,control.exe,wrapper.exe,
DllHost.exe,SELFDEL.EXE,consent.exe,NdsDisk.EXE,nginxr7.exe,java.exe,QQPYLiveUp.exe,EXCEL.EXE,conhost.exe,TortoiseProc.exe,MpCmdRun.exe,360EntMisc.exe,WscReg.exe,Foxit Updater.exe,test.exe,cl.exe,YodaoDict.exe,Log2file.exe,nero.exe,360leakfixer.exe,wmpnscfg.exe,devenv.exe,RegGuide.exe,IAStorDataMgrSvc.exe,ftpte.exe,python.exe,IEInstal.exe,SndVol.exe,AUDIODG.EXE,taskhost.exe,mt.exe,mspdbsrv.exe,WLUpdater.exe,RMADEC.EXE,klmon.exe,mobsync.exe,VSLauncher.exe,Mystify.scr,LogonUI.exe,SoftupNotify.exe,regsvr32.exe,csc.exe,notepad++.exe,WinRAR.exe,mstsc.exe,NdsCmdLn.exe,postgres.exe,QQPYCloud.exe,VcBuildHelper.exe,rc.exe,cvtres.exe,sdclt.exe,explorer.exe,defrag.exe,wermgr.exe,wsqmcons.exe,360tray.exe,cmd.exe,link.exe,rundll32.exe,SearchProtocolHost.exe,pcaui.exe,QQPYConfig.exe,SDIS.exe,LiveUpdate360.exe,lpremove.exe,360EntClient.exe,w3wp.exe,mscorsvw.exe,LMS.exe,WMIADAP.EXE,360speedld.exe,svchost.exe,SSLVPNRedirector.exe,jhi_service.exe,sppsvc.exe,schtasks.exe,Foxit Reader.exe,WINWORD.EXE,nvtray.exe,QQPYLiveup.exe,SearchFilterHost.exe,GoogleUpdate.exe,aitagent.EXE,vssvc.exe,WmiApSrv.exe,WscControl.exe,IAStorIcon.exe,Foxmail.exe,POWERPNT.EXE,iexplore.exe,cuteftppro.exe,wrapper.exe,firefox.exe,
DllHost.exe,consent.exe,pscp.exe,KLSClient.exe,conhost.exe,MpCmdRun.exe,360EntMisc.exe,Foxit Updater.exe,taskkill.exe,RavService.exe,Log2file.exe,360leakfixer.exe,wmpnscfg.exe,eclipse.exe,ftpte.exe,IEInstal.exe,taskhost.exe,notepad++.exe,LogonUI.exe,AUDIODG.EXE,WLUpdater.exe,Mystify.scr,klmon.exe,mobsync.exe,NOTEPAD.EXE,postgres.exe,sdclt.exe,wsqmcons.exe,rundll32.exe,SearchProtocolHost.exe,LiveUpdate360.exe,cmd.exe,QQPYConfig.exe,VISIO.EXE,svchost.exe,Foxit Reader.exe,schtasks.exe,javaw.exe,WINWORD.EXE,KLUpdate.exe,ClearCache.exe,nvtray.exe,aitagent.EXE,GoogleUpdate.exe,vssvc.exe,SearchFilterHost.exe,cuteftppro.exe,QQPYLiveup.exe,iexplore.exe,NetCoffer.exe,


DllHost.exe,calc.exe,consent.exe,java.exe,jre.exe,NdsDisk.EXE,nginxr7.exe,QQPYLiveUp.exe,PING.EXE,jdk-8u121-windows-i586.exe,EXCEL.EXE,conhost.exe,systempropertiesadvanced.exe,jucheck.exe,bspatch.exe,360EntMisc.exe,MpCmdRun.exe,WscReg.exe,python.exe,Log2file.exe,javacpl.exe,jp2launcher.exe,ftpte.exe,IEInstal.exe,360leakfixer.exe,SndVol.exe,wmpnscfg.exe,wmpnetwk.exe,IAStorDataMgrSvc.exe,RegGuide.exe,eclipse.exe,Mystify.scr,WLUpdater.exe,AUDIODG.EXE,notepad++.exe,WDSafeDown.exe,WinRAR.exe,NdsCmdLn.exe,NOTEPAD.EXE,taskhost.exe,LogonUI.exe,installer.exe,klmon.exe,SoftupNotify.exe,regsvr32.exe,csc.exe,mobsync.exe,sdiagnhost.exe,msiexec.exe,postgres.exe,defrag.exe,sdclt.exe,wermgr.exe,explorer.exe,360tray.exe,cvtres.exe,sc.exe,wsqmcons.exe,QQPYCloud.exe,FoxmailLiveUpdate.exe,w32tm.exe,SshClient.exe,cmd.exe,icacls.exe,SDIS.exe,LiveUpdate360.exe,SearchProtocolHost.exe,rundll32.exe,360EntClient.exe,w3wp.exe,mscorsvw.exe,LMS.exe,WMIADAP.EXE,QQPYConfig.exe,lpremove.exe,360speedld.exe,svchost.exe,sppsvc.exe,javaw.exe,WINWORD.EXE,ipfw.exe,SSLVPNRedirector.exe,schtasks.exe,jhi_service.exe,nvtray.exe,GoogleUpdate.exe,control.exe,unpack200.exe,MsiExec.exe,javaws.exe,cuteftppro.exe,QQPYLiveup.exe,iexplore.exe,SearchFilterHost.exe,wrapper.exe,firefox.exe,YoudaoDictHelper.exe,WmiApSrv.exe,WscControl.exe,IAStorIcon.exe,Foxmail.exe,aitagent.EXE,vssvc.exe,
DllHost.exe,consent.exe,QQPYLiveUp.exe,PING.EXE,java.exe,NdsDisk.EXE,nginxr7.exe,NDSDisk.exe,EXCEL.EXE,calc.exe,conhost.exe,MpCmdRun.exe,TSVNCache.exe,powercfg.exe,360EntMisc.exe,WscReg.exe,Log2file.exe,python.exe,eclipse.exe,360leakfixer.exe,wmpnscfg.exe,IAStorDataMgrSvc.exe,RegGuide.exe,devenv.exe,IEInstal.exe,notepad++.exe,AUDIODG.EXE,WLUpdater.exe,mobsync.exe,taskhost.exe,klmon.exe,TrustedInstaller.exe,NOTEPAD.EXE,Mystify.scr,mstsc.exe,csc.exe,SoftupNotify.exe,regsvr32.exe,LogonUI.exe,NdsCmdLn.exe,VSLauncher.exe,postgres.exe,sdclt.exe,cvtres.exe,explorer.exe,wsqmcons.exe,360tray.exe,wermgr.exe,QQPYCloud.exe,cmd.exe,rundll32.exe,lpremove.exe,LiveUpdate360.exe,QQPYConfig.exe,SearchProtocolHost.exe,360EntClient.exe,w3wp.exe,mscorsvw.exe,LMS.exe,WMIADAP.EXE,SDIS.exe,svchost.exe,360speedld.exe,ipfw.exe,WINWORD.EXE,SSLVPNRedirector.exe,jhi_service.exe,sppsvc.exe,schtasks.exe,KLUpdate.exe,ClearCache.exe,GoogleUpdate.exe,nvtray.exe,firefox.exe,PrintIsolationHost.exe,vssvc.exe,QQPYLiveup.exe,aitagent.EXE,SearchFilterHost.exe,WmiApSrv.exe,IAStorIcon.exe,WscControl.exe,Foxmail.exe,WerFault.exe,wrapper.exe,NetCoffer.exe,iexplore.exe,
DllHost.exe,QQPYLiveUp.exe,consent.exe,java.exe,nginxr7.exe,NdsDisk.EXE,PING.EXE,MpCmdRun.exe,conhost.exe,RtHDVCpl.exe,WscReg.exe,360EntMisc.exe,Foxit Updater.exe,Log2file.exe,360leakfixer.exe,eclipse.exe,devenv.exe,python.exe,RegGuide.exe,wmpnscfg.exe,wmpnetwk.exe,IAStorDataMgrSvc.exe,IEInstal.exe,klmon.exe,AUDIODG.EXE,taskhost.exe,WLUpdater.exe,notepad++.exe,NdsCmdLn.exe,NOTEPAD.EXE,Mystify.scr,SoftupNotify.exe,regsvr32.exe,mstsc.exe,LogonUI.exe,csc.exe,VSLauncher.exe,mobsync.exe,postgres.exe,sdclt.exe,wermgr.exe,wsqmcons.exe,cvtres.exe,explorer.exe,360tray.exe,defrag.exe,QQPYCloud.exe,SearchProtocolHost.exe,QQPYConfig.exe,rundll32.exe,SDIS.exe,cmd.exe,w3wp.exe,360EntClient.exe,mscorsvw.exe,LMS.exe,WMIADAP.EXE,lpremove.exe,LiveUpdate360.exe,360speedld.exe,ipfw.exe,WINWORD.EXE,schtasks.exe,taskeng.exe,jhi_service.exe,sppsvc.exe,SSLVPNRedirector.exe,svchost.exe,Foxit Reader.exe,SearchFilterHost.exe,nvtray.exe,firefox.exe,GoogleUpdate.exe,QQPYLiveup.exe,PrintIsolationHost.exe,wrapper.exe,Foxmail.exe,YoudaoDictHelper.exe,IAStorIcon.exe,WscControl.exe,WmiApSrv.exe,aitagent.EXE,vssvc.exe,iexplore.exe,
DllHost.exe,consent.exe,NdsDisk.EXE,nginxr7.exe,calc.exe,PING.EXE,QQPYLiveUp.exe,conhost.exe,MpCmdRun.exe,360EntMisc.exe,WscReg.exe,Log2file.exe,YodaoDict.exe,360leakfixer.exe,eclipse.exe,RegGuide.exe,IAStorDataMgrSvc.exe,IEInstal.exe,devenv.exe,cl.exe,wmpnscfg.exe,taskhost.exe,notepad++.exe,LogonUI.exe,AUDIODG.EXE,WLUpdater.exe,SoftupNotify.exe,regsvr32.exe,Mystify.scr,csc.exe,klmon.exe,VSLauncher.exe,mspdbsrv.exe,mt.exe,mstsc.exe,mobsync.exe,postgres.exe,sdclt.exe,defrag.exe,360tray.exe,wermgr.exe,cvtres.exe,explorer.exe,wsqmcons.exe,VcBuildHelper.exe,QQPYCloud.exe,SDIS.exe,rundll32.exe,lpremove.exe,LiveUpdate360.exe,SearchProtocolHost.exe,360EntClient.exe,w3wp.exe,mscorsvw.exe,LMS.exe,cmd.exe,WMIADAP.EXE,QQPYConfig.exe,link.exe,360speedld.exe,svchost.exe,SSLVPNRedirector.exe,jhi_service.exe,sppsvc.exe,WINWORD.EXE,schtasks.exe,javaw.exe,GoogleUpdate.exe,nvtray.exe,aitagent.EXE,QQPYLiveup.exe,vssvc.exe,SearchFilterHost.exe,iexplore.exe,IAStorIcon.exe,WscControl.exe,Foxmail.exe,WmiApSrv.exe,
consent.exe,DllHost.exe,NdsDisk.EXE,nginxr7.exe,SELFDEL.EXE,QQPYLiveUp.exe,java.exe,conhost.exe,MpCmdRun.exe,WscReg.exe,360EntMisc.exe,Foxit Updater.exe,systempropertiesadvanced.exe,IEInstal.exe,Log2file.exe,360leakfixer.exe,RegGuide.exe,eclipse.exe,IAStorDataMgrSvc.exe,nero.exe,taskhost.exe,AUDIODG.EXE,LogonUI.exe,notepad++.exe,WLUpdater.exe,Mystify.scr,SoftupNotify.exe,regsvr32.exe,csc.exe,klmon.exe,WDSafeDown.exe,mstsc.exe,RMADEC.EXE,postgres.exe,sdclt.exe,wermgr.exe,QQPYCloud.exe,wsqmcons.exe,explorer.exe,cvtres.exe,360tray.exe,cmd.exe,rundll32.exe,SearchProtocolHost.exe,SDIS.exe,VISIO.EXE,360EntClient.exe,w3wp.exe,mscorsvw.exe,LMS.exe,WMIADAP.EXE,QQPYConfig.exe,LiveUpdate360.exe,pcaui.exe,lpremove.exe,javaw.exe,svchost.exe,360speedld.exe,WINWORD.EXE,schtasks.exe,SSLVPNRedirector.exe,jhi_service.exe,sppsvc.exe,Foxit Reader.exe,aitagent.EXE,iexplore.exe,nvtray.exe,SearchFilterHost.exe,GoogleUpdate.exe,QQPYLiveup.exe,Foxmail.exe,WscControl.exe,IAStorIcon.exe,WmiApSrv.exe,vssvc.exe,control.exe,


DllHost.exe,SELFDEL.EXE,consent.exe,EXCEL.EXE,QQPYLiveUp.exe,NdsDisk.EXE,nginxr7.exe,PING.EXE,java.exe,calc.exe,conhost.exe,MpCmdRun.exe,360EntMisc.exe,RtHDVCpl.exe,WscReg.exe,TSVNCache.exe,Foxit Updater.exe,nero.exe,devenv.exe,Log2file.exe,ftpte.exe,RegGuide.exe,eclipse.exe,IAStorDataMgrSvc.exe,360leakfixer.exe,cl.exe,wmpnscfg.exe,IEInstal.exe,YodaoDict.exe,notepad++.exe,AUDIODG.EXE,RMADEC.EXE,WinRAR.exe,taskhost.exe,LogonUI.exe,klmon.exe,VSLauncher.exe,WLUpdater.exe,NdsCmdLn.exe,Mystify.scr,SoftupNotify.exe,regsvr32.exe,mstsc.exe,csc.exe,NOTEPAD.EXE,TrustedInstaller.exe,mspdbsrv.exe,mt.exe,sdiagnhost.exe,mobsync.exe,WDSafeDown.exe,postgres.exe,sdclt.exe,QQPYCloud.exe,cvtres.exe,explorer.exe,sc.exe,wsqmcons.exe,360tray.exe,FoxmailLiveUpdate.exe,wermgr.exe,defrag.exe,VcBuildHelper.exe,w32tm.exe,cmd.exe,pcaui.exe,SDIS.exe,SearchProtocolHost.exe,QQPYConfig.exe,LiveUpdate360.exe,w3wp.exe,360EntClient.exe,mscorsvw.exe,LMS.exe,WMIADAP.EXE,rundll32.exe,link.exe,lpremove.exe,360speedld.exe,WINWORD.EXE,Foxit Reader.exe,sppsvc.exe,svchost.exe,javaw.exe,taskeng.exe,SSLVPNRedirector.exe,jhi_service.exe,schtasks.exe,GoogleUpdate.exe,nvtray.exe,QQPYLiveup.exe,cuteftppro.exe,control.exe,SearchFilterHost.exe,YoudaoDictHelper.exe,IAStorIcon.exe,WmiApSrv.exe,WscControl.exe,Foxmail.exe,aitagent.EXE,vssvc.exe,iexplore.exe,firefox.exe,
DllHost.exe,consent.exe,QQPYLiveUp.exe,NdsDisk.EXE,nginxr7.exe,SELFDEL.EXE,conhost.exe,MpCmdRun.exe,TSVNCache.exe,RtHDVCpl.exe,WscReg.exe,360EntMisc.exe,IP时间转换.exe,cl.exe,Log2file.exe,eclipse.exe,devenv.exe,IAStorDataMgrSvc.exe,IEInstal.exe,RegGuide.exe,nero.exe,YodaoDict.exe,WLUpdater.exe,SoftupNotify.exe,regsvr32.exe,mspdbsrv.exe,mt.exe,Mystify.scr,taskhost.exe,klmon.exe,AUDIODG.EXE,LogonUI.exe,mstsc.exe,VSLauncher.exe,csc.exe,RMADEC.EXE,chrome.exe,notepad++.exe,NdsCmdLn.exe,NOTEPAD.EXE,postgres.exe,VcBuildHelper.exe,explorer.exe,360tray.exe,cvtres.exe,wsqmcons.exe,sdclt.exe,wermgr.exe,SDIS.exe,link.exe,cmd.exe,SearchProtocolHost.exe,QQPYConfig.exe,rundll32.exe,lpremove.exe,mscorsvw.exe,LMS.exe,WMIADAP.EXE,LiveUpdate360.exe,pcaui.exe,javaw.exe,svchost.exe,taskeng.exe,jhi_service.exe,sppsvc.exe,SSLVPNRedirector.exe,360speedld.exe,schtasks.exe,WINWORD.EXE,GoogleUpdate.exe,nvtray.exe,SearchFilterHost.exe,PrintIsolationHost.exe,QQPYLiveup.exe,vssvc.exe,YoudaoDictHelper.exe,IAStorIcon.exe,WmiApSrv.exe,WscControl.exe,Foxmail.exe,iexplore.exe,aitagent.EXE,
DllHost.exe,consent.exe,calc.exe,NdsDisk.EXE,nginxr7.exe,java.exe,KLSClient.exe,QQPYLiveUp.exe,Foxit Updater.exe,conhost.exe,MpCmdRun.exe,360EntMisc.exe,WscReg.exe,systempropertiesadvanced.exe,taskkill.exe,RavService.exe,TSVNCache.exe,Log2file.exe,IEInstal.exe,IAStorDataMgrSvc.exe,RegGuide.exe,eclipse.exe,360leakfixer.exe,ftpte.exe,wmpnscfg.exe,YodaoDict.exe,AUDIODG.EXE,notepad++.exe,taskhost.exe,WLUpdater.exe,SoftupNotify.exe,regsvr32.exe,LogonUI.exe,Mystify.scr,NdsCmdLn.exe,WDSafeDown.exe,mstsc.exe,csc.exe,klmon.exe,NOTEPAD.EXE,WinRAR.exe,mobsync.exe,taskmgr.exe,postgres.exe,sdclt.exe,defrag.exe,360tray.exe,cvtres.exe,explorer.exe,wsqmcons.exe,wermgr.exe,QQPYCloud.exe,rundll32.exe,lpremove.exe,SDIS.exe,SearchProtocolHost.exe,360EntClient.exe,w3wp.exe,mscorsvw.exe,LMS.exe,LiveUpdate360.exe,cmd.exe,WMIADAP.EXE,QQPYConfig.exe,Foxit Reader.exe,360speedld.exe,svchost.exe,SSLVPNRedirector.exe,jhi_service.exe,sppsvc.exe,WINWORD.EXE,schtasks.exe,javaw.exe,GoogleUpdate.exe,gup.exe,vssvc.exe,nvtray.exe,iexplore.exe,SearchFilterHost.exe,aitagent.EXE,WmiApSrv.exe,WscControl.exe,IAStorIcon.exe,Foxmail.exe,cuteftppro.exe,control.exe,YoudaoDictHelper.exe,wrapper.exe,firefox.exe,QQPYLiveup.exe,
DllHost.exe,QQPYLiveUp.exe,java.exe,calc.exe,consent.exe,PING.EXE,nginxr7.exe,NdsDisk.EXE,conhost.exe,MpCmdRun.exe,RtHDVCpl.exe,WscReg.exe,360EntMisc.exe,TSVNCache.exe,Foxit Updater.exe,eclipse.exe,Log2file.exe,ftpte.exe,IAStorDataMgrSvc.exe,RegGuide.exe,360leakfixer.exe,YodaoDict.exe,AUDIODG.EXE,WDSafeDown.exe,mstsc.exe,WLUpdater.exe,SoftupNotify.exe,regsvr32.exe,LogonUI.exe,notepad++.exe,taskhost.exe,Mystify.scr,csc.exe,klmon.exe,WinRAR.exe,NdsCmdLn.exe,NOTEPAD.EXE,postgres.exe,sdclt.exe,cvtres.exe,explorer.exe,360tray.exe,wermgr.exe,defrag.exe,wsqmcons.exe,QQPYCloud.exe,SDIS.exe,SearchProtocolHost.exe,cmd.exe,QQPYConfig.exe,mscorsvw.exe,360EntClient.exe,LMS.exe,WMIADAP.EXE,LiveUpdate360.exe,lpremove.exe,rundll32.exe,360speedld.exe,WINWORD.EXE,taskeng.exe,jhi_service.exe,sppsvc.exe,SSLVPNRedirector.exe,javaw.exe,svchost.exe,schtasks.exe,Foxit Reader.exe,nvtray.exe,QQPYLiveup.exe,SearchFilterHost.exe,wrapper.exe,firefox.exe,GoogleUpdate.exe,cuteftppro.exe,Foxmail.exe,YoudaoDictHelper.exe,WmiApSrv.exe,IAStorIcon.exe,WscControl.exe,vssvc.exe,aitagent.EXE,
DllHost.exe,java.exe,NdsDisk.EXE,consent.exe,PING.EXE,QQPYLiveUp.exe,mmc.exe,conhost.exe,MpCmdRun.exe,WscReg.exe,360EntMisc.exe,Foxit Updater.exe,TSVNCache.exe,Log2file.exe,python.exe,RegGuide.exe,IAStorDataMgrSvc.exe,eclipse.exe,IEInstal.exe,YodaoDict.exe,devenv.exe,360leakfixer.exe,wmpnscfg.exe,LogonUI.exe,AUDIODG.EXE,NdsCmdLn.exe,WLUpdater.exe,NOTEPAD.EXE,notepad++.exe,taskhost.exe,Mystify.scr,SoftupNotify.exe,regsvr32.exe,mstsc.exe,klmon.exe,csc.exe,VSLauncher.exe,mobsync.exe,postgres.exe,explorer.exe,sdclt.exe,QQPYCloud.exe,cvtres.exe,wsqmcons.exe,wermgr.exe,360tray.exe,cmd.exe,SDIS.exe,SearchProtocolHost.exe,360EntClient.exe,LMS.exe,WMIADAP.EXE,LiveUpdate360.exe,QQPYConfig.exe,rundll32.exe,lpremove.exe,CompMgmtLauncher.exe,javaw.exe,WINWORD.EXE,360speedld.exe,jhi_service.exe,sppsvc.exe,SSLVPNRedirector.exe,schtasks.exe,Foxit Reader.exe,svchost.exe,nvtray.exe,GoogleUpdate.exe,wrapper.exe,firefox.exe,SearchFilterHost.exe,QQPYLiveup.exe,WmiApSrv.exe,WscControl.exe,YoudaoDictHelper.exe,IAStorIcon.exe,Foxmail.exe,aitagent.EXE,vssvc.exe,iexplore.exe,
DllHost.exe,nginxr7.exe,NdsDisk.EXE,conhost.exe,WscReg.exe,MpCmdRun.exe,360EntMisc.exe,IAStorDataMgrSvc.exe,360leakfixer.exe,RegGuide.exe,Log2file.exe,wmpnscfg.exe,csc.exe,LogonUI.exe,AUDIODG.EXE,taskhost.exe,WLUpdater.exe,SoftupNotify.exe,regsvr32.exe,Mystify.scr,klmon.exe,mobsync.exe,cvtres.exe,postgres.exe,wermgr.exe,360tray.exe,sdclt.exe,wsqmcons.exe,explorer.exe,360EntClient.exe,w3wp.exe,mscorsvw.exe,LMS.exe,cmd.exe,SearchProtocolHost.exe,WMIADAP.EXE,rundll32.exe,SDIS.exe,lpremove.exe,LiveUpdate360.exe,SSLVPNRedirector.exe,jhi_service.exe,sppsvc.exe,svchost.exe,schtasks.exe,360speedld.exe,WINWORD.EXE,GoogleUpdate.exe,WmiApSrv.exe,IAStorIcon.exe,WscControl.exe,YoudaoDictHelper.exe,SearchFilterHost.exe,nvtray.exe,aitagent.EXE,vssvc.exe,Foxmail.exe,

DllHost.exe,consent.exe,NdsDisk.EXE,nginxr7.exe,QQPYLiveUp.exe,EXCEL.EXE,PING.EXE,calc.exe,conhost.exe,360EntMisc.exe,TSVNCache.exe,WscReg.exe,RavService.exe,taskkill.exe,RtHDVCpl.exe,MpCmdRun.exe,systempropertiesadvanced.exe,TortoiseProc.exe,360leakfixer.exe,eclipse.exe,IEInstal.exe,Log2file.exe,YodaoDict.exe,IAStorDataMgrSvc.exe,helppane.exe,WLUpdater.exe,taskhost.exe,SoftupNotify.exe,regsvr32.exe,AUDIODG.EXE,notepad++.exe,NOTEPAD.EXE,csc.exe,LogonUI.exe,Mystify.scr,mstsc.exe,klmon.exe,NdsCmdLn.exe,postgres.exe,sdclt.exe,wsqmcons.exe,wermgr.exe,explorer.exe,360tray.exe,cvtres.exe,sc.exe,FoxmailLiveUpdate.exe,QQPYCloud.exe,SearchProtocolHost.exe,SDIS.exe,LiveUpdate360.exe,rundll32.exe,w3wp.exe,cmd.exe,mscorsvw.exe,LMS.exe,360EntClient.exe,QQPYConfig.exe,WMIADAP.EXE,schtasks.exe,javaw.exe,taskeng.exe,svchost.exe,360speedld.exe,SSLVPNRedirector.exe,jhi_service.exe,sppsvc.exe,WINWORD.EXE,SearchFilterHost.exe,GoogleUpdate.exe,nvtray.exe,QQPYLiveup.exe,iexplore.exe,firefox.exe,YoudaoDictHelper.exe,IAStorIcon.exe,WscControl.exe,WmiApSrv.exe,Foxmail.exe,control.exe,
PING.EXE,consent.exe,DllHost.exe,nginxr7.exe,NdsDisk.EXE,QQPYLiveUp.exe,MpCmdRun.exe,conhost.exe,powercfg.exe,360EntMisc.exe,RtHDVCpl.exe,WscReg.exe,TortoiseProc.exe,Log2file.exe,360leakfixer.exe,eclipse.exe,IAStorDataMgrSvc.exe,RegGuide.exe,IEInstal.exe,regsvr32.exe,WLUpdater.exe,LogonUI.exe,AUDIODG.EXE,klmon.exe,Mystify.scr,SoftupNotify.exe,mstsc.exe,taskhost.exe,sdiagnhost.exe,csc.exe,TrustedInstaller.exe,NdsCmdLn.exe,NOTEPAD.EXE,notepad++.exe,postgres.exe,sdclt.exe,wermgr.exe,cvtres.exe,w32tm.exe,360tray.exe,wsqmcons.exe,explorer.exe,QQPYCloud.exe,SDIS.exe,SearchProtocolHost.exe,LiveUpdate360.exe,rundll32.exe,lpremove.exe,mscorsvw.exe,LMS.exe,cmd.exe,360EntClient.exe,WMIADAP.EXE,QQPYConfig.exe,360speedld.exe,svchost.exe,WINWORD.EXE,taskeng.exe,jhi_service.exe,sppsvc.exe,schtasks.exe,SSLVPNRedirector.exe,nvtray.exe,GoogleUpdate.exe,SearchFilterHost.exe,vssvc.exe,aitagent.EXE,WscControl.exe,WmiApSrv.exe,YoudaoDictHelper.exe,IAStorIcon.exe,Foxmail.exe,plsqldev.exe,QQPYLiveup.exe,iexplore.exe,
consent.exe,DllHost.exe,NdsDisk.EXE,nginxr7.exe,calc.exe,QQPYLiveUp.exe,360EntMisc.exe,MpCmdRun.exe,conhost.exe,WscReg.exe,Foxit Updater.exe,Log2file.exe,IEInstal.exe,IAStorDataMgrSvc.exe,RegGuide.exe,wmpnscfg.exe,360leakfixer.exe,WLUpdater.exe,klmon.exe,AUDIODG.EXE,taskhost.exe,SoftupNotify.exe,regsvr32.exe,LogonUI.exe,WDSafeDown.exe,NdsCmdLn.exe,Mystify.scr,csc.exe,WinRAR.exe,mobsync.exe,postgres.exe,sdclt.exe,explorer.exe,wermgr.exe,360tray.exe,defrag.exe,cvtres.exe,wsqmcons.exe,QQPYCloud.exe,VISIO.EXE,SDIS.exe,QQPYConfig.exe,SearchProtocolHost.exe,rundll32.exe,LiveUpdate360.exe,w3wp.exe,cmd.exe,mscorsvw.exe,LMS.exe,WMIADAP.EXE,lpremove.exe,360speedld.exe,svchost.exe,WINWORD.EXE,SSLVPNRedirector.exe,jhi_service.exe,sppsvc.exe,schtasks.exe,Foxit Reader.exe,GoogleUpdate.exe,nvtray.exe,QQPYLiveup.exe,iexplore.exe,SearchFilterHost.exe,aitagent.EXE,YoudaoDictHelper.exe,IAStorIcon.exe,WscControl.exe,WmiApSrv.exe,Foxmail.exe,vssvc.exe,
DllHost.exe,consent.exe,QQPYLiveUp.exe,NdsDisk.EXE,conhost.exe,MpCmdRun.exe,360EntMisc.exe,WscReg.exe,Foxit Updater.exe,Log2file.exe,IEInstal.exe,360leakfixer.exe,RegGuide.exe,ftpte.exe,eclipse.exe,SnippingTool.exe,wmpnscfg.exe,WLUpdater.exe,LogonUI.exe,AUDIODG.EXE,SoftupNotify.exe,regsvr32.exe,taskhost.exe,klmon.exe,Mystify.scr,csc.exe,WinRAR.exe,mobsync.exe,postgres.exe,defrag.exe,sdclt.exe,360tray.exe,cvtres.exe,QQPYCloud.exe,explorer.exe,wermgr.exe,WISPTIS.EXE,wsqmcons.exe,SearchProtocolHost.exe,rundll32.exe,SDIS.exe,VISIO.EXE,lpremove.exe,LiveUpdate360.exe,360EntClient.exe,WMIADAP.EXE,QQPYConfig.exe,svchost.exe,360speedld.exe,SSLVPNRedirector.exe,WINWORD.EXE,Foxit Reader.exe,schtasks.exe,nvtray.exe,SearchFilterHost.exe,iexplore.exe,GoogleUpdate.exe,aitagent.EXE,QQPYLiveup.exe,vssvc.exe,YoudaoDictHelper.exe,IAStorIcon.exe,Foxmail.exe,cuteftppro.exe,
DllHost.exe,consent.exe,NdsDisk.EXE,nginxr7.exe,calc.exe,NDSDisk.exe,MpCmdRun.exe,conhost.exe,360EntMisc.exe,WscReg.exe,IEInstal.exe,Log2file.exe,wmpnscfg.exe,RegGuide.exe,IAStorDataMgrSvc.exe,360leakfixer.exe,eclipse.exe,Mystify.scr,klmon.exe,WLUpdater.exe,LogonUI.exe,AUDIODG.EXE,taskhost.exe,SoftupNotify.exe,regsvr32.exe,csc.exe,mstsc.exe,postgres.exe,wsqmcons.exe,cvtres.exe,explorer.exe,wermgr.exe,360tray.exe,QQPYCloud.exe,sdclt.exe,SearchProtocolHost.exe,SDIS.exe,rundll32.exe,VISIO.EXE,LiveUpdate360.exe,QQPYConfig.exe,360EntClient.exe,w3wp.exe,mscorsvw.exe,LMS.exe,cmd.exe,WMIADAP.EXE,lpremove.exe,360speedld.exe,schtasks.exe,svchost.exe,SSLVPNRedirector.exe,WINWORD.EXE,jhi_service.exe,sppsvc.exe,nvtray.exe,GoogleUpdate.exe,SearchFilterHost.exe,QQPYLiveup.exe,iexplore.exe,WmiApSrv.exe,IAStorIcon.exe,WscControl.exe,Foxmail.exe,vssvc.exe,aitagent.EXE,


NdsDisk.EXE,DllHost.exe,EXCEL.EXE,QQPYLiveUp.exe,nginxr7.exe,PING.EXE,consent.exe,MpCmdRun.exe,conhost.exe,RtHDVCpl.exe,WscReg.exe,360EntMisc.exe,RavUpgrd.exe,SetupRav.exe,Log2file.exe,IAStorDataMgrSvc.exe,RegGuide.exe,360leakfixer.exe,IEInstal.exe,wmpnscfg.exe,Mystify.scr,WLUpdater.exe,LogonUI.exe,AUDIODG.EXE,klmon.exe,taskhost.exe,SoftupNotify.exe,regsvr32.exe,csc.exe,sdiagnhost.exe,WDSafeDown.exe,mobsync.exe,mstsc.exe,NdsCmdLn.exe,postgres.exe,explorer.exe,QQPYCloud.exe,sdclt.exe,cvtres.exe,sc.exe,wsqmcons.exe,360tray.exe,defrag.exe,w32tm.exe,FoxmailLiveUpdate.exe,wermgr.exe,rundll32.exe,SearchProtocolHost.exe,SDIS.exe,lpremove.exe,QQPYConfig.exe,w3wp.exe,cmd.exe,360EntClient.exe,mscorsvw.exe,LMS.exe,WMIADAP.EXE,LiveUpdate360.exe,VISIO.EXE,360speedld.exe,svchost.exe,taskeng.exe,SSLVPNRedirector.exe,jhi_service.exe,sppsvc.exe,WINWORD.EXE,schtasks.exe,nvtray.exe,GoogleUpdate.exe,iexplore.exe,SearchFilterHost.exe,QQPYLiveup.exe,YoudaoDictHelper.exe,IAStorIcon.exe,WscControl.exe,WmiApSrv.exe,Foxmail.exe,aitagent.EXE,vssvc.exe,
DllHost.exe,NdsDisk.EXE,consent.exe,nginxr7.exe,QQPYLiveUp.exe,PING.EXE,calc.exe,EXCEL.EXE,conhost.exe,MpCmdRun.exe,360EntMisc.exe,WscReg.exe,Log2file.exe,IEInstal.exe,RegGuide.exe,IAStorDataMgrSvc.exe,360leakfixer.exe,Mystify.scr,WLUpdater.exe,TrustedInstaller.exe,taskhost.exe,SoftupNotify.exe,regsvr32.exe,AUDIODG.EXE,WDSafeDown.exe,LogonUI.exe,klmon.exe,csc.exe,wordbook.exe,mstsc.exe,postgres.exe,explorer.exe,sdclt.exe,QQPYCloud.exe,360tray.exe,cvtres.exe,wsqmcons.exe,wermgr.exe,QQPYConfig.exe,rundll32.exe,lpremove.exe,SearchProtocolHost.exe,VISIO.EXE,SDIS.exe,LiveUpdate360.exe,360EntClient.exe,mscorsvw.exe,w3wp.exe,LMS.exe,cmd.exe,WMIADAP.EXE,svchost.exe,360speedld.exe,WINWORD.EXE,SSLVPNRedirector.exe,jhi_service.exe,sppsvc.exe,schtasks.exe,regedit.exe,nvtray.exe,GoogleUpdate.exe,QQPYLiveup.exe,vssvc.exe,SearchFilterHost.exe,iexplore.exe,aitagent.EXE,Foxmail.exe,YoudaoIE.exe,WscControl.exe,YoudaoDictHelper.exe,IAStorIcon.exe,WmiApSrv.exe,PrintIsolationHost.exe,firefox.exe,
PING.EXE,NdsDisk.EXE,DllHost.exe,nginxr7.exe,consent.exe,calc.exe,conhost.exe,MpCmdRun.exe,360EntMisc.exe,RtHDVCpl.exe,WscReg.exe,Log2file.exe,devenv.exe,360leakfixer.exe,IAStorDataMgrSvc.exe,IEInstal.exe,RegGuide.exe,Mystify.scr,WLUpdater.exe,SoftupNotify.exe,regsvr32.exe,AUDIODG.EXE,VSLauncher.exe,NOTEPAD.EXE,notepad++.exe,taskhost.exe,LogonUI.exe,klmon.exe,wordbook.exe,csc.exe,mstsc.exe,postgres.exe,sdclt.exe,defrag.exe,explorer.exe,360tray.exe,wermgr.exe,cvtres.exe,wsqmcons.exe,QQPYCloud.exe,rundll32.exe,SDIS.exe,lpremove.exe,SearchProtocolHost.exe,LiveUpdate360.exe,w3wp.exe,cmd.exe,360EntClient.exe,mscorsvw.exe,LMS.exe,WMIADAP.EXE,QQPYConfig.exe,VISIO.EXE,SshClient.exe,svchost.exe,WINWORD.EXE,taskeng.exe,jhi_service.exe,sppsvc.exe,SSLVPNRedirector.exe,360speedld.exe,schtasks.exe,GoogleUpdate.exe,nvtray.exe,aitagent.EXE,vssvc.exe,SearchFilterHost.exe,PrintIsolationHost.exe,YoudaoDictHelper.exe,IAStorIcon.exe,WscControl.exe,iexplore.exe,WmiApSrv.exe,Foxmail.exe,QQPYLiveup.exe,
QQPYLiveUp.exe,calc.exe,nginxr7.exe,DllHost.exe,NdsDisk.EXE,consent.exe,PING.EXE,conhost.exe,RtHDVCpl.exe,WscReg.exe,MpCmdRun.exe,360EntMisc.exe,TortoiseProc.exe,Foxit Updater.exe,Log2file.exe,IAStorDataMgrSvc.exe,IEInstal.exe,RegGuide.exe,eclipse.exe,cl.exe,devenv.exe,taskhost.exe,Mystify.scr,LogonUI.exe,AUDIODG.EXE,klmon.exe,WLUpdater.exe,csc.exe,SoftupNotify.exe,regsvr32.exe,notepad++.exe,mt.exe,mspdbsrv.exe,VSLauncher.exe,mstsc.exe,WinRAR.exe,postgres.exe,sdclt.exe,defrag.exe,cvtres.exe,explorer.exe,wermgr.exe,360tray.exe,wsqmcons.exe,VcBuildHelper.exe,rc.exe,putty.exe,QQPYCloud.exe,lpremove.exe,rundll32.exe,QQPYConfig.exe,mscorsvw.exe,LMS.exe,WMIADAP.EXE,SearchProtocolHost.exe,SDIS.exe,LiveUpdate360.exe,VISIO.EXE,link.exe,cmd.exe,360speedld.exe,svchost.exe,taskeng.exe,WINWORD.EXE,jhi_service.exe,sppsvc.exe,SSLVPNRedirector.exe,schtasks.exe,Foxit Reader.exe,GoogleUpdate.exe,QQPYLiveup.exe,nvtray.exe,vssvc.exe,SearchFilterHost.exe,iexplore.exe,YoudaoDictHelper.exe,IAStorIcon.exe,WmiApSrv.exe,WscControl.exe,Foxmail.exe,aitagent.EXE,WerFault.exe,gup.exe,PrintIsolationHost.exe,
DllHost.exe,consent.exe,NdsDisk.EXE,nginxr7.exe,EXCEL.EXE,MpCmdRun.exe,conhost.exe,RtHDVCpl.exe,WscReg.exe,Foxit Updater.exe,360EntMisc.exe,Log2file.exe,IEInstal.exe,ftpte.exe,IAStorDataMgrSvc.exe,360leakfixer.exe,RegGuide.exe,wmpnscfg.exe,Mystify.scr,AUDIODG.EXE,WLUpdater.exe,taskhost.exe,LogonUI.exe,SoftupNotify.exe,regsvr32.exe,WinRAR.exe,NdsCmdLn.exe,klmon.exe,csc.exe,mstsc.exe,NOTEPAD.EXE,mobsync.exe,WDSafeDown.exe,postgres.exe,smartctl.exe,sdclt.exe,cvtres.exe,explorer.exe,360tray.exe,wermgr.exe,wsqmcons.exe,QQPYCloud.exe,SearchProtocolHost.exe,rundll32.exe,QQPYConfig.exe,lpremove.exe,SDIS.exe,w3wp.exe,cmd.exe,360EntClient.exe,mscorsvw.exe,LMS.exe,WMIADAP.EXE,LiveUpdate360.exe,Foxit Reader.exe,WINWORD.EXE,360speedld.exe,svchost.exe,taskeng.exe,SSLVPNRedirector.exe,jhi_service.exe,sppsvc.exe,schtasks.exe,GoogleUpdate.exe,nvtray.exe,SearchFilterHost.exe,iexplore.exe,QQPYLiveup.exe,vssvc.exe,cuteftppro.exe,aitagent.EXE,YoudaoDictHelper.exe,IAStorIcon.exe,WmiApSrv.exe,WscControl.exe,PrintIsolationHost.exe,Foxmail.exe,


calc.exe,DllHost.exe,consent.exe,QQPYLiveUp.exe,NdsDisk.EXE,nginxr7.exe,EXCEL.EXE,PING.EXE,mcupdate.EXE,MpCmdRun.exe,conhost.exe,360EntMisc.exe,Foxit Updater.exe,WscReg.exe,ehsched.exe,EhTray.exe,ehPrivJob.exe,dw20.exe,Log2file.exe,devenv.exe,cl.exe,ftpte.exe,IAStorDataMgrSvc.exe,360leakfixer.exe,IEInstal.exe,RegGuide.exe,YodaoDict.exe,AUDIODG.EXE,WLUpdater.exe,VSLauncher.exe,mspdbsrv.exe,mt.exe,taskhost.exe,notepad++.exe,klmon.exe,Mystify.scr,LogonUI.exe,SoftupNotify.exe,regsvr32.exe,mstsc.exe,csc.exe,sdiagnhost.exe,ehshell.exe,WinRAR.exe,taskmgr.exe,NOTEPAD.EXE,postgres.exe,VcBuildHelper.exe,FoxmailLiveUpdate.exe,sdclt.exe,defrag.exe,cvtres.exe,explorer.exe,360tray.exe,sc.exe,wsqmcons.exe,wermgr.exe,QQPYCloud.exe,w32tm.exe,rc.exe,wmplayer.exe,link.exe,cmd.exe,LiveUpdate360.exe,QQPYConfig.exe,SDIS.exe,rundll32.exe,360EntClient.exe,w3wp.exe,mscorsvw.exe,LMS.exe,SearchProtocolHost.exe,WMIADAP.EXE,lpremove.exe,ehRec.exe,WINWORD.EXE,360speedld.exe,Foxit Reader.exe,svchost.exe,SSLVPNRedirector.exe,jhi_service.exe,sppsvc.exe,schtasks.exe,GoogleUpdate.exe,plugin_snmp.exe,nvtray.exe,cuteftppro.exe,PrintIsolationHost.exe,aitagent.EXE,WmiApSrv.exe,IAStorIcon.exe,YoudaoDictHelper.exe,WscControl.exe,Foxmail.exe,SearchFilterHost.exe,iexplore.exe,QQPYLiveup.exe,vssvc.exe,vsjitdebugger.exe,
DllHost.exe,nginxr7.exe,consent.exe,NdsDisk.EXE,EXCEL.EXE,QQPYLiveUp.exe,conhost.exe,MpCmdRun.exe,powercfg.exe,RtHDVCpl.exe,WscReg.exe,360EntMisc.exe,Log2file.exe,360leakfixer.exe,RegGuide.exe,devenv.exe,wmpnetwk.exe,wmpnscfg.exe,IAStorDataMgrSvc.exe,IEInstal.exe,WLUpdater.exe,taskhost.exe,LogonUI.exe,AUDIODG.EXE,VSLauncher.exe,klmon.exe,SoftupNotify.exe,regsvr32.exe,Mystify.scr,csc.exe,mstsc.exe,WDSafeDown.exe,NdsCmdLn.exe,mobsync.exe,postgres.exe,sdclt.exe,wermgr.exe,cvtres.exe,360tray.exe,explorer.exe,wsqmcons.exe,QQPYCloud.exe,rundll32.exe,lpremove.exe,SearchProtocolHost.exe,SDIS.exe,w3wp.exe,360EntClient.exe,cmd.exe,mscorsvw.exe,LMS.exe,WMIADAP.EXE,LiveUpdate360.exe,QQPYConfig.exe,svchost.exe,360speedld.exe,WINWORD.EXE,taskeng.exe,jhi_service.exe,sppsvc.exe,SSLVPNRedirector.exe,schtasks.exe,GoogleUpdate.exe,vssvc.exe,SearchFilterHost.exe,nvtray.exe,aitagent.EXE,YoudaoDictHelper.exe,WscControl.exe,IAStorIcon.exe,WmiApSrv.exe,Foxmail.exe,iexplore.exe,PrintIsolationHost.exe,QQPYLiveup.exe,HP1100SM.exe,
DllHost.exe,consent.exe,NdsDisk.EXE,EXCEL.EXE,nginxr7.exe,conhost.exe,MpCmdRun.exe,Foxit Updater.exe,WscReg.exe,360EntMisc.exe,RtHDVCpl.exe,IEInstal.exe,Log2file.exe,360leakfixer.exe,IAStorDataMgrSvc.exe,RegGuide.exe,wmpnscfg.exe,ftpte.exe,devenv.exe,LogonUI.exe,AUDIODG.EXE,WinRAR.exe,taskhost.exe,TrustedInstaller.exe,WLUpdater.exe,klmon.exe,Mystify.scr,SoftupNotify.exe,regsvr32.exe,csc.exe,mobsync.exe,WDSafeDown.exe,mstsc.exe,NdsCmdLn.exe,NOTEPAD.EXE,VSLauncher.exe,postgres.exe,sdclt.exe,explorer.exe,cvtres.exe,wsqmcons.exe,360tray.exe,defrag.exe,wermgr.exe,QQPYCloud.exe,rundll32.exe,lpremove.exe,SearchProtocolHost.exe,VISIO.EXE,QQPYConfig.exe,SDIS.exe,w3wp.exe,cmd.exe,360EntClient.exe,mscorsvw.exe,LMS.exe,WMIADAP.EXE,LiveUpdate360.exe,svchost.exe,360speedld.exe,Foxit Reader.exe,SSLVPNRedirector.exe,jhi_service.exe,sppsvc.exe,schtasks.exe,WINWORD.EXE,taskeng.exe,nvtray.exe,QQPYLiveup.exe,GoogleUpdate.exe,vssvc.exe,SearchFilterHost.exe,iexplore.exe,YoudaoDictHelper.exe,IAStorIcon.exe,WscControl.exe,Foxmail.exe,aitagent.EXE,PrintIsolationHost.exe,firefox.exe,cuteftppro.exe,
DllHost.exe,NdsDisk.EXE,nginxr7.exe,pscp.exe,QQPYLiveUp.exe,calc.exe,MpCmdRun.exe,conhost.exe,WscReg.exe,360EntMisc.exe,360leakfixer.exe,devenv.exe,RegGuide.exe,IAStorDataMgrSvc.exe,Log2file.exe,wmpnscfg.exe,WLUpdater.exe,SoftupNotify.exe,regsvr32.exe,VSLauncher.exe,mstsc.exe,AUDIODG.EXE,Mystify.scr,csc.exe,taskhost.exe,LogonUI.exe,klmon.exe,mobsync.exe,postgres.exe,wermgr.exe,explorer.exe,cvtres.exe,wsqmcons.exe,360tray.exe,defrag.exe,sdclt.exe,QQPYCloud.exe,SDIS.exe,QQPYConfig.exe,mscorsvw.exe,w3wp.exe,LMS.exe,cmd.exe,WMIADAP.EXE,SearchProtocolHost.exe,360EntClient.exe,LiveUpdate360.exe,rundll32.exe,lpremove.exe,CofferCfg.exe,WINWORD.EXE,SSLVPNRedirector.exe,jhi_service.exe,sppsvc.exe,schtasks.exe,360speedld.exe,KLUpdate.exe,svchost.exe,ClearCache.exe,GoogleUpdate.exe,QQPYLiveup.exe,PrintIsolationHost.exe,nvtray.exe,WscControl.exe,WmiApSrv.exe,SearchFilterHost.exe,firefox.exe,NetCoffer.exe,YoudaoDictHelper.exe,IAStorIcon.exe,Foxmail.exe,vssvc.exe,aitagent.EXE,
calc.exe,DllHost.exe,NdsDisk.EXE,QQPYLiveUp.exe,consent.exe,MpCmdRun.exe,conhost.exe,360EntMisc.exe,WscReg.exe,RtHDVCpl.exe,Log2file.exe,360leakfixer.exe,RegGuide.exe,IEInstal.exe,wmpnscfg.exe,Mystify.scr,taskhost.exe,WLUpdater.exe,klmon.exe,AUDIODG.EXE,SoftupNotify.exe,regsvr32.exe,LogonUI.exe,WinRAR.exe,mstsc.exe,csc.exe,mobsync.exe,postgres.exe,sdclt.exe,wermgr.exe,explorer.exe,cvtres.exe,360tray.exe,wsqmcons.exe,SDIS.exe,rundll32.exe,lpremove.exe,SearchProtocolHost.exe,360EntClient.exe,WMIADAP.EXE,LiveUpdate360.exe,QQPYConfig.exe,taskeng.exe,360speedld.exe,svchost.exe,WINWORD.EXE,SSLVPNRedirector.exe,KLUpdate.exe,ClearCache.exe,schtasks.exe,nvtray.exe,GoogleUpdate.exe,vssvc.exe,SearchFilterHost.exe,aitagent.EXE,PrintIsolationHost.exe,Foxmail.exe,YoudaoDictHelper.exe,IAStorIcon.exe,NetCoffer.exe,QQPYLiveup.exe,iexplore.exe,


consent.exe,DllHost.exe,NdsDisk.EXE,EXCEL.EXE,QQPYLiveUp.exe,nginxr7.exe,PING.EXE,SELFDEL.EXE,MpCmdRun.exe,conhost.exe,360EntMisc.exe,WscReg.exe,RavUpgrd.exe,SetupRav.exe,Foxit Updater.exe,Log2file.exe,IEInstal.exe,IAStorDataMgrSvc.exe,360leakfixer.exe,RegGuide.exe,nero.exe,ftpte.exe,AUDIODG.EXE,klmon.exe,WLUpdater.exe,SoftupNotify.exe,regsvr32.exe,taskhost.exe,WDSafeDown.exe,NdsCmdLn.exe,Mystify.scr,csc.exe,sdiagnhost.exe,LogonUI.exe,mstsc.exe,RMADEC.EXE,NOTEPAD.EXE,WinRAR.exe,postgres.exe,FoxmailLiveUpdate.exe,explorer.exe,QQPYCloud.exe,cvtres.exe,defrag.exe,360tray.exe,sc.exe,sdclt.exe,wsqmcons.exe,wermgr.exe,w32tm.exe,SearchProtocolHost.exe,rundll32.exe,LiveUpdate360.exe,SDIS.exe,VISIO.EXE,QQPYConfig.exe,360EntClient.exe,w3wp.exe,mscorsvw.exe,cmd.exe,LMS.exe,WMIADAP.EXE,lpremove.exe,pcaui.exe,svchost.exe,360speedld.exe,SSLVPNRedirector.exe,WINWORD.EXE,jhi_service.exe,sppsvc.exe,schtasks.exe,Foxit Reader.exe,nvtray.exe,QQPYLiveup.exe,iexplore.exe,SearchFilterHost.exe,GoogleUpdate.exe,WscControl.exe,IAStorIcon.exe,WmiApSrv.exe,Foxmail.exe,aitagent.EXE,vssvc.exe,PrintIsolationHost.exe,cuteftppro.exe,HP1100SM.exe,
DllHost.exe,NdsDisk.EXE,nginxr7.exe,consent.exe,QQPYLiveUp.exe,MpCmdRun.exe,conhost.exe,WscReg.exe,360EntMisc.exe,Log2file.exe,IAStorDataMgrSvc.exe,RegGuide.exe,IEInstal.exe,360leakfixer.exe,wmpnscfg.exe,WLUpdater.exe,taskhost.exe,Mystify.scr,SoftupNotify.exe,regsvr32.exe,LogonUI.exe,AUDIODG.EXE,klmon.exe,mstsc.exe,csc.exe,WinRAR.exe,NdsCmdLn.exe,mobsync.exe,postgres.exe,sdclt.exe,wermgr.exe,QQPYCloud.exe,cvtres.exe,explorer.exe,360tray.exe,wsqmcons.exe,SDIS.exe,SearchProtocolHost.exe,rundll32.exe,QQPYConfig.exe,w3wp.exe,mscorsvw.exe,LMS.exe,cmd.exe,WMIADAP.EXE,lpremove.exe,LiveUpdate360.exe,VISIO.EXE,360speedld.exe,jhi_service.exe,sppsvc.exe,svchost.exe,schtasks.exe,WINWORD.EXE,GoogleUpdate.exe,nvtray.exe,PrintIsolationHost.exe,SearchFilterHost.exe,iexplore.exe,aitagent.EXE,QQPYLiveup.exe,WscControl.exe,Foxmail.exe,WmiApSrv.exe,vssvc.exe,
consent.exe,DllHost.exe,nginxr7.exe,NdsDisk.EXE,EXCEL.EXE,TortoiseProc.exe,conhost.exe,360EntMisc.exe,WscReg.exe,MpCmdRun.exe,IEInstal.exe,Log2file.exe,eclipse.exe,IAStorDataMgrSvc.exe,RegGuide.exe,ftpte.exe,wmpnscfg.exe,360leakfixer.exe,taskhost.exe,Mystify.scr,AUDIODG.EXE,WLUpdater.exe,NdsCmdLn.exe,notepad++.exe,klmon.exe,NOTEPAD.EXE,SoftupNotify.exe,regsvr32.exe,TrustedInstaller.exe,LogonUI.exe,mstsc.exe,csc.exe,WDSafeDown.exe,mobsync.exe,postgres.exe,QQPYCloud.exe,sdclt.exe,defrag.exe,cvtres.exe,wsqmcons.exe,360tray.exe,explorer.exe,wermgr.exe,SearchProtocolHost.exe,rundll32.exe,lpremove.exe,SDIS.exe,LiveUpdate360.exe,w3wp.exe,cmd.exe,mscorsvw.exe,LMS.exe,WMIADAP.EXE,QQPYConfig.exe,svchost.exe,360speedld.exe,WINWORD.EXE,SSLVPNRedirector.exe,jhi_service.exe,sppsvc.exe,schtasks.exe,nvtray.exe,QQPYLiveup.exe,iexplore.exe,SearchFilterHost.exe,vssvc.exe,GoogleUpdate.exe,PrintIsolationHost.exe,IAStorIcon.exe,YoudaoDictHelper.exe,WscControl.exe,WmiApSrv.exe,Foxmail.exe,aitagent.EXE,firefox.exe,cuteftppro.exe,

DllHost.exe,YodaoDict.exe,360LeakFixer.exe,taskhost.exe,Mystify.scr,LogonUI.exe,AUDIODG.EXE,klmon.exe,mstsc.exe,postgres.exe,WINWORD.EXE,360EntClientAir.exe,nvtray.exe,PrintIsolationHost.exe,
DllHost.exe,consent.exe,nginxr7.exe,NdsDisk.EXE,SELFDEL.EXE,conhost.exe,MpCmdRun.exe,RtHDVCpl.exe,dw20.exe,WscReg.exe,360EntMisc.exe,TortoiseProc.exe,TSVNCache.exe,360leakfixer.exe,eclipse.exe,IAStorDataMgrSvc.exe,360LeakFixer.exe,devenv.exe,cl.exe,nero.exe,taskhost.exe,SoftupNotify.exe,regsvr32.exe,wordbook.exe,csc.exe,Mystify.scr,LogonUI.exe,AUDIODG.EXE,klmon.exe,VSLauncher.exe,mt.exe,mspdbsrv.exe,RMADEC.EXE,WinRAR.exe,NdsCmdLn.exe,taskmgr.exe,postgres.exe,defrag.exe,360tray.exe,wermgr.exe,cvtres.exe,explorer.exe,ComputerZService.exe,sdclt.exe,VcBuildHelper.exe,rc.exe,QQPYCloud.exe,rundll32.exe,bcdedit.exe,SDIS.exe,SearchProtocolHost.exe,360EntClient.exe,mscorsvw.exe,LMS.exe,cmd.exe,WMIADAP.EXE,lpremove.exe,LiveUpdate360.exe,link.exe,QQPYConfig.exe,pcaui.exe,svchost.exe,360speedld.exe,spoolsv.exe,taskeng.exe,SSLVPNRedirector.exe,jhi_service.exe,sppsvc.exe,WINWORD.EXE,aitagent.EXE,nvtray.exe,360vulsetup.exe,SearchFilterHost.exe,PrintIsolationHost.exe,YoudaoIE.exe,YoudaoDictHelper.exe,WmiApSrv.exe,WscControl.exe,IAStorIcon.exe,Foxmail.exe,firefox.exe,360EntClientAir.exe,QQPYLiveup.exe,WerFault.exe,
consent.exe,NdsDisk.EXE,DllHost.exe,nginxr7.exe,QQPYLiveUp.exe,mmc.exe,MpCmdRun.exe,conhost.exe,360EntMisc.exe,RtHDVCpl.exe,WscReg.exe,IP时间转换.exe,360leakfixer.exe,eclipse.exe,IAStorDataMgrSvc.exe,IEInstal.exe,360LeakFixer.exe,devenv.exe,wmpnscfg.exe,Mystify.scr,LogonUI.exe,AUDIODG.EXE,taskhost.exe,csc.exe,wordbook.exe,klmon.exe,SoftupNotify.exe,regsvr32.exe,VSLauncher.exe,mobsync.exe,postgres.exe,wermgr.exe,sdclt.exe,FoxmailLiveUpdate.exe,defrag.exe,explorer.exe,cvtres.exe,360tray.exe,ComputerZService.exe,QQPYCloud.exe,rundll32.exe,LiveUpdate360.exe,bcdedit.exe,360EntClient.exe,SearchProtocolHost.exe,cmd.exe,mscorsvw.exe,LMS.exe,WMIADAP.EXE,SDIS.exe,QQPYConfig.exe,lpremove.exe,CompMgmtLauncher.exe,svchost.exe,360speedld.exe,spoolsv.exe,taskeng.exe,SSLVPNRedirector.exe,jhi_service.exe,sppsvc.exe,WINWORD.EXE,nvtray.exe,aitagent.EXE,360vulsetup.exe,360EntClientAir.exe,PrintIsolationHost.exe,WscControl.exe,WmiApSrv.exe,Foxmail.exe,SearchFilterHost.exe,YoudaoIE.exe,YoudaoDictHelper.exe,IAStorIcon.exe,iexplore.exe,QQPYLiveup.exe,firefox.exe,
DllHost.exe,NdsDisk.EXE,nginxr7.exe,SELFDEL.EXE,consent.exe,KLSClient.exe,MpCmdRun.exe,conhost.exe,WscReg.exe,360EntMisc.exe,devenv.exe,cl.exe,IAStorDataMgrSvc.exe,360leakfixer.exe,360LeakFixer.exe,nero.exe,wmpnscfg.exe,IEInstal.exe,NdsCmdLn.exe,taskhost.exe,VSLauncher.exe,mspdbsrv.exe,AUDIODG.EXE,SoftupNotify.exe,regsvr32.exe,werfault.exe,LogonUI.exe,klmon.exe,csc.exe,mstsc.exe,Mystify.scr,WinRAR.exe,RMADEC.EXE,mt.exe,lib.exe,notepad++.exe,mobsync.exe,postgres.exe,explorer.exe,VcBuildHelper.exe,wermgr.exe,cvtres.exe,ComputerZService.exe,360tray.exe,rc.exe,sdclt.exe,QQPYCloud.exe,rundll32.exe,SDIS.exe,QQPYConfig.exe,mscorsvw.exe,LMS.exe,cmd.exe,SearchProtocolHost.exe,WMIADAP.EXE,bcdedit.exe,LiveUpdate360.exe,pcaui.exe,lpremove.exe,link.exe,WINWORD.EXE,360speedld.exe,spoolsv.exe,SSLVPNRedirector.exe,jhi_service.exe,sppsvc.exe,svchost.exe,aitagent.EXE,360EntClientAir.exe,PrintIsolationHost.exe,plsqldev.exe,QQPYLiveup.exe,POWERPNT.EXE,nvtray.exe,firefox.exe,WscControl.exe,IAStorIcon.exe,WmiApSrv.exe,SearchFilterHost.exe,Foxmail.exe,360vulsetup.exe,plugin_snmp.exe,iexplore.exe,
NdsDisk.EXE,DllHost.exe,MpCmdRun.exe,conhost.exe,360EntMisc.exe,WscReg.exe,Foxit Updater.exe,wmpnscfg.exe,IAStorDataMgrSvc.exe,360leakfixer.exe,360LeakFixer.exe,taskhost.exe,SoftupNotify.exe,regsvr32.exe,AUDIODG.EXE,csc.exe,Mystify.scr,LogonUI.exe,klmon.exe,mobsync.exe,wermgr.exe,sdclt.exe,ComputerZService.exe,360tray.exe,cvtres.exe,explorer.exe,lpremove.exe,LiveUpdate360.exe,SDIS.exe,rundll32.exe,mscorsvw.exe,LMS.exe,WMIADAP.EXE,bcdedit.exe,360speedld.exe,spoolsv.exe,jhi_service.exe,sppsvc.exe,Foxit Reader.exe,360vulsetup.exe,360EntClientAir.exe,aitagent.EXE,PrintIsolationHost.exe,WscControl.exe,WmiApSrv.exe,nvtray.exe,Foxmail.exe,

DllHost.exe,nginxr7.exe,NdsDisk.EXE,EXCEL.EXE,consent.exe,PING.EXE,QQPYLiveUp.exe,pscp.exe,SELFDEL.EXE,conhost.exe,dw20.exe,WscReg.exe,360EntMisc.exe,MpCmdRun.exe,Foxit Updater.exe,devenv.exe,cl.exe,360LeakFixer.exe,IAStorDataMgrSvc.exe,360leakfixer.exe,eclipse.exe,IEInstal.exe,ftpte.exe,nero.exe,wmpnscfg.exe,VSLauncher.exe,AUDIODG.EXE,mt.exe,mspdbsrv.exe,Mystify.scr,LogonUI.exe,taskhost.exe,wordbook.exe,csc.exe,SoftupNotify.exe,regsvr32.exe,klmon.exe,sdiagnhost.exe,notepad++.exe,WinRAR.exe,NdsCmdLn.exe,RMADEC.EXE,mobsync.exe,postgres.exe,VcBuildHelper.exe,rc.exe,cvtres.exe,explorer.exe,sc.exe,sdclt.exe,wermgr.exe,QQPYCloud.exe,ComputerZService.exe,360tray.exe,defrag.exe,w32tm.exe,link.exe,cmd.exe,SearchProtocolHost.exe,360EntClient.exe,mscorsvw.exe,LMS.exe,WMIADAP.EXE,bcdedit.exe,rundll32.exe,SDIS.exe,lpremove.exe,QQPYConfig.exe,LiveUpdate360.exe,pcaui.exe,spoolsv.exe,SSLVPNRedirector.exe,jhi_service.exe,sppsvc.exe,WINWORD.EXE,Foxit Reader.exe,360speedld.exe,svchost.exe,regedit.exe,KLUpdate.exe,ClearCache.exe,SearchFilterHost.exe,QQPYLiveup.exe,nvtray.exe,PrintIsolationHost.exe,WscControl.exe,YoudaoDictHelper.exe,WmiApSrv.exe,YoudaoIE.exe,IAStorIcon.exe,Foxmail.exe,360EntClientAir.exe,360vulsetup.exe,iexplore.exe,cuteftppro.exe,NetCoffer.exe,aitagent.EXE,
DllHost.exe,consent.exe,QQPYLiveUp.exe,nginxr7.exe,NdsDisk.EXE,SELFDEL.EXE,mmc.exe,PING.EXE,conhost.exe,360EntMisc.exe,MpCmdRun.exe,WscReg.exe,Foxit Updater.exe,dw20.exe,TortoiseProc.exe,nero.exe,360leakfixer.exe,IAStorDataMgrSvc.exe,360LeakFixer.exe,devenv.exe,wmpnscfg.exe,YodaoDict.exe,eclipse.exe,Mystify.scr,LogonUI.exe,AUDIODG.EXE,taskhost.exe,SoftupNotify.exe,regsvr32.exe,WinRAR.exe,RMADEC.EXE,notepad++.exe,csc.exe,klmon.exe,VSLauncher.exe,mobsync.exe,NdsCmdLn.exe,NOTEPAD.EXE,mstsc.exe,postgres.exe,sdclt.exe,wermgr.exe,ComputerZService.exe,360tray.exe,cvtres.exe,explorer.exe,putty.exe,lpremove.exe,rundll32.exe,SDIS.exe,LiveUpdate360.exe,QQPYConfig.exe,pcaui.exe,bcdedit.exe,cmd.exe,mscorsvw.exe,LMS.exe,WMIADAP.EXE,SshClient.exe,CompMgmtLauncher.exe,SearchProtocolHost.exe,360speedld.exe,WINWORD.EXE,jhi_service.exe,sppsvc.exe,Foxit Reader.exe,spoolsv.exe,svchost.exe,javaw.exe,nvtray.exe,aitagent.EXE,360vulsetup.exe,360EntClientAir.exe,QQPYLiveup.exe,WscControl.exe,WmiApSrv.exe,Foxmail.exe,PrintIsolationHost.exe,firefox.exe,SearchFilterHost.exe,
DllHost.exe,nginxr7.exe,NdsDisk.EXE,consent.exe,EXCEL.EXE,calc.exe,MpCmdRun.exe,conhost.exe,WscReg.exe,Foxit Updater.exe,360EntMisc.exe,CAJVieweru.exe,360leakfixer.exe,IAStorDataMgrSvc.exe,eclipse.exe,IEInstal.exe,360LeakFixer.exe,wmpnscfg.exe,AUDIODG.EXE,taskhost.exe,notepad++.exe,LogonUI.exe,klmon.exe,csc.exe,SoftupNotify.exe,regsvr32.exe,Mystify.scr,WDSafeDown.exe,mobsync.exe,postgres.exe,wermgr.exe,cvtres.exe,explorer.exe,ComputerZService.exe,360tray.exe,sdclt.exe,defrag.exe,SearchProtocolHost.exe,bcdedit.exe,cmd.exe,mscorsvw.exe,LMS.exe,WMIADAP.EXE,SDIS.exe,LiveUpdate360.exe,rundll32.exe,lpremove.exe,QQPYConfig.exe,Foxit Reader.exe,360speedld.exe,spoolsv.exe,SSLVPNRedirector.exe,jhi_service.exe,sppsvc.exe,svchost.exe,WINWORD.EXE,SearchFilterHost.exe,nvtray.exe,Foxmail.exe,360vulsetup.exe,WscControl.exe,PrintIsolationHost.exe,WmiApSrv.exe,360EntClientAir.exe,iexplore.exe,aitagent.EXE,QQPYLiveup.exe,
DllHost.exe,consent.exe,nginxr7.exe,NdsDisk.EXE,calc.exe,EXCEL.EXE,pip.exe,matplotlib-1.1.0.win32-py2.7.exe,conhost.exe,WscReg.exe,MpCmdRun.exe,360EntMisc.exe,Foxit Updater.exe,TortoiseProc.exe,systempropertiesadvanced.exe,IAStorDataMgrSvc.exe,360leakfixer.exe,eclipse.exe,CAJVieweru.exe,360LeakFixer.exe,python.exe,cl.exe,devenv.exe,wmpnscfg.exe,IEInstal.exe,ftpte.exe,Mystify.scr,csc.exe,taskhost.exe,NdsCmdLn.exe,SoftupNotify.exe,regsvr32.exe,AUDIODG.EXE,wordbook.exe,WinRAR.exe,notepad++.exe,LogonUI.exe,klmon.exe,mstsc.exe,NOTEPAD.EXE,mspdbsrv.exe,mt.exe,VSLauncher.exe,mobsync.exe,numpy-1.8.1-sse3.exe,WDSafeDown.exe,postgres.exe,cvtres.exe,wermgr.exe,ComputerZService.exe,360tray.exe,explorer.exe,FoxmailLiveUpdate.exe,defrag.exe,sdclt.exe,VcBuildHelper.exe,rc.exe,mscorsvw.exe,LMS.exe,WMIADAP.EXE,bcdedit.exe,SDIS.exe,SearchProtocolHost.exe,360EntClient.exe,cmd.exe,LiveUpdate360.exe,lpremove.exe,rundll32.exe,link.exe,numpy-1.8.1-win32-superpack-python2.7.exe,jhi_service.exe,sppsvc.exe,360speedld.exe,svchost.exe,spoolsv.exe,SSLVPNRedirector.exe,Foxit Reader.exe,360EntClientAir.exe,nvtray.exe,WscControl.exe,WmiApSrv.exe,360vulsetup.exe,SearchFilterHost.exe,Foxmail.exe,PrintIsolationHost.exe,IAStorIcon.exe,YoudaoDictHelper.exe,firefox.exe,aitagent.EXE,WerFault.exe,iexplore.exe,cuteftppro.exe,control.exe,
