TSVNCACHE.EXE,KLSCLIENT.EXE,VERCLSID.EXE,EXCEL.EXE,PINYINUP.EXE,DEVENV.EXE,FOXIT READER.EXE,CONIME.EXE,KUI.EXE,PLSQLDEV.EXE,WINRAR.EXE,WINLOGON.EXE,MMC.EXE,MSTSC.EXE,EXPLORER.EXE,XPSVIEWER.EXE,MSHTA.EXE,TASKMGR.EXE,CFTPPRO.EXE,EVERYTHING.EXE,NETCOFFER.EXE,IEXPLORE.EXE,FTPTE.EXE,WINWORD.EXE,E_L20IC2.EXE,RUNDLL32.EXE,CALC.EXE,MONITOR.EXE,LOGONMAN.EXE,ACROBAT.EXE,MSAGENT.EXE,NDSDISK.EXE,CHROME.EXE,MSPAINT.EXE,
KUI.EXE,KLSCLIENT.EXE,TSVNCACHE.EXE,PINYINUP.EXE,EXCEL.EXE,APPROVEMANAGER.EXE,WINLOGON.EXE,XPSVIEWER.EXE,MSHTA.EXE,EXPLORER.EXE,NOTEPAD.EXE,TASKMGR.EXE,EVERYTHING.EXE,CFTPPRO.EXE,CLVIEW.EXE,IEXPLORE.EXE,FTPTE.EXE,WINWORD.EXE,MONITOR.EXE,E_L20IC2.EXE,LOGONMAN.EXE,ACROBAT.EXE,NDSDISK.EXE,UPDATECLT.EXE,POWERPNT.EXE,

PING.EXE,VERCLSID.EXE,EXCEL.EXE,KLSCLIENT.EXE,VPXCLIENT.EXE,MSTSC.EXE,EXPLORER.EXE,XPSVIEWER.EXE,MSHTA.EXE,NOTEPAD.EXE,EVERYTHING.EXE,CFTPPRO.EXE,VMWARE-VICLIENT.EXE,TASKMGR.EXE,XORTIME.EXE,FTPTE.EXE,IEXPLORE.EXE,NERO.EXE,RUNDLL32.EXE,WINWORD.EXE,CMD.EXE,ACROBAT.EXE,CHROME.EXE,NDSDISK.EXE,
KLSCLIENT.EXE,EXCEL.EXE,FOXIT READER.EXE,VERCLSID.EXE,WINLOGON.EXE,MMC.EXE,MSTSC.EXE,NOTEPAD.EXE,EXPLORER.EXE,NETSTAT.EXE,NOTEPAD++.EXE,MSHTA.EXE,XPSVIEWER.EXE,EVERYTHING.EXE,TASKMGR.EXE,XORTIME.EXE,IEXPLORE.EXE,WINWORD.EXE,E_L20IC2.EXE,RUNDLL32.EXE,ACROBAT.EXE,NDSDISK.EXE,CMD.EXE,MSAGENT.EXE,
TSVNCACHE.EXE,KLSCLIENT.EXE,PING.EXE,DEVENV.EXE,WYWZ.EXE,WINLOGON.EXE,MSTSC.EXE,TESTKPISEND.EXE,EXPLORER.EXE,NOTEPAD.EXE,TASKMGR.EXE,NETCOFFER.EXE,EVERYTHING.EXE,IEXPLORE.EXE,XORTIME.EXE,WINWORD.EXE,E_L20IC2.EXE,CALC.EXE,ACROBAT.EXE,NDSDISK.EXE,MSAGENT.EXE,CMD.EXE,
KLSCLIENT.EXE,KUI.EXE,EXCEL.EXE,MSTSC.EXE,WINLOGON.EXE,EXPLORER.EXE,NOTEPAD.EXE,NOTEPAD++.EXE,TASKMGR.EXE,CFTPPRO.EXE,EVERYTHING.EXE,NETCOFFER.EXE,IEXPLORE.EXE,FTPTE.EXE,VISIO.EXE,WINWORD.EXE,CALC.EXE,E_L20IC2.EXE,MINDMANAGER.EXE,ACROBAT.EXE,NDSDISK.EXE,FILEZILLA.EXE,POWERPNT.EXE,
KLSCLIENT.EXE,EXCEL.EXE,KUI.EXE,DEVENV.EXE,WYWZ.EXE,OIS.EXE,WINLOGON.EXE,EXPLORER.EXE,NOTEPAD.EXE,WORDPAD.EXE,TASKMGR.EXE,EVERYTHING.EXE,CFTPPRO.EXE,NETCOFFER.EXE,IEXPLORE.EXE,FTPTE.EXE,XORTIME.EXE,VISIO.EXE,RUNDLL32.EXE,E_L20IC2.EXE,MINDMANAGER.EXE,ACROBAT.EXE,MSAGENT.EXE,NDSDISK.EXE,CHROME.EXE,MSPAINT.EXE,POWERPNT.EXE,


FOXIT READER.EXE,EXCEL.EXE,KLSCLIENT.EXE,ACCWIZ.EXE,KUI.EXE,PLSQLDEV.EXE,WINLOGON.EXE,UNREGMP2.EXE,NTBACKUP.EXE,EXPLORER.EXE,PRESENTATIONHOST.EXE,XPSVIEWER.EXE,MSHTA.EXE,NOTEPAD.EXE,EVERYTHING.EXE,TASKMGR.EXE,WORDPAD.EXE,NETCOFFER.EXE,IEXPLORE.EXE,XORTIME.EXE,WINWORD.EXE,LOGONMAN.EXE,MONITOR.EXE,E_L20IC2.EXE,CONF.EXE,RUNDLL32.EXE,ACROBAT.EXE,NDSDISK.EXE,MSAGENT.EXE,
KUI.EXE,KLSCLIENT.EXE,TSVNCACHE.EXE,FOXIT READER.EXE,WINLOGON.EXE,EXPLORER.EXE,NOTEPAD.EXE,EVERYTHING.EXE,NETCOFFER.EXE,IEXPLORE.EXE,XORTIME.EXE,FSCAPTURE.EXE,MONITOR.EXE,E_L20IC2.EXE,WINWORD.EXE,RUNDLL32.EXE,ACROBAT.EXE,NDSDISK.EXE,
KUI.EXE,KLSCLIENT.EXE,FOXIT READER.EXE,VERCLSID.EXE,EXCEL.EXE,WINRAR.EXE,WINLOGON.EXE,EXPLORER.EXE,XPSVIEWER.EXE,MSHTA.EXE,NETCOFFER.EXE,EVERYTHING.EXE,CFTPPRO.EXE,TASKMGR.EXE,FTPTE.EXE,IEXPLORE.EXE,E_L20IC2.EXE,WINWORD.EXE,RUNDLL32.EXE,ACROBAT.EXE,NDSDISK.EXE,
FOXIT READER.EXE,VERCLSID.EXE,KUI.EXE,KLSCLIENT.EXE,TSVNCACHE.EXE,EXCEL.EXE,WINRAR.EXE,WINLOGON.EXE,NOTEPAD.EXE,EXPLORER.EXE,TASKMGR.EXE,CFTPPRO.EXE,EVERYTHING.EXE,NETCOFFER.EXE,FTPTE.EXE,IEXPLORE.EXE,WINWORD.EXE,MONITOR.EXE,E_L20IC2.EXE,RUNDLL32.EXE,TTTT.EXE,ACROBAT.EXE,NDSDISK.EXE,MSAGENT.EXE,
KUI.EXE,KLSCLIENT.EXE,TSVNCACHE.EXE,WINRAR.EXE,FIREFOX.EXE,WINLOGON.EXE,DVDNAVEXT.EXE,EXPLORER.EXE,XPSVIEWER.EXE,MSHTA.EXE,NOTEPAD.EXE,IEDW.EXE,NOTEPAD++.EXE,PDSHELL12.EXE,EVERYTHING.EXE,TASKMGR.EXE,CFTPPRO.EXE,NDSCMDLN.EXE,IEXPLORE.EXE,FTPTE.EXE,MONITOR.EXE,E_L20IC2.EXE,WINWORD.EXE,ACROBAT.EXE,MSAGENT.EXE,NDSDISK.EXE,CHROME.EXE,MSPAINT.EXE,


VERCLSID.EXE,FOXIT READER.EXE,EXCEL.EXE,KLSCLIENT.EXE,TORTOISEPROC.EXE,KUI.EXE,DEVENV.EXE,PLSQLDEV.EXE,WINLOGON.EXE,MSTSC.EXE,APPROVEMANAGER.EXE,HELPCTR.EXE,NOTEPAD++.EXE,EXPLORER.EXE,XPSVIEWER.EXE,MSHTA.EXE,NOTEPAD.EXE,TASKMGR.EXE,EVERYTHING.EXE,VMWARE-TRAY.EXE,IPCONVERTER.EXE,VISIO.EXE,IEXPLORE.EXE,XORTIME.EXE,WINWORD.EXE,RUNDLL32.EXE,MONITOR.EXE,E_L20IC2.EXE,LOGONMAN.EXE,ACROBAT.EXE,MSPAINT.EXE,NDSDISK.EXE,POWERPNT.EXE,MSAGENT.EXE,UPDATECLT.EXE,
KUI.EXE,KLSCLIENT.EXE,TSVNCACHE.EXE,FOXIT READER.EXE,VERCLSID.EXE,EXCEL.EXE,REGEDIT.EXE,MSTSC.EXE,WINLOGON.EXE,APPROVEMANAGER.EXE,EXPLORER.EXE,XPSVIEWER.EXE,MSHTA.EXE,DRIVERINSTALL.EXE,NOTEPAD.EXE,DW20.EXE,IPCONFIG.EXE,TASKMGR.EXE,EVERYTHING.EXE,IEXPLORE.EXE,VISIO.EXE,MONITOR.EXE,E_L20IC2.EXE,WINWORD.EXE,RUNDLL32.EXE,ACROBAT.EXE,CMD.EXE,NDSDISK.EXE,POWERPNT.EXE,
KLSCLIENT.EXE,VPXCLIENT.EXE,WINLOGON.EXE,EXPLORER.EXE,DW20.EXE,TASKMGR.EXE,CFTPPRO.EXE,IEXPLORE.EXE,FTPTE.EXE,MONITOR.EXE,E_L20IC2.EXE,WINWORD.EXE,NDSDISK.EXE,ACROBAT.EXE,
VERCLSID.EXE,DEVENV.EXE,KLSCLIENT.EXE,MSOXMLED.EXE,EXCEL.EXE,TSVNCACHE.EXE,FOXIT READER.EXE,WINRAR.EXE,WRAPPER.EXE,MMC.EXE,MSTSC.EXE,APPROVEMANAGER.EXE,WINLOGON.EXE,TESTKPISEND.EXE,NOTEPAD.EXE,XPSVIEWER.EXE,MSHTA.EXE,EXPLORER.EXE,NOTEPAD++.EXE,NETSTAT.EXE,CFTPPRO.EXE,EVERYTHING.EXE,VSLAUNCHER.EXE,TASKMGR.EXE,IEXPLORE.EXE,FTPTE.EXE,CTFMON.EXE,MONITOR.EXE,E_L20IC2.EXE,RUNDLL32.EXE,INFOPATH.EXE,WINWORD.EXE,ACROBAT.EXE,CMD.EXE,NDSDISK.EXE,CHROME.EXE,
WIRESHARK.EXE,PINYINUP.EXE,FOXIT READER.EXE,KLSCLIENT.EXE,TSVNCACHE.EXE,DEVENV.EXE,TORTOISEPROC.EXE,EXCEL.EXE,WINRAR.EXE,VPXCLIENT.EXE,PLSQLDEV.EXE,WINLOGON.EXE,MSTSC.EXE,TESTKPISEND.EXE,NOTEPAD++.EXE,EXPLORER.EXE,NOTEPAD.EXE,TASKMGR.EXE,EVERYTHING.EXE,CVTRES.EXE,CLI.EXE,DEXPLORE.EXE,NERO.EXE,FSCAPTURE.EXE,IEXPLORE.EXE,XORTIME.EXE,SVCCONFIGEDITOR.EXE,WINWORD.EXE,E_L20IC2.EXE,CSC.EXE,TORTOISEMERGE.EXE,ACROBAT.EXE,CMD.EXE,NDSDISK.EXE,ESP_EVENTANALYZE_SVR.EXE,
KLSCLIENT.EXE,DEVENV.EXE,IPFW.EXE,APPROVEMANAGER.EXE,WINLOGON.EXE,EXPLORER.EXE,XPSVIEWER.EXE,MSHTA.EXE,NOTEPAD.EXE,WGET.EXE,TASKMGR.EXE,MONITOR.EXE,E_L20IC2.EXE,WINWORD.EXE,NDSDISK.EXE,ACROBAT.EXE,

KLSCLIENT.EXE,TSVNCACHE.EXE,DEVENV.EXE,EXCEL.EXE,TORTOISEPROC.EXE,WINRAR.EXE,PLSQLDEV.EXE,WINLOGON.EXE,MSTSC.EXE,TESTKPISEND.EXE,NOTEPAD.EXE,EXPLORER.EXE,XPSVIEWER.EXE,MSHTA.EXE,NOTEPAD++.EXE,DEPENDS.EXE,TASKMGR.EXE,EVERYTHING.EXE,XORTIME.EXE,IEXPLORE.EXE,E_L20IC2.EXE,RUNDLL32.EXE,WINWORD.EXE,ACROBAT.EXE,NDSDISK.EXE,CMD.EXE,
EXCEL.EXE,KLSCLIENT.EXE,DEVENV.EXE,FOXIT READER.EXE,VERCLSID.EXE,PLSQLDEV.EXE,WINLOGON.EXE,MSTSC.EXE,NOTEPAD.EXE,EXPLORER.EXE,NOTEPAD++.EXE,XPSVIEWER.EXE,MSHTA.EXE,EVERYTHING.EXE,CFTPPRO.EXE,TASKMGR.EXE,IEXPLORE.EXE,XORTIME.EXE,FTPTE.EXE,E_L20IC2.EXE,WINWORD.EXE,RUNDLL32.EXE,NDSDISK.EXE,ACROBAT.EXE,CHROME.EXE,





NYFEDIT.EXE,KUI.EXE,FOXIT READER.EXE,WINRAR.EXE,PLSQLDEV.EXE,TESTKPISEND.EXE,MSTSC.EXE,WINLOGON.EXE,EXPLORER.EXE,NOTEPAD.EXE,DW20.EXE,CFTPPRO.EXE,NETCOFFER.EXE,TASKMGR.EXE,EVERYTHING.EXE,IEXPLORE.EXE,FTPTE.EXE,E_L20IC2.EXE,RUNDLL32.EXE,WINWORD.EXE,JAVAW.EXE,ACROBAT.EXE,CHROME.EXE,NDSDISK.EXE,
VERCLSID.EXE,FOXIT READER.EXE,TORTOISEPROC.EXE,NYFEDIT.EXE,DEVENV.EXE,TSVNCACHE.EXE,KLSCLIENT.EXE,WINRAR.EXE,PLSQLDEV.EXE,WINLOGON.EXE,NOTEPAD++.EXE,DRIVERINSTALL.EXE,EXPLORER.EXE,XPSVIEWER.EXE,MSHTA.EXE,NOTEPAD.EXE,CFTPPRO.EXE,EVERYTHING.EXE,WINMD51.1.EXE,FTPTE.EXE,IEXPLORE.EXE,TORTOISEMERGE.EXE,WINWORD.EXE,E_L20IC2.EXE,ACROBAT.EXE,PYTHON.EXE,CMD.EXE,NDSDISK.EXE,MSAGENT.EXE,POWERPNT.EXE,CHROME.EXE,
EXCEL.EXE,KUI.EXE,KLSCLIENT.EXE,TSVNCACHE.EXE,DEVENV.EXE,PING.EXE,FOXIT READER.EXE,NYFEDIT.EXE,VERCLSID.EXE,PLSQLDEV.EXE,WINLOGON.EXE,TESTKPISEND.EXE,NOTEPAD++.EXE,EXPLORER.EXE,NOTEPAD.EXE,TASKMGR.EXE,DEXPLORE.EXE,CFTPPRO.EXE,NDSCMDLN.EXE,EVERYTHING.EXE,IEXPLORE.EXE,FTPTE.EXE,WINWORD.EXE,ACROBAT.EXE,CMD.EXE,CHROME.EXE,NDSDISK.EXE,
TORTOISEPROC.EXE,CLIENTSETUP.EXE,CENTERSETUP.EXE,DEVENV.EXE,EXCEL.EXE,TSVNCACHE.EXE,KLSCLIENT.EXE,PLSQLDEV.EXE,VPXCLIENT.EXE,MSTSC.EXE,WINLOGON.EXE,MSHTA.EXE,XPSVIEWER.EXE,EXPLORER.EXE,DRIVERINSTALL.EXE,NOTEPAD++.EXE,EVERYTHING.EXE,CFTPPRO.EXE,IEXPLORE.EXE,FTPTE.EXE,COPLOCKUSER.EXE,WINWORD.EXE,MONITORSETUP.EXE,E_L20IC2.EXE,BJAM.EXE,RUNDLL32.EXE,ACROBAT.EXE,CMD.EXE,CHROME.EXE,NDSDISK.EXE,ESP_SNMPCOLLECTOR.EXE,
EXCEL.EXE,KUI.EXE,TSVNCACHE.EXE,KLSCLIENT.EXE,VERCLSID.EXE,GOOGLEPINYININSTALLER.EXE,∑…«ÔFEIQ0.EXE,WINRAR.EXE,WINLOGON.EXE,CHROMESTANDALONE_55.0.2883.87_SETUP.EXE,PYCHARM-COMMUNITY-2016.2.2.EXE,MSTSC.EXE,EXPLORER.EXE,H_DNTU5X.EXE,NEOIMAGINGSETUP_4.4.1.EXE,FM728CHB378_BUILD_SETUP.EXE,ZENTAOPMS.8.2.5.EXE,DXPERIENCE V2008 VOL 2.6.EXE,MYECLIPSE-PRO-2014-GA-OFFLINE-INSTALLER-WINDOWS.EXE,NOTEPAD.EXE,ARSWP3.EXE,NETCOFFER.EXE,TASKMGR.EXE,EVERYTHING.EXE,CFTPPRO.EXE,WINMD51.1.EXE,IPCONVERTER.EXE,NESSUS-3[1].0.6.1.EXE,IEXPLORE.EXE,LEAPFTP.EXE,PUTTY.EXE,FTPTE.EXE,XORTIME.EXE,WINWORD.EXE,RUNDLL32.EXE,DBGVIEW.EXE,XORTIME_V2.1.1_SETUP.EXE,ACROBAT.EXE,NDSDISK.EXE,POWERPNT.EXE,RAMMAP.EXE,XORTIME_V2.1.2_SETUP.EXE,FIREFOX-FULL-LATEST.EXE,
KLSCLIENT.EXE,CLIENTSETUP.EXE,CENTERSETUP.EXE,TORTOISEPROC.EXE,ESP_PKTSIZE_SVR.EXE,ESP_NETFLOW_SVR.EXE,JDK-8U66-WINDOWS-I586.EXE,VERCLSID.EXE,WINRAR.EXE,MSIMN.EXE,APPROVEMANAGER.EXE,MSTSC.EXE,JDK-7U80-WINDOWS-I586.EXE,JDK-6U45-WINDOWS-I586.EXE,WINLOGON.EXE,NOTEPAD.EXE,XPSVIEWER.EXE,MSHTA.EXE,DRIVERINSTALL.EXE,EXPLORER.EXE,CFTPPRO.EXE,EVERYTHING.EXE,FORTIFY-SCA-5[1].2.1-WINDOWS-X86.EXE,TASKMGR.EXE,FTPTE.EXE,NERO.EXE,GETNETINFO.EXE,E_L20IC2.EXE,MONITORSETUP.EXE,ESP_NORMALEVENT_STAT_SVR.EXE,WINWORD.EXE,ACROBAT.EXE,CMD.EXE,NDSDISK.EXE,

KUI.EXE,TSVNCACHE.EXE,KLSCLIENT.EXE,EXCEL.EXE,APPROVEMANAGER.EXE,WINLOGON.EXE,EXPLORER.EXE,CFTPPRO.EXE,IEXPLORE.EXE,FTPTE.EXE,ACROBAT.EXE,NDSDISK.EXE,
DEVENV.EXE,VERCLSID.EXE,KLSCLIENT.EXE,KUI.EXE,TORTOISEPROC.EXE,MSOXMLED.EXE,PLSQLDEV.EXE,WINLOGON.EXE,MSTSC.EXE,APPROVEMANAGER.EXE,TESTKPISEND.EXE,EXPLORER.EXE,NOTEPAD++.EXE,NOTEPAD.EXE,TASKMGR.EXE,EVERYTHING.EXE,VMWARE-TRAY.EXE,IPCONVERTER.EXE,LOGONMAN.EXE,ACROBAT.EXE,CMD.EXE,UPDATECLT.EXE,MSAGENT.EXE,CHROME.EXE,ESP_EVENTANALYZE_SVR.EXE,
KLSCLIENT.EXE,DEVENV.EXE,VERCLSID.EXE,FOXIT READER.EXE,MSOXMLED.EXE,PLSQLDEV.EXE,MSTSC.EXE,TESTKPISEND.EXE,NOTEPAD.EXE,NOTEPAD++.EXE,TASKMGR.EXE,IPCONVERTER.EXE,EVERYTHING.EXE,ESP_EVENTANALYZE_SVR1000.EXE,E_L20IC2.EXE,RUNDLL32.EXE,WINWORD.EXE,ACROBAT.EXE,CHROME.EXE,CMD.EXE,ESP_EVENTANALYZE_SVR.EXE,
VERCLSID.EXE,FOXIT READER.EXE,DEVENV.EXE,KLSCLIENT.EXE,VPXCLIENT.EXE,WINRAR.EXE,WINLOGON.EXE,TESTKPISEND.EXE,EXPLORER.EXE,XPSVIEWER.EXE,MSHTA.EXE,NOTEPAD++.EXE,CFTPPRO.EXE,EVERYTHING.EXE,XORTIME.EXE,FTPTE.EXE,WINWORD.EXE,RUNDLL32.EXE,ACROBAT.EXE,CMD.EXE,CHROME.EXE,
DEVENV.EXE,KLSCLIENT.EXE,TESTFILEWRITE.EXE,MSOXMLED.EXE,WINRAR.EXE,MSTSC.EXE,TESTKPISEND.EXE,APPROVEMANAGER.EXE,NOTEPAD.EXE,TASKMGR.EXE,TESTMCS3.EXE,CFTPPRO.EXE,ESP_EVENTANALYZE_SVR1000.EXE,WRITEFILE.EXE,TESTMCS.EXE,FTPTE.EXE,GSD.EXE,RUNDLL32.EXE,TESTMCS2.EXE,ACROBAT.EXE,CMD.EXE,ESP_EVENTANALYZE_SVR.EXE,


TSVNCACHE.EXE,KLSCLIENT.EXE,MSTSC.EXE,E_L20IC2.EXE,ACROBAT.EXE,ESP_EVENTANALYZE_SVR.EXE,
KLSCLIENT.EXE,FOXIT READER.EXE,NETSTAT.EXE,EVERYTHING.EXE,E_L20IC2.EXE,RUNDLL32.EXE,CMD.EXE,
KLSCLIENT.EXE,WINRAR.EXE,WINLOGON.EXE,EXPLORER.EXE,EVERYTHING.EXE,E_L20IC2.EXE,RUNDLL32.EXE,ACROBAT.EXE,

FOXIT READER.EXE,DEVENV.EXE,KLSCLIENT.EXE,WINRAR.EXE,CFTPPRO.EXE,CMD.EXE,ACROBAT.EXE,ESP_EVENTANALYZE_SVR.EXE,
KLSCLIENT.EXE,TORTOISEPROC.EXE,DEVENV.EXE,ESP_STATISTIC_SVR.VSHOST.EXE,MSTSC.EXE,INSTALLUTIL.EXE,ESP_STATISTIC_SVR.EXE,NOTEPAD++.EXE,NOTEPAD.EXE,TESTEXE.EXE,XPSVIEWER.EXE,MSHTA.EXE,GUSERSERVICECONFIGTOOL.EXE,VSLAUNCHER.EXE,TASKMGR.EXE,DEXPLORE.EXE,STATISTICSERVICE.EXE,E_L20IC2.EXE,TORTOISEMERGE.EXE,STATISTICSERVICE.VSHOST.EXE,ACROBAT.EXE,CMD.EXE,
KLSCLIENT.EXE,TESTKPISEND3.EXE,TESTKPISEND2.EXE,VERCLSID.EXE,DEVENV.EXE,FOXIT READER.EXE,WINRAR.EXE,APPROVEMANAGER.EXE,WINLOGON.EXE,EXPLORER.EXE,CFTPPRO.EXE,TASKMGR.EXE,DEXPLORE.EXE,EVERYTHING.EXE,ESP_NETSCAN_SVR.EXE,FTPTE.EXE,E_L20IC2.EXE,CMD.EXE,ACROBAT.EXE,ESP_EVENTANALYZE_SVR.EXE,
KUI.EXE,KLSCLIENT.EXE,TSVNCACHE.EXE,DEVENV.EXE,APPROVEMANAGER.EXE,TASKMGR.EXE,E_L20IC2.EXE,MONITOR.EXE,


TORTOISEPROC.EXE,DEVENV.EXE,TESTKPISEND3.EXE,TESTKPISEND2.EXE,KUI.EXE,KLSCLIENT.EXE,PLSQLDEV.EXE,MSTSC.EXE,APPROVEMANAGER.EXE,XPSVIEWER.EXE,MSHTA.EXE,NOTEPAD++.EXE,NOTEPAD.EXE,EVERYTHING.EXE,VSLAUNCHER.EXE,ESP_NETSCAN_SVR.EXE,ESP_EVENTANALYZE_SVR_BCP.EXE,CLI.EXE,TORTOISEMERGE.EXE,LOGONMAN.EXE,MONITOR.EXE,E_L20IC2.EXE,ACROBAT.EXE,CMD.EXE,ESP_EVENTANALYZE_SVR.EXE,UPDATECLT.EXE,
PINYINUP.EXE,KLSCLIENT.EXE,TSVNCACHE.EXE,DEVENV.EXE,TESTKPISEND3.EXE,TESTKPISEND2.EXE,PLSQLDEV.EXE,WINRAR.EXE,APPROVEMANAGER.EXE,TESTKPISEND.EXE,MSTSC.EXE,DWRCC.EXE,NOTEPAD.EXE,XPSVIEWER.EXE,MSHTA.EXE,NOTEPAD++.EXE,CFTPPRO.EXE,ESP_NETSCAN_SVR.EXE,EVERYTHING.EXE,IPCONVERTER.EXE,TASKMGR.EXE,ESP_EVENTANALYZE_SVR_BCP.EXE,FTPTE.EXE,WINDBG.EXE,GETNETINFO.EXE,NETSCAN.EXE,ESP_NETSCAN_SVR0428.EXE,ESP_NETSCAN_SVR2.EXE,LOGONMAN.EXE,E_L20IC2.EXE,MONITOR.EXE,CALC.EXE,CLIENT.EXE,ACROBAT.EXE,CMD.EXE,ESP_EVENTANALYZE_SVR.EXE,
DEVENV.EXE,KUI.EXE,KLSCLIENT.EXE,TSVNCACHE.EXE,PLSQLDEV.EXE,APPROVEMANAGER.EXE,MSTSC.EXE,TESTKPISEND.EXE,NOTEPAD.EXE,NOTEPAD++.EXE,ESP_EVENTANALYZE_SVR_BCP.EXE,ESP_NETSCAN_SVR.EXE,IPCONVERTER.EXE,TASKMGR.EXE,SMAX4.EXE,MONITOR.EXE,E_L20IC2.EXE,CALC.EXE,CMD.EXE,ACROBAT.EXE,ESP_EVENTANALYZE_SVR.EXE,
KUI.EXE,KLSCLIENT.EXE,TSVNCACHE.EXE,DEVENV.EXE,WINRAR.EXE,PLSQLDEV.EXE,APPROVEMANAGER.EXE,WINLOGON.EXE,TESTKPISEND.EXE,NOTEPAD.EXE,EXPLORER.EXE,NOTEPAD++.EXE,EVERYTHING.EXE,ESP_EVENTANALYZE_SVR_BCP.EXE,CFTPPRO.EXE,FTPTE.EXE,LOGONMAN.EXE,E_L20IC2.EXE,MONITOR.EXE,CALC.EXE,ACROBAT.EXE,ESP_EVENTANALYZE_SVR.EXE,CMD.EXE,
