TORTOISEPROC.EXE,VERCLSID.EXE,AMOUMAIN.EXE,WINRAR.EXE,FIREFOX.EXE,360BAOBIAO.EXE,WPS.EXE,WPP.EXE,FOXMAIL.EXE,360PAYINSURE.EXE,ACRORD32.EXE,XPSVIEWER.EXE,EXPLORER.EXE,NOTEPAD++.EXE,NOTEPAD.EXE,EVERYTHING.EXE,CLVIEW.EXE,NETCOFFER.EXE,FTPRUSH.EXE,IEXPLORE.EXE,UEDIT32.EXE,NERO.EXE,360BOXMAIN.EXE,RUNDLL32.EXE,REG.EXE,360TRAY.EXE,NDSDISK.EXE,POWERPNT.EXE,CMD.EXE,
TORTOISEPROC.EXE,AMOUMAIN.EXE,VERCLSID.EXE,DEVENV.EXE,PENGUINET.EXE,WPS.EXE,WINRAR.EXE,360BAOBIAO.EXE,FIREFOX.EXE,VMWARE.EXE,FOXMAIL.EXE,INSIGHT3.EXE,APPROVEMANAGER.EXE,360PAYINSURE.EXE,ACRORD32.EXE,FOXITREADER.EXE,XPSVIEWER.EXE,EXPLORER.EXE,NOTEPAD++.EXE,EVERYTHING.EXE,KLSSLCLIENTPROXY.EXE,NERO.EXE,IEXPLORE.EXE,UEDIT32.EXE,360BOXMAIN.EXE,TORTOISEMERGE.EXE,CAJVIEWERU.EXE,360TRAY.EXE,NDSDISK.EXE,POWERPNT.EXE,CMD.EXE,YODAODICT.EXE,

DEVENV.EXE,VERCLSID.EXE,PENGUINET.EXE,PSCP.EXE,TORTOISEPROC.EXE,WINRAR.EXE,FIREFOX.EXE,VPXCLIENT.EXE,WPS.EXE,OIS.EXE,VMWARE.EXE,HPRSNAP6.EXE,MSTSC.EXE,FOXMAIL.EXE,INSIGHT3.EXE,NOTEPAD.EXE,XPSVIEWER.EXE,WSWC.EXE,NETCOFFER.EXE,EVERYTHING.EXE,IEXPLORE.EXE,SSHCLIENT.EXE,360BOXMAIN.EXE,PSCP.EXE.LNK,MSPAINT.EXE,NTOSKRNL.EXE,CMD.EXE,
TORTOISEPROC.EXE,DEVENV.EXE,PENGUINET.EXE,VERCLSID.EXE,WPS.EXE,FIREFOX.EXE,360BAOBIAO.EXE,FOXMAIL.EXE,MSTSC.EXE,APPROVEMANAGER.EXE,360PAYINSURE.EXE,ACRORD32.EXE,SQLITEEXPERTPERS.EXE,INSIGHT3.EXE,EXPLORER.EXE,XPSVIEWER.EXE,NOTEPAD.EXE,EVERYTHING.EXE,DEXPLORE.EXE,KLSSLCLIENTPROXY.EXE,NETCOFFER.EXE,IEXPLORE.EXE,FTPRUSH.EXE,UEDIT32.EXE,SSHCLIENT.EXE,TORTOISEMERGE.EXE,MSMSGS.EXE,JAVAW.EXE,ET.EXE,360BOXMAIN.EXE,RUNDLL32.EXE,360TRAY.EXE,NDSDISK.EXE,
PENGUINET.EXE,VERCLSID.EXE,DEVENV.EXE,360BAOBIAO.EXE,WPS.EXE,WINRAR.EXE,FIREFOX.EXE,FOXMAIL.EXE,360PAYINSURE.EXE,ACRORD32.EXE,INSIGHT3.EXE,EXPLORER.EXE,NOTEPAD++.EXE,NOTEPAD.EXE,KLSSLCLIENTPROXY.EXE,EVERYTHING.EXE,IEXPLORE.EXE,UEDIT32.EXE,FTPRUSH.EXE,360BOXMAIN.EXE,CALC.EXE,RUNDLL32.EXE,NDSDISK.EXE,360TRAY.EXE,POWERPNT.EXE,
VERCLSID.EXE,WPS.EXE,360BAOBIAO.EXE,WINRAR.EXE,FOXMAIL.EXE,360PAYINSURE.EXE,ACRORD32.EXE,FOXITREADER.EXE,MSTSC.EXE,XPSVIEWER.EXE,EXPLORER.EXE,NOTEPAD++.EXE,KLSSLCLIENTPROXY.EXE,EVERYTHING.EXE,NETCOFFER.EXE,UEDIT32.EXE,IEXPLORE.EXE,FTPRUSH.EXE,360BOXMAIN.EXE,ET.EXE,360TRAY.EXE,
TORTOISEPROC.EXE,PENGUINET.EXE,VERCLSID.EXE,DEVENV.EXE,WPS.EXE,360BAOBIAO.EXE,FIREFOX.EXE,WINRAR.EXE,INSIGHT3.EXE,FOXMAIL.EXE,360PAYINSURE.EXE,APPROVEMANAGER.EXE,ACRORD32.EXE,EXPLORER.EXE,NOTEPAD++.EXE,XPSVIEWER.EXE,EVERYTHING.EXE,KLSSLCLIENTPROXY.EXE,NETCOFFER.EXE,IEXPLORE.EXE,UEDIT32.EXE,360BOXMAIN.EXE,ET.EXE,JAVAW.EXE,MSMSGS.EXE,TORTOISEMERGE.EXE,360TRAY.EXE,

VERCLSID.EXE,PENGUINET.EXE,WPS.EXE,FIREFOX.EXE,360BAOBIAO.EXE,FOXMAIL.EXE,360PAYINSURE.EXE,ACRORD32.EXE,APPROVEMANAGER.EXE,EXPLORER.EXE,NOTEPAD++.EXE,NOTEPAD.EXE,NETCOFFER.EXE,EVERYTHING.EXE,KLSSLCLIENTPROXY.EXE,IEXPLORE.EXE,UEDIT32.EXE,360BOXMAIN.EXE,MSMSGS.EXE,JAVAW.EXE,NDSDISK.EXE,360TRAY.EXE,
DEVENV.EXE,TORTOISEPROC.EXE,PENGUINET.EXE,VERCLSID.EXE,WPS.EXE,FIREFOX.EXE,360BAOBIAO.EXE,WINRAR.EXE,INSIGHT3.EXE,FOXMAIL.EXE,APPROVEMANAGER.EXE,360PAYINSURE.EXE,ACRORD32.EXE,360SAFE.EXE,EXPLORER.EXE,NOTEPAD++.EXE,XPSVIEWER.EXE,NOTEPAD.EXE,KLSSLCLIENTPROXY.EXE,CLI.EXE,NETCOFFER.EXE,EVERYTHING.EXE,TASKMGR.EXE,SSHCLIENT.EXE,IEXPLORE.EXE,UEDIT32.EXE,FTPRUSH.EXE,360SETTINGCENTER.EXE,360BOXMAIN.EXE,RUNDLL32.EXE,MSMSGS.EXE,JAVAW.EXE,TORTOISEMERGE.EXE,DBGVIEW.EXE,360TRAY.EXE,NDSDISK.EXE,CHROME.EXE,
PENGUINET.EXE,VERCLSID.EXE,FIREFOX.EXE,WINRAR.EXE,360BAOBIAO.EXE,VMWARE.EXE,WPS.EXE,INSIGHT3.EXE,FOXMAIL.EXE,ACRORD32.EXE,APPROVEMANAGER.EXE,360PAYINSURE.EXE,MMC.EXE,MSTSC.EXE,WINLOGON.EXE,NOTEPAD.EXE,XPSVIEWER.EXE,EXPLORER.EXE,FRT610DRIVERSINSTALLER.EXE,NOTEPAD++.EXE,EVERYTHING.EXE,KLSSLCLIENTPROXY.EXE,CLI.EXE,SSHCLIENT.EXE,FTPRUSH.EXE,UEDIT32.EXE,IEXPLORE.EXE,360BOXMAIN.EXE,MSMSGS.EXE,JAVAW.EXE,RUNDLL32.EXE,ET.EXE,CHROME.EXE,YODAODICT.EXE,360TRAY.EXE,
PENGUINET.EXE,VERCLSID.EXE,WPS.EXE,FIREFOX.EXE,360BAOBIAO.EXE,WINRAR.EXE,FOXMAIL.EXE,INSIGHT3.EXE,360PAYINSURE.EXE,ACRORD32.EXE,APPROVEMANAGER.EXE,EXPLORER.EXE,NOTEPAD++.EXE,XPSVIEWER.EXE,EVERYTHING.EXE,KLSSLCLIENTPROXY.EXE,SSHCLIENT.EXE,IEXPLORE.EXE,UEDIT32.EXE,FTPRUSH.EXE,360BOXMAIN.EXE,MSMSGS.EXE,JAVAW.EXE,CALC.EXE,ET.EXE,POWERPNT.EXE,360TRAY.EXE,CHROME.EXE,
PENGUINET.EXE,VERCLSID.EXE,TORTOISEPROC.EXE,WPS.EXE,360BAOBIAO.EXE,FIREFOX.EXE,INSIGHT3.EXE,FOXMAIL.EXE,APPROVEMANAGER.EXE,360PAYINSURE.EXE,ACRORD32.EXE,XPSVIEWER.EXE,NOTEPAD.EXE,EXPLORER.EXE,NOTEPAD++.EXE,NETSTAT.EXE,NETCOFFER.EXE,KLSSLCLIENTPROXY.EXE,EVERYTHING.EXE,SSHCLIENT.EXE,IEXPLORE.EXE,UEDIT32.EXE,MSMSGS.EXE,JAVAW.EXE,CALC.EXE,360BOXMAIN.EXE,ET.EXE,TORTOISEMERGE.EXE,360TRAY.EXE,CMD.EXE,CHROME.EXE,
VERCLSID.EXE,PENGUINET.EXE,TORTOISEPROC.EXE,CONIME.EXE,360BAOBIAO.EXE,WINRAR.EXE,WPS.EXE,FIREFOX.EXE,FOXMAIL.EXE,APPROVEMANAGER.EXE,360PAYINSURE.EXE,ACRORD32.EXE,INSIGHT3.EXE,SQLITEEXPERTPERS.EXE,IPERF.EXE,MSTSC.EXE,EXPLORER.EXE,NOTEPAD.EXE,KLSSLCLIENTPROXY.EXE,NDSCMDLN.EXE,EVERYTHING.EXE,TASKMGR.EXE,UEDIT32.EXE,IEXPLORE.EXE,SSHCLIENT.EXE,MSMSGS.EXE,JAVAW.EXE,360BOXMAIN.EXE,ET.EXE,RUNDLL32.EXE,TORTOISEMERGE.EXE,360TRAY.EXE,NDSDISK.EXE,CMD.EXE,POWERPNT.EXE,
VERCLSID.EXE,DEVENV.EXE,PINYINUP.EXE,PENGUINET.EXE,TORTOISEPROC.EXE,360BAOBIAO.EXE,WPS.EXE,WINRAR.EXE,FIREFOX.EXE,APPROVEMANAGER.EXE,360PAYINSURE.EXE,ACRORD32.EXE,FOXMAIL.EXE,INSIGHT3.EXE,SQLITEEXPERTPERS.EXE,EXPLORER.EXE,NOTEPAD++.EXE,XPSVIEWER.EXE,IMEUTIL.EXE,KLSSLCLIENTPROXY.EXE,EVERYTHING.EXE,UEDIT32.EXE,IEXPLORE.EXE,SSHCLIENT.EXE,MSMSGS.EXE,JAVAW.EXE,DBGVIEW.EXE,360BOXMAIN.EXE,TORTOISEMERGE.EXE,360TRAY.EXE,NDSDISK.EXE,

TORTOISEPROC.EXE,VERCLSID.EXE,PENGUINET.EXE,DEVENV.EXE,FIREFOX.EXE,WINRAR.EXE,WPS.EXE,360BAOBIAO.EXE,FOXITREADER.EXE,ACRORD32.EXE,FOXMAIL.EXE,INSIGHT3.EXE,SQLITEEXPERTPERS.EXE,APPROVEMANAGER.EXE,360PAYINSURE.EXE,NOTEPAD.EXE,EXPLORER.EXE,XPSVIEWER.EXE,NETCOFFER.EXE,KLSSLCLIENTPROXY.EXE,EVERYTHING.EXE,NDSCMDLN.EXE,SSHCLIENT.EXE,IEXPLORE.EXE,UEDIT32.EXE,FTPRUSH.EXE,360BOXMAIN.EXE,TORTOISEMERGE.EXE,RUNDLL32.EXE,MSMSGS.EXE,JAVAW.EXE,ET.EXE,360TRAY.EXE,
PENGUINET.EXE,VERCLSID.EXE,PSCP.EXE,CONIME.EXE,PING.EXE,WPS.EXE,360BAOBIAO.EXE,FIREFOX.EXE,WINRAR.EXE,ACRORD32.EXE,FOXITREADER.EXE,FOXMAIL.EXE,APPROVEMANAGER.EXE,360PAYINSURE.EXE,GETKOALINFO.EXE,EXPLORER.EXE,NOTEPAD++.EXE,EVERYTHING.EXE,KLSSLCLIENTPROXY.EXE,TASKMGR.EXE,IEXPLORE.EXE,UEDIT32.EXE,SSHCLIENT.EXE,360BOXMAIN.EXE,MSMSGS.EXE,JAVAW.EXE,ET.EXE,WINWORD.EXE,360TRAY.EXE,NDSDISK.EXE,UPDATECLT.EXE,CMD.EXE,
PENGUINET.EXE,DEVENV.EXE,VERCLSID.EXE,WPS.EXE,VMWARE.EXE,FIREFOX.EXE,360BAOBIAO.EXE,WINRAR.EXE,VPXCLIENT.EXE,SQLITEEXPERTPERS.EXE,FOXMAIL.EXE,APPROVEMANAGER.EXE,GETKOALINFO.EXE,360PAYINSURE.EXE,ACRORD32.EXE,INSIGHT3.EXE,EXPLORER.EXE,NOTEPAD++.EXE,NOTEPAD.EXE,EVERYTHING.EXE,SSHCLIENT.EXE,IEXPLORE.EXE,UEDIT32.EXE,ET.EXE,360BOXMAIN.EXE,360TRAY.EXE,NDSDISK.EXE,NTOSKRNL.EXE,
TORTOISEPROC.EXE,VERCLSID.EXE,PENGUINET.EXE,WPS.EXE,FIREFOX.EXE,360BAOBIAO.EXE,VMWARE.EXE,WINRAR.EXE,FOXMAIL.EXE,APPROVEMANAGER.EXE,GETKOALINFO.EXE,ACRORD32.EXE,360PAYINSURE.EXE,MSTSC.EXE,NOTEPAD++.EXE,EXPLORER.EXE,XPSVIEWER.EXE,NETCOFFER.EXE,EVERYTHING.EXE,UEDIT32.EXE,IEXPLORE.EXE,360BOXMAIN.EXE,ET.EXE,WINWORD.EXE,360TRAY.EXE,
VERCLSID.EXE,PENGUINET.EXE,FIREFOX.EXE,360BAOBIAO.EXE,WPS.EXE,FOXMAIL.EXE,APPROVEMANAGER.EXE,GETKOALINFO.EXE,360PAYINSURE.EXE,ACRORD32.EXE,FOXITREADER.EXE,NOTEPAD.EXE,EXPLORER.EXE,NOTEPAD++.EXE,XPSVIEWER.EXE,EVERYTHING.EXE,KLSSLCLIENTPROXY.EXE,UEDIT32.EXE,IEXPLORE.EXE,FTPRUSH.EXE,ET.EXE,JAVAW.EXE,MSMSGS.EXE,360BOXMAIN.EXE,360TRAY.EXE,NDSDISK.EXE,POWERPNT.EXE,


TORTOISEPROC.EXE,VERCLSID.EXE,WPS.EXE,360BAOBIAO.EXE,FIREFOX.EXE,FOXITREADER.EXE,ACRORD32.EXE,FOXMAIL.EXE,360PAYINSURE.EXE,APPROVEMANAGER.EXE,GETKOALINFO.EXE,EXPLORER.EXE,NOTEPAD++.EXE,EVERYTHING.EXE,NETCOFFER.EXE,KLSSLCLIENTPROXY.EXE,UEDIT32.EXE,FTPRUSH.EXE,360BOXMAIN.EXE,ET.EXE,RUNDLL32.EXE,MSMSGS.EXE,JAVAW.EXE,NDSDISK.EXE,POWERPNT.EXE,
VERCLSID.EXE,360BAOBIAO.EXE,WPS.EXE,FIREFOX.EXE,WINRAR.EXE,360PAYINSURE.EXE,FOXMAIL.EXE,MSTSC.EXE,FOXITREADER.EXE,APPROVEMANAGER.EXE,GETKOALINFO.EXE,ACRORD32.EXE,XPSVIEWER.EXE,EXPLORER.EXE,NOTEPAD.EXE,NOTEPAD++.EXE,EVERYTHING.EXE,KLSSLCLIENTPROXY.EXE,UEDIT32.EXE,IEXPLORE.EXE,FTPRUSH.EXE,360BOXMAIN.EXE,JAVAW.EXE,MSMSGS.EXE,ET.EXE,YODAODICT.EXE,360TRAY.EXE,NDSDISK.EXE,NTOSKRNL.EXE,POWERPNT.EXE,
DEVENV.EXE,VERCLSID.EXE,PENGUINET.EXE,REGEXBUDDY.EXE,WPS.EXE,FIREFOX.EXE,360BAOBIAO.EXE,INSIGHT3.EXE,MSDEV.EXE,FOXMAIL.EXE,MSTSC.EXE,SQLITEEXPERTPERS.EXE,360PAYINSURE.EXE,APPROVEMANAGER.EXE,GETKOALINFO.EXE,ACRORD32.EXE,WINLOGON.EXE,FOXITREADER.EXE,XPSVIEWER.EXE,NOTEPAD.EXE,EXPLORER.EXE,NOTEPAD++.EXE,EVERYTHING.EXE,KLSSLCLIENTPROXY.EXE,UEDIT32.EXE,IEXPLORE.EXE,SSHCLIENT.EXE,360BOXMAIN.EXE,RUNDLL32.EXE,JAVAW.EXE,MSMSGS.EXE,ET.EXE,360TRAY.EXE,POWERPNT.EXE,
PENGUINET.EXE,VERCLSID.EXE,WINRAR.EXE,VMWARE.EXE,WPS.EXE,FIREFOX.EXE,360BAOBIAO.EXE,FOXMAIL.EXE,APPROVEMANAGER.EXE,GETKOALINFO.EXE,ACRORD32.EXE,360PAYINSURE.EXE,EXPLORER.EXE,EVERYTHING.EXE,KLSSLCLIENTPROXY.EXE,FTPRUSH.EXE,VISIO.EXE,NERO.EXE,UEDIT32.EXE,IEXPLORE.EXE,360BOXMAIN.EXE,JAVAW.EXE,MSMSGS.EXE,CHROME.EXE,POWERPNT.EXE,360TRAY.EXE,CMD.EXE,
PENGUINET.EXE,CONIME.EXE,PING.EXE,VERCLSID.EXE,TORTOISEPROC.EXE,WINRAR.EXE,WPS.EXE,360BAOBIAO.EXE,VMWARE.EXE,FOXMAIL.EXE,APPROVEMANAGER.EXE,GETKOALINFO.EXE,ACRORD32.EXE,360PAYINSURE.EXE,INSIGHT3.EXE,EXPLORER.EXE,NOTEPAD++.EXE,GREENBROWSER.EXE,NOTEPAD.EXE,XPSVIEWER.EXE,KLSSLCLIENTPROXY.EXE,NDSCMDLN.EXE,EVERYTHING.EXE,NETCOFFER.EXE,FTPRUSH.EXE,UEDIT32.EXE,IEXPLORE.EXE,360BOXMAIN.EXE,MSMSGS.EXE,JAVAW.EXE,ET.EXE,TORTOISEMERGE.EXE,CMD.EXE,360TRAY.EXE,NDSDISK.EXE,CHROME.EXE,YODAODICT.EXE,


TORTOISEPROC.EXE,VERCLSID.EXE,FIREFOX.EXE,WPS.EXE,360BAOBIAO.EXE,WINRAR.EXE,FOXMAIL.EXE,APPROVEMANAGER.EXE,360PAYINSURE.EXE,GETKOALINFO.EXE,ACRORD32.EXE,XPSVIEWER.EXE,NOTEPAD++.EXE,EXPLORER.EXE,NOTEPAD.EXE,KLSSLCLIENTPROXY.EXE,EVERYTHING.EXE,NETCOFFER.EXE,UEDIT32.EXE,IEXPLORE.EXE,FTPRUSH.EXE,RUNDLL32.EXE,360BOXMAIN.EXE,DBGVIEW.EXE,UPDATECLT.EXE,360TRAY.EXE,NDSDISK.EXE,
VERCLSID.EXE,PENGUINET.EXE,TORTOISEPROC.EXE,360BAOBIAO.EXE,WPS.EXE,WINRAR.EXE,FIREFOX.EXE,FOXMAIL.EXE,ACRORD32.EXE,APPROVEMANAGER.EXE,GETKOALINFO.EXE,360PAYINSURE.EXE,FOXITREADER.EXE,EXPLORER.EXE,NOTEPAD++.EXE,NOTEPAD.EXE,XPSVIEWER.EXE,KLSSLCLIENTPROXY.EXE,EVERYTHING.EXE,UEDIT32.EXE,IEXPLORE.EXE,FTPRUSH.EXE,MSMSGS.EXE,JAVAW.EXE,360BOXMAIN.EXE,ET.EXE,CHROME.EXE,360TRAY.EXE,NDSDISK.EXE,POWERPNT.EXE,
PINYINUP.EXE,PSCP.EXE,PENGUINET.EXE,VERCLSID.EXE,DEVENV.EXE,WPS.EXE,FIREFOX.EXE,360BAOBIAO.EXE,WINRAR.EXE,FOXMAIL.EXE,ACRORD32.EXE,FOXITREADER.EXE,APPROVEMANAGER.EXE,GETKOALINFO.EXE,360PAYINSURE.EXE,MSTSC.EXE,NOTEPAD.EXE,EXPLORER.EXE,NOTEPAD++.EXE,XPSVIEWER.EXE,EVERYTHING.EXE,NETCOFFER.EXE,KLSSLCLIENTPROXY.EXE,IEXPLORE.EXE,UEDIT32.EXE,NERO.EXE,360BOXMAIN.EXE,MSMSGS.EXE,JAVAW.EXE,ET.EXE,NTOSKRNL.EXE,360TRAY.EXE,NDSDISK.EXE,CHROME.EXE,
VERCLSID.EXE,PSCP.EXE,PENGUINET.EXE,360BAOBIAO.EXE,WPS.EXE,WINRAR.EXE,FOXMAIL.EXE,APPROVEMANAGER.EXE,GETKOALINFO.EXE,360PAYINSURE.EXE,ACRORD32.EXE,NOTEPAD.EXE,EXPLORER.EXE,NOTEPAD++.EXE,XPSVIEWER.EXE,EVERYTHING.EXE,KLSSLCLIENTPROXY.EXE,SQLITEDEV.EXE,IEXPLORE.EXE,UEDIT32.EXE,MSMSGS.EXE,JAVAW.EXE,ET.EXE,360BOXMAIN.EXE,360TRAY.EXE,ULTRAISO.EXE,UCL.EXE,
PENGUINET.EXE,VERCLSID.EXE,TORTOISEPROC.EXE,FIREFOX.EXE,WINRAR.EXE,360BAOBIAO.EXE,WPS.EXE,FOXMAIL.EXE,APPROVEMANAGER.EXE,GETKOALINFO.EXE,360PAYINSURE.EXE,ACRORD32.EXE,NOTEPAD.EXE,EXPLORER.EXE,NOTEPAD++.EXE,EVERYTHING.EXE,KLSSLCLIENTPROXY.EXE,NETCOFFER.EXE,IEXPLORE.EXE,UEDIT32.EXE,LOGONMAN.EXE,MSMSGS.EXE,JAVAW.EXE,RUNDLL32.EXE,360BOXMAIN.EXE,ET.EXE,360TRAY.EXE,NDSDISK.EXE,POWERPNT.EXE,ULTRAISO.EXE,

VERCLSID.EXE,PSCP.EXE,PENGUINET.EXE,360BAOBIAO.EXE,WPS.EXE,FIREFOX.EXE,WINRAR.EXE,360PAYINSURE.EXE,FOXMAIL.EXE,ACRORD32.EXE,FOXITREADER.EXE,APPROVEMANAGER.EXE,GETKOALINFO.EXE,EXPLORER.EXE,XPSVIEWER.EXE,NOTEPAD.EXE,EVERYTHING.EXE,TASKMGR.EXE,NETCOFFER.EXE,FTPRUSH.EXE,UEDIT32.EXE,360BOXMAIN.EXE,ET.EXE,CALC.EXE,YODAODICT.EXE,POWERPNT.EXE,CHROME.EXE,360TRAY.EXE,NDSDISK.EXE,
VERCLSID.EXE,TORTOISEPROC.EXE,FIREFOX.EXE,360BAOBIAO.EXE,WINRAR.EXE,WPS.EXE,FOXMAIL.EXE,APPROVEMANAGER.EXE,GETKOALINFO.EXE,360PAYINSURE.EXE,ACRORD32.EXE,MSTSC.EXE,EXPLORER.EXE,NOTEPAD++.EXE,XPSVIEWER.EXE,KLSSLCLIENTPROXY.EXE,EVERYTHING.EXE,NETCOFFER.EXE,NDSCMDLN.EXE,UEDIT32.EXE,IEXPLORE.EXE,FTPRUSH.EXE,ET.EXE,RUNDLL32.EXE,JAVAW.EXE,MSMSGS.EXE,360BOXMAIN.EXE,CALC.EXE,360TRAY.EXE,NDSDISK.EXE,ULTRAISO.EXE,POWERPNT.EXE,CHROME.EXE,MSPAINT.EXE,
PENGUINET.EXE,PSCP.EXE,VERCLSID.EXE,WINRAR.EXE,FIREFOX.EXE,360BAOBIAO.EXE,WPS.EXE,FOXMAIL.EXE,FOXITREADER.EXE,APPROVEMANAGER.EXE,GETKOALINFO.EXE,360PAYINSURE.EXE,ACRORD32.EXE,NOTEPAD++.EXE,EXPLORER.EXE,NOTEPAD.EXE,XPSVIEWER.EXE,EVERYTHING.EXE,IEXPLORE.EXE,UEDIT32.EXE,ET.EXE,360BOXMAIN.EXE,NDSDISK.EXE,360TRAY.EXE,POWERPNT.EXE,
PENGUINET.EXE,CONIME.EXE,PING.EXE,VERCLSID.EXE,DEVENV.EXE,TORTOISEPROC.EXE,WINRAR.EXE,WPS.EXE,360BAOBIAO.EXE,FIREFOX.EXE,VMWARE.EXE,MSTSC.EXE,FOXMAIL.EXE,360PAYINSURE.EXE,APPROVEMANAGER.EXE,GETKOALINFO.EXE,ACRORD32.EXE,FOXITREADER.EXE,SQLITEEXPERTPERS.EXE,WINLOGON.EXE,NOTEPAD.EXE,XPSVIEWER.EXE,EXPLORER.EXE,NOTEPAD++.EXE,EVERYTHING.EXE,NETCOFFER.EXE,VMWARE-TRAY.EXE,FTPRUSH.EXE,IEXPLORE.EXE,UEDIT32.EXE,360BOXMAIN.EXE,ET.EXE,TORTOISEMERGE.EXE,CAJVIEWERU.EXE,CMD.EXE,ULTRAISO.EXE,NDSDISK.EXE,360TRAY.EXE,POWERPNT.EXE,
VERCLSID.EXE,DEVENV.EXE,FIREFOX.EXE,360BAOBIAO.EXE,WPS.EXE,FOXMAIL.EXE,APPROVEMANAGER.EXE,GETKOALINFO.EXE,ACRORD32.EXE,360PAYINSURE.EXE,MSTSC.EXE,XPSVIEWER.EXE,EXPLORER.EXE,NOTEPAD.EXE,EVERYTHING.EXE,SQLITEDEV.EXE,NETCOFFER.EXE,IEXPLORE.EXE,UEDIT32.EXE,CALC.EXE,360BOXMAIN.EXE,ET.EXE,POWERPNT.EXE,360TRAY.EXE,YODAODICT.EXE,
PENGUINET.EXE,CONIME.EXE,PING.EXE,VERCLSID.EXE,TORTOISEPROC.EXE,WPS.EXE,FIREFOX.EXE,360BAOBIAO.EXE,VMWARE.EXE,WINRAR.EXE,FOXMAIL.EXE,APPROVEMANAGER.EXE,GETKOALINFO.EXE,360PAYINSURE.EXE,ACRORD32.EXE,INSIGHT3.EXE,EXPLORER.EXE,NOTEPAD++.EXE,XPSVIEWER.EXE,NOTEPAD.EXE,EVERYTHING.EXE,WSWC.EXE,IEXPLORE.EXE,UEDIT32.EXE,ET.EXE,TORTOISEMERGE.EXE,360BOXMAIN.EXE,NDSDISK.EXE,360TRAY.EXE,CMD.EXE,CHROME.EXE,


TORTOISEPROC.EXE,LIVEUPDATE360.EXE,VERCLSID.EXE,PENGUINET.EXE,PSCP.EXE,PING.EXE,FIREFOX.EXE,WPS.EXE,WINRAR.EXE,360BAOBIAO.EXE,VMWARE.EXE,FOXMAIL.EXE,FOXITREADER.EXE,APPROVEMANAGER.EXE,360PAYINSURE.EXE,GETKOALINFO.EXE,ACRORD32.EXE,MSTSC.EXE,XPSVIEWER.EXE,EXPLORER.EXE,NDSCMDLN.EXE,KLSSLCLIENTPROXY.EXE,NETCOFFER.EXE,EVERYTHING.EXE,UEDIT32.EXE,IEXPLORE.EXE,FTPRUSH.EXE,360BOXMAIN.EXE,RUNDLL32.EXE,ET.EXE,NDSDISK.EXE,CMD.EXE,
PENGUINET.EXE,VERCLSID.EXE,WPS.EXE,WINRAR.EXE,FIREFOX.EXE,360BAOBIAO.EXE,FOXMAIL.EXE,FOXITREADER.EXE,ACRORD32.EXE,APPROVEMANAGER.EXE,GETKOALINFO.EXE,360PAYINSURE.EXE,MSTSC.EXE,NOTEPAD++.EXE,EXPLORER.EXE,NOTEPAD.EXE,XPSVIEWER.EXE,KLSSLCLIENTPROXY.EXE,EVERYTHING.EXE,KSOLAUNCH.EXE,IEXPLORE.EXE,FTPRUSH.EXE,UEDIT32.EXE,360BOXMAIN.EXE,MSMSGS.EXE,JAVAW.EXE,ET.EXE,NDSDISK.EXE,360TRAY.EXE,
PENGUINET.EXE,VERCLSID.EXE,TORTOISEPROC.EXE,WPS.EXE,360BAOBIAO.EXE,FIREFOX.EXE,FOXMAIL.EXE,MSTSC.EXE,360PAYINSURE.EXE,ACRORD32.EXE,FOXITREADER.EXE,APPROVEMANAGER.EXE,GETKOALINFO.EXE,DXDIAG.EXE,NOTEPAD++.EXE,EXPLORER.EXE,EVERYTHING.EXE,UEDIT32.EXE,IEXPLORE.EXE,ET.EXE,360BOXMAIN.EXE,RUNDLL32.EXE,360TRAY.EXE,

TORTOISEPROC.EXE,FIREFOX.EXE,WPS.EXE,FOXMAIL.EXE,360PAYINSURE.EXE,EXPLORER.EXE,NOTEPAD++.EXE,NDSCMDLN.EXE,EVERYTHING.EXE,IEXPLORE.EXE,CALC.EXE,360BOXMAIN.EXE,
VERCLSID.EXE,WIRESHARK.EXE,PING.EXE,TORTOISEPROC.EXE,PENGUINET.EXE,CONIME.EXE,TSVNCACHE.EXE,FIREFOX.EXE,WPS.EXE,VMWARE.EXE,FOXMAIL.EXE,APPROVEMANAGER.EXE,360PAYINSURE.EXE,GETKOALINFO.EXE,ACRORD32.EXE,INSIGHT3.EXE,FOXITREADER.EXE,MSTSC.EXE,NOTEPAD++.EXE,EXPLORER.EXE,NOTEPAD.EXE,EVERYTHING.EXE,TASKMGR.EXE,WPWIZ.EXE,IPCONFIG.EXE,UEDIT32.EXE,IEXPLORE.EXE,TORTOISEMERGE.EXE,360BOXMAIN.EXE,ET.EXE,RUNDLL32.EXE,360TRAY.EXE,NDSDISK.EXE,CHROME.EXE,CMD.EXE,
VERCLSID.EXE,PENGUINET.EXE,TSVNCACHE.EXE,FIREFOX.EXE,WPS.EXE,IDEA.EXE,WINRAR.EXE,FOXMAIL.EXE,APPROVEMANAGER.EXE,GETKOALINFO.EXE,360PAYINSURE.EXE,ACRORD32.EXE,MSTSC.EXE,NOTEPAD++.EXE,EXPLORER.EXE,XPSVIEWER.EXE,NOTEPAD.EXE,EVERYTHING.EXE,NDSCMDLN.EXE,TASKMGR.EXE,ECLIPSE.EXE,UEDIT32.EXE,IEXPLORE.EXE,FTPRUSH.EXE,ET.EXE,360BOXMAIN.EXE,APACHEDIRECTORYSTUDIO.EXE,360TRAY.EXE,NDSDISK.EXE,POWERPNT.EXE,
PENGUINET.EXE,TORTOISEPROC.EXE,VERCLSID.EXE,CONIME.EXE,TELNET.EXE,WINRAR.EXE,FIREFOX.EXE,IDEA.EXE,WPS.EXE,FOXMAIL.EXE,360PAYINSURE.EXE,APPROVEMANAGER.EXE,GETKOALINFO.EXE,ACRORD32.EXE,JD-GUI.EXE,WINLOGON.EXE,EXPLORER.EXE,NOTEPAD++.EXE,EVERYTHING.EXE,ECLIPSE.EXE,UEDIT32.EXE,IEXPLORE.EXE,360BOXMAIN.EXE,TORTOISEMERGE.EXE,ET.EXE,APACHEDIRECTORYSTUDIO.EXE,CMD.EXE,360TRAY.EXE,NDSDISK.EXE,
PENGUINET.EXE,CONIME.EXE,VERCLSID.EXE,PINYINUP.EXE,FIREFOX.EXE,WPS.EXE,WINRAR.EXE,FOXMAIL.EXE,360PAYINSURE.EXE,GETKOALINFO.EXE,ACRORD32.EXE,APPROVEMANAGER.EXE,MSTSC.EXE,EXPLORER.EXE,XPSVIEWER.EXE,IMEUTIL.EXE,EVERYTHING.EXE,UEDIT32.EXE,IEXPLORE.EXE,360TRAY.EXE,CMD.EXE,NDSDISK.EXE,UPDATECLT.EXE,POWERPNT.EXE,

PINYINUP.EXE,VERCLSID.EXE,PENGUINET.EXE,TORTOISEPROC.EXE,WINRAR.EXE,WPS.EXE,FIREFOX.EXE,FOXMAIL.EXE,GETKOALINFO.EXE,360PAYINSURE.EXE,ACRORD32.EXE,APPROVEMANAGER.EXE,MSTSC.EXE,EXPLORER.EXE,NOTEPAD++.EXE,XPSVIEWER.EXE,IMEUTIL.EXE,EVERYTHING.EXE,UEDIT32.EXE,IEXPLORE.EXE,FTPRUSH.EXE,360BOXMAIN.EXE,RUNDLL32.EXE,CALC.EXE,ET.EXE,360TRAY.EXE,NDSDISK.EXE,
EXCEL.EXE,VERCLSID.EXE,PING.EXE,WPS.EXE,WINRAR.EXE,FIREFOX.EXE,IDEA.EXE,FOXMAIL.EXE,ACRORD32.EXE,FOXITREADER.EXE,MSTSC.EXE,360PAYINSURE.EXE,APPROVEMANAGER.EXE,GETKOALINFO.EXE,XPSVIEWER.EXE,EXPLORER.EXE,NOTEPAD++.EXE,EVERYTHING.EXE,NETCOFFER.EXE,ECLIPSE.EXE,KSOLAUNCH.EXE,IEXPLORE.EXE,UEDIT32.EXE,NERO.EXE,FTPRUSH.EXE,360BOXMAIN.EXE,ET.EXE,CALC.EXE,RUNDLL32.EXE,APACHEDIRECTORYSTUDIO.EXE,NDSDISK.EXE,360TRAY.EXE,CMD.EXE,
VERCLSID.EXE,PENGUINET.EXE,TSVNCACHE.EXE,PINYINUP.EXE,CONIME.EXE,PING.EXE,WPS.EXE,IDEA.EXE,WINRAR.EXE,FIREFOX.EXE,FOXMAIL.EXE,360PAYINSURE.EXE,ACRORD32.EXE,FOXITREADER.EXE,APPROVEMANAGER.EXE,GETKOALINFO.EXE,MSTSC.EXE,EXPLORER.EXE,NOTEPAD.EXE,NOTEPAD++.EXE,IMEUTIL.EXE,EVERYTHING.EXE,TASKMGR.EXE,IEXPLORE.EXE,UEDIT32.EXE,KIWI_SYSLOGD_8.3.7.SETUP.EXE,360BOXMAIN.EXE,ET.EXE,SYSLOGD_MANAGER.EXE,CALC.EXE,NDSDISK.EXE,360TRAY.EXE,CHROME.EXE,POWERPNT.EXE,CMD.EXE,
PENGUINET.EXE,VERCLSID.EXE,FIREFOX.EXE,WPS.EXE,IDEA.EXE,VMWARE.EXE,WINRAR.EXE,FOXMAIL.EXE,MSTSC.EXE,360PAYINSURE.EXE,ACRORD32.EXE,APPROVEMANAGER.EXE,GETKOALINFO.EXE,FOXITREADER.EXE,CYGWIN-X86_64.EXE,NOTEPAD++.EXE,EXPLORER.EXE,XPSVIEWER.EXE,NOTEPAD.EXE,EVERYTHING.EXE,UEDIT32.EXE,IEXPLORE.EXE,FTPRUSH.EXE,KIWI_SYSLOGD_8.3.7.SETUP.EXE,ET.EXE,360BOXMAIN.EXE,NDSDISK.EXE,360TRAY.EXE,CHROME.EXE,CYGWIN-X86.EXE,
