热带鱼~1.SCR,DllHost.exe,EXCEL.EXE,splwow64.exe,mspaint.exe,conhost.exe,bdupdate.exe,WscReg.exe,imedictupdateui.exe,360leakfixer.exe,Log2file.exe,RegGuide.exe,OSPPSVC.EXE,wmiprvse.exe,SSLVPNRedirector64.exe,WLUpdater.exe,taskhost.exe,LogonUI.exe,klmon.exe,wifihelper.exe,WDSafeDown.exe,SoftupNotify.exe,regsvr32.exe,sdiagnhost.exe,csc.exe,foxmailUAC.exe,IMECMNT.EXE,cvtres.exe,360ExpertMonitor.exe,wermgr.exe,reg.exe,WMIADAP.EXE,360sd.exe,SDIS.exe,lpremove.exe,rundll32.exe,PGPdesk.exe,SSLVPNRedirector.exe,360speedld.exe,360se.exe,WINWORD.EXE,360CleanHelper.exe,taskeng.exe,spoolsv.exe,svchost.exe,plsqldev.exe,Foxmail.exe,aitagent.EXE,360sdUpd.exe,WscControl.exe,YoudaoDictHelper.exe,HP1100SM.exe,
DllHost.exe,EXCEL.EXE,SGTool.exe,SGDownload.exe,热带鱼~1.SCR,pscp.exe,splwow64.exe,conhost.exe,bdupdate.exe,WscReg.exe,imedictupdateui.exe,Log2file.exe,360rp.exe,360leakfixer.exe,RegGuide.exe,OSPPSVC.EXE,wmiprvse.exe,SSLVPNRedirector64.exe,WinRAR.exe,NdsCmdLn.exe,klmon.exe,taskhost.exe,WLUpdater.exe,foxmailUAC.exe,SoftupNotify.exe,regsvr32.exe,LogonUI.exe,SogouExe.exe,wifihelper.exe,sdiagnhost.exe,csc.exe,360ExpertMonitor.exe,PinyinUp.exe,reg.exe,defrag.exe,explorer.exe,IMECMNT.EXE,wermgr.exe,cvtres.exe,SDIS.exe,SogouComMgr.exe,PGPdesk.exe,mscorsvw.exe,WMIADAP.EXE,360sd.exe,lpremove.exe,rundll32.exe,SSLVPNRedirector.exe,360CleanHelper.exe,WINWORD.EXE,360se.exe,notepad.exe,taskeng.exe,svchost.exe,360speedld.exe,spoolsv.exe,sppsvc.exe,KLUpdate.exe,ClearCache.exe,Foxmail.exe,360sdUpd.exe,POWERPNT.EXE,WscControl.exe,YoudaoDictHelper.exe,NetCoffer.exe,aitagent.EXE,

热带鱼~1.SCR,DllHost.exe,SGTool.exe,SGDownload.exe,PING.EXE,splwow64.exe,cftppro.exe,conhost.exe,bdupdate.exe,TortoiseProc.exe,Log2file.exe,imedictupdateui.exe,RegGuide.exe,wmiprvse.exe,ftpte.exe,SSLVPNRedirector64.exe,WLUpdater.exe,SoftupNotify.exe,regsvr32.exe,taskhost.exe,LogonUI.exe,klmon.exe,chrome.exe,SogouExe.exe,foxmailUAC.exe,sdiagnhost.exe,csc.exe,360ExpertMonitor.exe,PinyinUp.exe,wermgr.exe,IMECMNT.EXE,defrag.exe,reg.exe,cvtres.exe,SogouComMgr.exe,SDIS.exe,cmd.exe,rundll32.exe,lpremove.exe,SSLVPNRedirector.exe,taskeng.exe,notepad.exe,360speedld.exe,360CleanHelper.exe,WINWORD.EXE,svchost.exe,360sdUpd.exe,POWERPNT.EXE,Foxmail.exe,aitagent.EXE,
cftppro.exe,DllHost.exe,热带鱼~1.SCR,EXCEL.EXE,splwow64.exe,SGTool.exe,SGDownload.exe,PING.EXE,mspaint.exe,UniteFramework.Infrastructure.Shell.exe,conhost.exe,bdupdate.exe,YoudaoWSH.exe,PGPcbt64.exe,WscReg.exe,imedictupdateui.exe,Log2file.exe,360rp.exe,wmiprvse.exe,RegGuide.exe,ftpte.exe,360leakfixer.exe,OSPPSVC.EXE,ROUTE.EXE,IDBSvr.exe,devenv.exe,SSLVPNRedirector64.exe,taskhost.exe,LogonUI.exe,klmon.exe,SogouExe.exe,WLUpdater.exe,SoftupNotify.exe,regsvr32.exe,wifihelper.exe,foxmailUAC.exe,sdiagnhost.exe,mstsc.exe,chrome.exe,csc.exe,360ExpertMonitor.exe,reg.exe,IMECMNT.EXE,wermgr.exe,PinyinUp.exe,makecab.exe,cvtres.exe,SDIS.exe,mscorsvw.exe,PGPdesk.exe,WMIADAP.EXE,360sd.exe,VISIO.EXE,SogouComMgr.exe,rundll32.exe,msdt.exe,ipconfig.exe,cmd.exe,lpremove.exe,SSLVPNRedirector.exe,360CleanHelper.exe,360speedld.exe,WINWORD.EXE,taskeng.exe,360se.exe,spoolsv.exe,sppsvc.exe,PGPfsd.exe,svchost.exe,ACDSee5.exe,360sdUpd.exe,Everything.exe,Foxmail.exe,aitagent.EXE,WscControl.exe,YoudaoDictHelper.exe,iexplore.exe,POWERPNT.EXE,AL.exe,LC.exe,
DllHost.exe,PING.EXE,热带鱼~1.SCR,splwow64.exe,SGTool.exe,SGDownload.exe,cftppro.exe,UniteFramework.Infrastructure.Shell.exe,conhost.exe,bdupdate.exe,YoudaoWSH.exe,PGPcbt64.exe,WscReg.exe,imedictupdateui.exe,Log2file.exe,360rp.exe,wmiprvse.exe,OSPPSVC.EXE,RegGuide.exe,360leakfixer.exe,ftpte.exe,devenv.exe,SSLVPNRedirector64.exe,mstsc.exe,taskhost.exe,WLUpdater.exe,SoftupNotify.exe,regsvr32.exe,wifihelper.exe,LogonUI.exe,klmon.exe,foxmailUAC.exe,SogouExe.exe,csc.exe,360ExpertMonitor.exe,IMECMNT.EXE,reg.exe,wermgr.exe,PinyinUp.exe,cvtres.exe,lpremove.exe,rundll32.exe,SDIS.exe,cmd.exe,mscorsvw.exe,PGPdesk.exe,WMIADAP.EXE,360sd.exe,SogouComMgr.exe,VISIO.EXE,SSLVPNRedirector.exe,360speedld.exe,360se.exe,taskeng.exe,WINWORD.EXE,notepad.exe,360CleanHelper.exe,spoolsv.exe,sppsvc.exe,PGPfsd.exe,POWERPNT.EXE,aitagent.EXE,iexplore.exe,360sdUpd.exe,WscControl.exe,YoudaoDictHelper.exe,Foxmail.exe,AL.exe,LC.exe,Everything.exe,
DllHost.exe,热带鱼~1.SCR,cftppro.exe,mspaint.exe,splwow64.exe,EXCEL.EXE,pscp.exe,conhost.exe,bdupdate.exe,WscReg.exe,Log2file.exe,imedictupdateui.exe,RegGuide.exe,360leakfixer.exe,ftpte.exe,OSPPSVC.EXE,wmiprvse.exe,IDBSvr.exe,SSLVPNRedirector64.exe,WLUpdater.exe,SoftupNotify.exe,regsvr32.exe,taskhost.exe,foxmailUAC.exe,WinRAR.exe,LogonUI.exe,klmon.exe,defrag.exe,360ExpertMonitor.exe,wermgr.exe,reg.exe,IMECMNT.EXE,SDIS.exe,rundll32.exe,lpremove.exe,PGPdesk.exe,mscorsvw.exe,WMIADAP.EXE,360sd.exe,SSLVPNRedirector.exe,svchost.exe,360speedld.exe,360CleanHelper.exe,taskeng.exe,360se.exe,WINWORD.EXE,spoolsv.exe,sppsvc.exe,KLUpdate.exe,ClearCache.exe,notepad.exe,ACDSee5.exe,POWERPNT.EXE,360sdUpd.exe,aitagent.EXE,Foxmail.exe,WscControl.exe,YoudaoDictHelper.exe,Everything.exe,NetCoffer.exe,firefox.exe,iexplore.exe,HP1100SM.exe,
热带鱼~1.SCR,DllHost.exe,splwow64.exe,cftppro.exe,SGTool.exe,SGDownload.exe,EXCEL.EXE,pscp.exe,conhost.exe,bdupdate.exe,PGPcbt64.exe,YoudaoWSH.exe,WscReg.exe,imedictupdateui.exe,Log2file.exe,360leakfixer.exe,OSPPSVC.EXE,ftpte.exe,IDBSvr.exe,360rp.exe,wmiprvse.exe,RegGuide.exe,SSLVPNRedirector64.exe,taskhost.exe,WLUpdater.exe,SoftupNotify.exe,regsvr32.exe,LogonUI.exe,klmon.exe,wifihelper.exe,chrome.exe,foxmailUAC.exe,SogouExe.exe,IMECMNT.EXE,wermgr.exe,360ExpertMonitor.exe,reg.exe,PinyinUp.exe,WISPTIS.EXE,SDIS.exe,VISIO.EXE,lpremove.exe,rundll32.exe,WMIADAP.EXE,360sd.exe,PGPdesk.exe,mscorsvw.exe,SogouComMgr.exe,SSLVPNRedirector.exe,taskeng.exe,WINWORD.EXE,360speedld.exe,360CleanHelper.exe,ACDSee5.exe,PGPfsd.exe,spoolsv.exe,sppsvc.exe,notepad.exe,KLUpdate.exe,ClearCache.exe,Foxmail.exe,360sdUpd.exe,aitagent.EXE,WscControl.exe,YoudaoDictHelper.exe,firefox.exe,Everything.exe,MindManager.exe,NetCoffer.exe,
DllHost.exe,cftppro.exe,splwow64.exe,热带鱼~1.SCR,conhost.exe,bdupdate.exe,YoudaoWSH.exe,PGPcbt64.exe,WscReg.exe,RavService.exe,360leakfixer.exe,360rp.exe,ftpte.exe,OSPPSVC.EXE,Log2file.exe,RegGuide.exe,imedictupdateui.exe,wmiprvse.exe,SSLVPNRedirector64.exe,SoftupNotify.exe,regsvr32.exe,taskhost.exe,WLUpdater.exe,LogonUI.exe,klmon.exe,IMECMNT.EXE,wermgr.exe,360ExpertMonitor.exe,SDIS.exe,PGPdesk.exe,mscorsvw.exe,WMIADAP.EXE,360sd.exe,lpremove.exe,rundll32.exe,taskeng.exe,SSLVPNRedirector.exe,360CleanHelper.exe,spoolsv.exe,PGPfsd.exe,sppsvc.exe,WINWORD.EXE,360speedld.exe,aitagent.EXE,WscControl.exe,YoudaoDictHelper.exe,360sdUpd.exe,
pscp.exe,DllHost.exe,SGTool.exe,SGDownload.exe,热带鱼~1.SCR,conhost.exe,bdupdate.exe,imedictupdateui.exe,Log2file.exe,wmiprvse.exe,SSLVPNRedirector64.exe,WLUpdater.exe,taskhost.exe,foxmailUAC.exe,sdiagnhost.exe,csc.exe,SogouExe.exe,LogonUI.exe,klmon.exe,csrss.exe,winlogon.exe,mpnotify.exe,360ExpertMonitor.exe,reg.exe,cvtres.exe,PinyinUp.exe,IMECMNT.EXE,SogouComMgr.exe,VISIO.EXE,PGPdesk.exe,SSLVPNRedirector.exe,taskeng.exe,KLUpdate.exe,ClearCache.exe,WINWORD.EXE,notepad.exe,360CleanHelper.exe,atbroker.exe,360sdUpd.exe,Foxmail.exe,NetCoffer.exe,aitagent.EXE,iexplore.exe,
DllHost.exe,EXCEL.EXE,SGTool.exe,SGDownload.exe,热带鱼~1.SCR,splwow64.exe,cftppro.exe,pscp.exe,conhost.exe,bdupdate.exe,PGPcbt64.exe,RsAgent.exe,WscReg.exe,imedictupdateui.exe,Log2file.exe,360leakfixer.exe,RegGuide.exe,OSPPSVC.EXE,ftpte.exe,wmiprvse.exe,SSLVPNRedirector64.exe,WLUpdater.exe,WinRAR.exe,SoftupNotify.exe,regsvr32.exe,taskhost.exe,LogonUI.exe,klmon.exe,chrome.exe,foxmailUAC.exe,sdiagnhost.exe,csc.exe,WDSafeDown.exe,360ExpertMonitor.exe,PinyinUp.exe,360Safe.exe,reg.exe,IMECMNT.EXE,wermgr.exe,cvtres.exe,defrag.exe,SDIS.exe,SogouComMgr.exe,PGPdesk.exe,rsmain.exe,mscorsvw.exe,WMIADAP.EXE,360sd.exe,lpremove.exe,rundll32.exe,SSLVPNRedirector.exe,WINWORD.EXE,360CleanHelper.exe,360se.exe,taskeng.exe,notepad.exe,360speedld.exe,PGPfsd.exe,spoolsv.exe,AgentSvr.exe,sppsvc.exe,KLUpdate.exe,ClearCache.exe,svchost.exe,iexplore.exe,Foxmail.exe,WscControl.exe,YoudaoDictHelper.exe,360sdUpd.exe,NetCoffer.exe,POWERPNT.EXE,Everything.exe,aitagent.EXE,
热带鱼~1.SCR,DllHost.exe,EXCEL.EXE,SGTool.exe,SGDownload.exe,splwow64.exe,PING.EXE,conhost.exe,bdupdate.exe,YoudaoWSH.exe,WscReg.exe,Log2file.exe,imedictupdateui.exe,360leakfixer.exe,360rp.exe,OSPPSVC.EXE,RegGuide.exe,YoudaoEH.exe,IDBSvr.exe,SSLVPNRedirector64.exe,WLUpdater.exe,LogonUI.exe,klmon.exe,taskhost.exe,foxmailUAC.exe,SogouExe.exe,SoftupNotify.exe,regsvr32.exe,wifihelper.exe,WDSafeDown.exe,NdsCmdLn.exe,chrome.exe,WinRAR.exe,reg.exe,PinyinUp.exe,wermgr.exe,IMECMNT.EXE,360ExpertMonitor.exe,YodaoOcr.exe,PGPdesk.exe,SDIS.exe,mscorsvw.exe,WMIADAP.EXE,360sd.exe,SogouComMgr.exe,cmd.exe,lpremove.exe,rundll32.exe,SSLVPNRedirector.exe,360speedld.exe,360CleanHelper.exe,360se.exe,taskeng.exe,spoolsv.exe,sppsvc.exe,WINWORD.EXE,notepad.exe,ACDSee5.exe,Foxmail.exe,360sdUpd.exe,POWERPNT.EXE,WscControl.exe,YoudaoDictHelper.exe,aitagent.EXE,iexplore.exe,WerFault.exe,Everything.exe,plsqldev.exe,
DllHost.exe,splwow64.exe,热带鱼~1.SCR,pscp.exe,cftppro.exe,conhost.exe,bdupdate.exe,PGPcbt64.exe,WscReg.exe,YoudaoWSH.exe,Log2file.exe,imedictupdateui.exe,YoudaoEH.exe,wmiprvse.exe,360rp.exe,RegGuide.exe,360leakfixer.exe,OSPPSVC.EXE,ftpte.exe,SSLVPNRedirector64.exe,taskhost.exe,WLUpdater.exe,LogonUI.exe,klmon.exe,wifihelper.exe,wordbook.exe,foxmailUAC.exe,WinRAR.exe,SoftupNotify.exe,regsvr32.exe,360ExpertMonitor.exe,YodaoOcr.exe,wermgr.exe,IMECMNT.EXE,reg.exe,explorer.exe,PGPdesk.exe,WMIADAP.EXE,360sd.exe,rundll32.exe,lpremove.exe,SDIS.exe,VISIO.EXE,SSLVPNRedirector.exe,taskeng.exe,360speedld.exe,360CleanHelper.exe,WINWORD.EXE,spoolsv.exe,PGPfsd.exe,notepad.exe,KLUpdate.exe,ClearCache.exe,360sdUpd.exe,Foxmail.exe,iexplore.exe,YoudaoDictHelper.exe,WscControl.exe,POWERPNT.EXE,aitagent.EXE,NetCoffer.exe,
热带鱼~1.SCR,DllHost.exe,splwow64.exe,conhost.exe,bdupdate.exe,PGPcbt64.exe,YoudaoWSH.exe,WscReg.exe,Log2file.exe,imedictupdateui.exe,YoudaoEH.exe,wmiprvse.exe,RegGuide.exe,OSPPSVC.EXE,360leakfixer.exe,360rp.exe,SSLVPNRedirector64.exe,WLUpdater.exe,LogonUI.exe,klmon.exe,SoftupNotify.exe,regsvr32.exe,chrome.exe,taskhost.exe,wifihelper.exe,foxmailUAC.exe,WDSafeDown.exe,YodaoOcr.exe,360ExpertMonitor.exe,IMECMNT.EXE,reg.exe,wermgr.exe,FOXITR~1.EXE,SDIS.exe,lpremove.exe,rundll32.exe,PGPdesk.exe,mscorsvw.exe,WMIADAP.EXE,360sd.exe,SSLVPNRedirector.exe,taskeng.exe,360CleanHelper.exe,360speedld.exe,360se.exe,spoolsv.exe,PGPfsd.exe,sppsvc.exe,notepad.exe,WINWORD.EXE,aitagent.EXE,360sdUpd.exe,iexplore.exe,Foxmail.exe,WscControl.exe,YoudaoDictHelper.exe,POWERPNT.EXE,firefox.exe,
SGTool.exe,SGDownload.exe,DllHost.exe,热带鱼~1.SCR,EXCEL.EXE,splwow64.exe,cftppro.exe,pscp.exe,conhost.exe,bdupdate.exe,WscReg.exe,YoudaoDictInstaller.exe,YoudaoWSH.exe,imedictupdateui.exe,Log2file.exe,360leakfixer.exe,OSPPSVC.EXE,RegGuide.exe,YoudaoDict.exe,ftpte.exe,YoudaoEH.exe,IDBSvr.exe,wmiprvse.exe,SSLVPNRedirector64.exe,taskhost.exe,WLUpdater.exe,SogouExe.exe,LogonUI.exe,klmon.exe,foxmailUAC.exe,csc.exe,SoftupNotify.exe,regsvr32.exe,WinRAR.exe,YoudaoOcr.exe,InstallHelper.exe,WDSafeDown.exe,PinyinUp.exe,360ExpertMonitor.exe,reg.exe,IMECMNT.EXE,cvtres.exe,wermgr.exe,defrag.exe,InstallDaemon.exe,uninst.exe,VISIO.EXE,SogouComMgr.exe,w3wp.exe,HPLaserJetService.exe,mscorsvw.exe,PGPdesk.exe,WMIADAP.EXE,360sd.exe,SDIS.exe,lpremove.exe,rundll32.exe,cmd.exe,cacls.exe,YoudaoDictUninstallTemp.exe,SSLVPNRedirector.exe,360CleanHelper.exe,taskeng.exe,360speedld.exe,notepad.exe,WINWORD.EXE,360se.exe,spoolsv.exe,sppsvc.exe,svchost.exe,YoudaoDictIcon.exe,ACDSee5.exe,KLUpdate.exe,ClearCache.exe,Foxmail.exe,POWERPNT.EXE,Everything.exe,WscControl.exe,360sdUpd.exe,iexplore.exe,aitagent.EXE,firefox.exe,YoudaoIE.exe,YoudaoDictHelper.exe,HP1100SM.exe,NetCoffer.exe,


DllHost.exe,热带鱼~1.SCR,EXCEL.EXE,splwow64.exe,SGTool.exe,SGDownload.exe,mspaint.exe,cftppro.exe,pscp.exe,UniteFramework.Infrastructure.Shell.exe,conhost.exe,bdupdate.exe,PGPcbt64.exe,WscReg.exe,Log2file.exe,imedictupdateui.exe,360rp.exe,360leakfixer.exe,RegGuide.exe,IDBSvr.exe,OSPPSVC.EXE,ftpte.exe,wmiprvse.exe,devenv.exe,SSLVPNRedirector64.exe,klmon.exe,WLUpdater.exe,foxmailUAC.exe,taskhost.exe,SoftupNotify.exe,regsvr32.exe,LogonUI.exe,NdsCmdLn.exe,wifihelper.exe,SogouExe.exe,sdiagnhost.exe,csc.exe,mstsc.exe,reg.exe,wermgr.exe,IMECMNT.EXE,PinyinUp.exe,360ExpertMonitor.exe,cvtres.exe,defrag.exe,explorer.exe,SDIS.exe,PGPdesk.exe,mscorsvw.exe,WMIADAP.EXE,360sd.exe,SogouComMgr.exe,lpremove.exe,rundll32.exe,SSLVPNRedirector.exe,WINWORD.EXE,notepad.exe,taskeng.exe,360speedld.exe,360se.exe,spoolsv.exe,PGPfsd.exe,sppsvc.exe,ACDSee5.exe,360CleanHelper.exe,svchost.exe,KLUpdate.exe,ClearCache.exe,Foxmail.exe,aitagent.EXE,iexplore.exe,WscControl.exe,360sdUpd.exe,Everything.exe,POWERPNT.EXE,NetCoffer.exe,LC.exe,AL.exe,
热带鱼~1.SCR,DllHost.exe,splwow64.exe,EXCEL.EXE,conhost.exe,bdupdate.exe,WscReg.exe,PGPcbt64.exe,imedictupdateui.exe,Log2file.exe,IDBSvr.exe,360rp.exe,wmiprvse.exe,RegGuide.exe,OSPPSVC.EXE,360leakfixer.exe,SSLVPNRedirector64.exe,WLUpdater.exe,SoftupNotify.exe,regsvr32.exe,LogonUI.exe,klmon.exe,taskhost.exe,wifihelper.exe,foxmailUAC.exe,360ExpertMonitor.exe,IMECMNT.EXE,reg.exe,explorer.exe,wermgr.exe,SDIS.exe,mscorsvw.exe,WMIADAP.EXE,360sd.exe,PGPdesk.exe,lpremove.exe,rundll32.exe,SSLVPNRedirector.exe,WINWORD.EXE,taskeng.exe,ACDSee5.exe,360se.exe,360CleanHelper.exe,spoolsv.exe,sppsvc.exe,PGPfsd.exe,360speedld.exe,KLUpdate.exe,ClearCache.exe,Foxmail.exe,360sdUpd.exe,aitagent.EXE,WscControl.exe,NetCoffer.exe,
热带鱼~1.SCR,DllHost.exe,PING.EXE,cftppro.exe,conhost.exe,bdupdate.exe,WscReg.exe,PGPcbt64.exe,Log2file.exe,360leakfixer.exe,wmiprvse.exe,RegGuide.exe,imedictupdateui.exe,ftpte.exe,SSLVPNRedirector64.exe,WLUpdater.exe,taskhost.exe,SoftupNotify.exe,regsvr32.exe,wifihelper.exe,LogonUI.exe,klmon.exe,mstsc.exe,360ExpertMonitor.exe,wermgr.exe,IMECMNT.EXE,SDIS.exe,360sd.exe,lpremove.exe,rundll32.exe,cmd.exe,PGPdesk.exe,SSLVPNRedirector.exe,taskeng.exe,360speedld.exe,360CleanHelper.exe,spoolsv.exe,PGPfsd.exe,360sdUpd.exe,YoudaoDictHelper.exe,WscControl.exe,aitagent.EXE,
DllHost.exe,vnetlib64.exe,splwow64.exe,热带鱼~1.SCR,SGTool.exe,SGDownload.exe,EXCEL.EXE,uninstall51,cftppro.exe,conhost.exe,MSIEXEC.EXE,install.exe,bdupdate.exe,PGPcbt64.exe,WscReg.exe,vmware-remotemks.exe,Log2file.exe,vcredist_x86.exe,imedictupdateui.exe,MSI56B.tmp,VpxClient.exe,wmiprvse.exe,OSPPSVC.EXE,vjredist64.exe,360leakfixer.exe,ftpte.exe,RegGuide.exe,SSLVPNRedirector64.exe,LogonUI.exe,klmon.exe,MSI80E9.tmp,WLUpdater.exe,SoftupNotify.exe,regsvr32.exe,vcredist_x64.exe,csc.exe,WinRAR.exe,msiexec.exe,A~NSISu_.exe,SogouExe.exe,VMware-viclient-all-5.5.0-3024345.exe,taskhost.exe,foxmailUAC.exe,mstsc.exe,TrustedInstaller.exe,ngen.exe,FOXITR~1.EXE,MSI8B5D.tmp,cvtres.exe,IMECMNT.EXE,PinyinUp.exe,wermgr.exe,reg.exe,360ExpertMonitor.exe,VMware-viclient-all-5.1.0-2306356.exe,defrag.exe,mscorsvw.exe,SogouComMgr.exe,MSIFA3E.tmp,DrvInst.exe,SDIS.exe,vmware-vmrc.exe,VISIO.EXE,VMware-viclient.exe,PGPdesk.exe,WMIADAP.EXE,360sd.exe,lpremove.exe,rundll32.exe,SSLVPNRedirector.exe,360speedld.exe,vmware-usbarbitrator64.exe,WINWORD.EXE,taskeng.exe,uninstall_drshelp51,B~NSISu_.exe,360CleanHelper.exe,spoolsv.exe,PGPfsd.exe,sppsvc.exe,svchost.exe,360se.exe,MsiExec.exe,360AI.exe,POWERPNT.EXE,Foxmail.exe,360sdUpd.exe,aitagent.EXE,WscControl.exe,iexplore.exe,
cftppro.exe,DllHost.exe,java.exe,splwow64.exe,热带鱼~1.SCR,SGTool.exe,SGDownload.exe,PING.EXE,conhost.exe,taskkill.exe,bdupdate.exe,WscReg.exe,PGPcbt64.exe,vmware-remotemks.exe,Log2file.exe,ftpte.exe,Xmind7-v3.6.1_WM.exe,xmind-cn-7.5-windows.exe,wmiprvse.exe,OSPPSVC.EXE,RegGuide.exe,360leakfixer.exe,VpxClient.exe,imedictupdateui.exe,Statistics.exe,SSLVPNRedirector64.exe,LogonUI.exe,klmon.exe,WLUpdater.exe,regsvr32.exe,XMind.exe,NOTEPAD.EXE,SogouExe.exe,foxmailUAC.exe,WDSafeDown.exe,NdsCmdLn.exe,taskhost.exe,SoftupNotify.exe,csc.exe,taskmgr.exe,mstsc.exe,chrome.exe,360SkinView.exe,unins000.exe,_iu14D2N.tmp,reg.exe,IMECMNT.EXE,360ExpertMonitor.exe,wermgr.exe,PinyinUp.exe,cvtres.exe,WISPTIS.EXE,FOXITR~1.EXE,explorer.exe,rundll32.exe,PGPdesk.exe,cmd.exe,SogouComMgr.exe,SDIS.exe,lpremove.exe,vmware-vmrc.exe,SSLVPNRedirector.exe,xmind-cn-7.5-windows.tmp,360safe.exe,taskeng.exe,360speedld.exe,WINWORD.EXE,360CleanHelper.exe,spoolsv.exe,PGPfsd.exe,360se.exe,Wywz.exe,Foxmail.exe,360AI.exe,firefox.exe,360rps.exe,WscControl.exe,360sdUpd.exe,Everything.exe,iexplore.exe,aitagent.EXE,MindManager.exe,WerFault.exe,POWERPNT.EXE,
DllHost.exe,splwow64.exe,EXCEL.EXE,热带鱼~1.SCR,mspaint.exe,cftppro.exe,SGTool.exe,SGDownload.exe,conhost.exe,bdupdate.exe,WscReg.exe,PGPcbt64.exe,OSPPSVC.EXE,RegGuide.exe,wmiprvse.exe,360rp.exe,360leakfixer.exe,Log2file.exe,imedictupdateui.exe,ftpte.exe,SSLVPNRedirector64.exe,foxmailUAC.exe,WLUpdater.exe,SoftupNotify.exe,regsvr32.exe,taskhost.exe,LogonUI.exe,klmon.exe,mstsc.exe,SogouExe.exe,IMECMNT.EXE,reg.exe,wermgr.exe,360ExpertMonitor.exe,PinyinUp.exe,PGPdesk.exe,SDIS.exe,WMIADAP.EXE,360sd.exe,lpremove.exe,rundll32.exe,SogouComMgr.exe,SSLVPNRedirector.exe,WINWORD.EXE,taskeng.exe,spoolsv.exe,360speedld.exe,PGPfsd.exe,360CleanHelper.exe,svchost.exe,notepad.exe,360se.exe,360sdUpd.exe,Foxmail.exe,Everything.exe,WscControl.exe,aitagent.EXE,POWERPNT.EXE,

DllHost.exe,热带鱼~1.SCR,PING.EXE,splwow64.exe,SGTool.exe,SGDownload.exe,mspaint.exe,pscp.exe,cftppro.exe,conhost.exe,bdupdate.exe,PGPcbt64.exe,WscReg.exe,Log2file.exe,imedictupdateui.exe,360leakfixer.exe,wmiprvse.exe,RegGuide.exe,OSPPSVC.EXE,ftpte.exe,SSLVPNRedirector64.exe,taskhost.exe,LogonUI.exe,klmon.exe,mstsc.exe,WLUpdater.exe,SoftupNotify.exe,regsvr32.exe,sdiagnhost.exe,csc.exe,foxmailUAC.exe,SogouExe.exe,WinRAR.exe,CLVIEW.EXE,IMECMNT.EXE,360ExpertMonitor.exe,wermgr.exe,cvtres.exe,reg.exe,defrag.exe,PinyinUp.exe,explorer.exe,cmd.exe,SDIS.exe,lpremove.exe,rundll32.exe,PGPdesk.exe,mscorsvw.exe,WMIADAP.EXE,360sd.exe,SogouComMgr.exe,SSLVPNRedirector.exe,WINWORD.EXE,360se.exe,taskeng.exe,notepad.exe,360speedld.exe,spoolsv.exe,PGPfsd.exe,sppsvc.exe,360CleanHelper.exe,svchost.exe,KLUpdate.exe,ClearCache.exe,Foxmail.exe,WscControl.exe,360sdUpd.exe,aitagent.EXE,iexplore.exe,Everything.exe,NetCoffer.exe,
DllHost.exe,cftppro.exe,EXCEL.EXE,热带鱼~1.SCR,splwow64.exe,TSTheme.exe,java.exe,conhost.exe,bdupdate.exe,vmware-remotemks.exe,WscReg.exe,Log2file.exe,VpxClient.exe,wmiprvse.exe,ftpte.exe,imedictupdateui.exe,OSPPSVC.EXE,RegGuide.exe,360leakfixer.exe,IDBSvr.exe,SSLVPNRedirector64.exe,WLUpdater.exe,taskhost.exe,csc.exe,LogonUI.exe,klmon.exe,SoftupNotify.exe,regsvr32.exe,foxmailUAC.exe,csrss.exe,winlogon.exe,mpnotify.exe,SogouExe.exe,explorer.exe,cvtres.exe,FOXITR~1.EXE,360ExpertMonitor.exe,IMECMNT.EXE,reg.exe,wermgr.exe,vmware-vmrc.exe,SDIS.exe,PGPdesk.exe,mscorsvw.exe,WMIADAP.EXE,360sd.exe,lpremove.exe,rundll32.exe,scrnsave.scr,cmd.exe,SSLVPNRedirector.exe,WINWORD.EXE,taskeng.exe,360speedld.exe,spoolsv.exe,sppsvc.exe,notepad.exe,360CleanHelper.exe,atbroker.exe,rdpclip.exe,ACDSee5.exe,launch.exe,360sdUpd.exe,WscControl.exe,Foxmail.exe,aitagent.EXE,POWERPNT.EXE,plsqldev.exe,
pscp.exe,DllHost.exe,SGTool.exe,SGDownload.exe,热带鱼~1.SCR,splwow64.exe,mspaint.exe,cftppro.exe,EXCEL.EXE,conhost.exe,bdupdate.exe,WscReg.exe,Log2file.exe,imedictupdateui.exe,360leakfixer.exe,wmiprvse.exe,OSPPSVC.EXE,RegGuide.exe,ftpte.exe,SSLVPNRedirector64.exe,SoftupNotify.exe,regsvr32.exe,WLUpdater.exe,taskhost.exe,LogonUI.exe,klmon.exe,foxmailUAC.exe,SogouExe.exe,PinyinUp.exe,wermgr.exe,reg.exe,360ExpertMonitor.exe,IMECMNT.EXE,WISPTIS.EXE,imecfmui.exe,explorer.exe,SDIS.exe,SogouComMgr.exe,PGPdesk.exe,lpremove.exe,rundll32.exe,SSLVPNRedirector.exe,KLUpdate.exe,ClearCache.exe,WINWORD.EXE,taskeng.exe,360speedld.exe,spoolsv.exe,360CleanHelper.exe,notepad.exe,svchost.exe,360sdUpd.exe,POWERPNT.EXE,WscControl.exe,Foxmail.exe,NetCoffer.exe,aitagent.EXE,Everything.exe,MindManager.exe,
热带鱼~1.SCR,DllHost.exe,splwow64.exe,EXCEL.EXE,SGTool.exe,SGDownload.exe,cftppro.exe,conhost.exe,bdupdate.exe,PGPcbt64.exe,WscReg.exe,Log2file.exe,imedictupdateui.exe,360leakfixer.exe,360rp.exe,OSPPSVC.EXE,RegGuide.exe,ftpte.exe,IDBSvr.exe,SSLVPNRedirector64.exe,taskhost.exe,WLUpdater.exe,LogonUI.exe,klmon.exe,SoftupNotify.exe,regsvr32.exe,WinRAR.exe,NdsCmdLn.exe,foxmailUAC.exe,360ExpertMonitor.exe,wermgr.exe,IMECMNT.EXE,defrag.exe,PinyinUp.exe,reg.exe,lpremove.exe,rundll32.exe,SDIS.exe,PGPdesk.exe,mscorsvw.exe,WMIADAP.EXE,360sd.exe,SogouComMgr.exe,SSLVPNRedirector.exe,360speedld.exe,360se.exe,taskeng.exe,WINWORD.EXE,notepad.exe,360CleanHelper.exe,spoolsv.exe,PGPfsd.exe,sppsvc.exe,svchost.exe,ACDSee5.exe,POWERPNT.EXE,iexplore.exe,360sdUpd.exe,WscControl.exe,aitagent.EXE,Foxmail.exe,plsqldev.exe,Everything.exe,
DllHost.exe,splwow64.exe,热带鱼~1.SCR,SGTool.exe,SGDownload.exe,cftppro.exe,conhost.exe,bdupdate.exe,WscReg.exe,imedictupdateui.exe,Log2file.exe,OSPPSVC.EXE,wmiprvse.exe,360rp.exe,360leakfixer.exe,RegGuide.exe,ftpte.exe,SSLVPNRedirector64.exe,WLUpdater.exe,taskhost.exe,LogonUI.exe,klmon.exe,WinRAR.exe,SoftupNotify.exe,regsvr32.exe,foxmailUAC.exe,DWRCW64.exe,SogouExe.exe,WDSafeDown.exe,NdsCmdLn.exe,mstsc.exe,dwrtde.exe,360ExpertMonitor.exe,wermgr.exe,FOXITR~1.EXE,IMECMNT.EXE,reg.exe,CLVIEW.EXE,PinyinUp.exe,PGPdesk.exe,WMIADAP.EXE,360sd.exe,SDIS.exe,lpremove.exe,rundll32.exe,SogouComMgr.exe,DWRCC.exe,SSLVPNRedirector.exe,taskeng.exe,360CleanHelper.exe,360speedld.exe,WINWORD.EXE,spoolsv.exe,360se.exe,Foxmail.exe,POWERPNT.EXE,WscControl.exe,Everything.exe,360sdUpd.exe,aitagent.EXE,firefox.exe,
热带鱼~1.SCR,conhost.exe,WscReg.exe,bdupdate.exe,wmiprvse.exe,360leakfixer.exe,Log2file.exe,SSLVPNRedirector64.exe,wifihelper.exe,taskhost.exe,WLUpdater.exe,SoftupNotify.exe,regsvr32.exe,wermgr.exe,360ExpertMonitor.exe,SDIS.exe,lpremove.exe,rundll32.exe,SSLVPNRedirector.exe,spoolsv.exe,taskeng.exe,360CleanHelper.exe,360speedld.exe,360sdUpd.exe,WscControl.exe,

DllHost.exe,splwow64.exe,SGTool.exe,SGDownload.exe,热带鱼~1.SCR,EXCEL.EXE,pscp.exe,cftppro.exe,TSTheme.exe,conhost.exe,RavUpgrd.exe,bdupdate.exe,PGPcbt64.exe,WscReg.exe,SetupRav.exe,imedictupdateui.exe,Log2file.exe,360leakfixer.exe,wmiprvse.exe,RegGuide.exe,OSPPSVC.EXE,ftpte.exe,SSLVPNRedirector64.exe,WLUpdater.exe,taskhost.exe,SoftupNotify.exe,regsvr32.exe,SogouExe.exe,LogonUI.exe,klmon.exe,sdiagnhost.exe,csc.exe,foxmailUAC.exe,WinRAR.exe,mpnotify.exe,NdsCmdLn.exe,mstsc.exe,csrss.exe,winlogon.exe,IMECMNT.EXE,PinyinUp.exe,360ExpertMonitor.exe,wermgr.exe,cvtres.exe,reg.exe,defrag.exe,explorer.exe,SogouComMgr.exe,SDIS.exe,lpremove.exe,rundll32.exe,WMIADAP.EXE,360sd.exe,PGPdesk.exe,mscorsvw.exe,SSLVPNRedirector.exe,WINWORD.EXE,360speedld.exe,360se.exe,taskeng.exe,notepad.exe,360CleanHelper.exe,KLUpdate.exe,ClearCache.exe,svchost.exe,spoolsv.exe,PGPfsd.exe,sppsvc.exe,atbroker.exe,rdpclip.exe,360AI.exe,Foxmail.exe,aitagent.EXE,360sdUpd.exe,NetCoffer.exe,WscControl.exe,Everything.exe,firefox.exe,iexplore.exe,POWERPNT.EXE,






DllHost.exe,SGTool.exe,SGDownload.exe,cftppro.exe,热带鱼~1.SCR,splwow64.exe,EXCEL.EXE,pscp.exe,PING.EXE,conhost.exe,bdupdate.exe,WscReg.exe,PGPcbt64.exe,Log2file.exe,imedictupdateui.exe,ftpte.exe,OSPPSVC.EXE,360rp.exe,360leakfixer.exe,RegGuide.exe,wmiprvse.exe,SSLVPNRedirector64.exe,LogonUI.exe,klmon.exe,WLUpdater.exe,taskhost.exe,WinRAR.exe,SoftupNotify.exe,regsvr32.exe,mstsc.exe,foxmailUAC.exe,SogouExe.exe,sdiagnhost.exe,csc.exe,WDSafeDown.exe,PinyinUp.exe,360ExpertMonitor.exe,wermgr.exe,IMECMNT.EXE,reg.exe,explorer.exe,cvtres.exe,defrag.exe,SDIS.exe,SogouComMgr.exe,mscorsvw.exe,WMIADAP.EXE,PGPdesk.exe,360sd.exe,lpremove.exe,rundll32.exe,cmd.exe,SSLVPNRedirector.exe,WINWORD.EXE,notepad.exe,taskeng.exe,360speedld.exe,spoolsv.exe,sppsvc.exe,PGPfsd.exe,360CleanHelper.exe,KLUpdate.exe,ClearCache.exe,svchost.exe,360se.exe,Foxmail.exe,WscControl.exe,360sdUpd.exe,iexplore.exe,HP1100SM.exe,NetCoffer.exe,aitagent.EXE,
DllHost.exe,热带鱼~1.SCR,EXCEL.EXE,cftppro.exe,pscp.exe,splwow64.exe,SGTool.exe,SGDownload.exe,mspaint.exe,conhost.exe,bdupdate.exe,WscReg.exe,Log2file.exe,imedictupdateui.exe,RegGuide.exe,360rp.exe,360leakfixer.exe,ftpte.exe,OSPPSVC.EXE,devenv.exe,SSLVPNRedirector64.exe,LogonUI.exe,WLUpdater.exe,SoftupNotify.exe,regsvr32.exe,klmon.exe,foxmailUAC.exe,taskhost.exe,WinRAR.exe,NOTEPAD.EXE,csc.exe,SogouExe.exe,reg.exe,360ExpertMonitor.exe,IMECMNT.EXE,wermgr.exe,explorer.exe,PinyinUp.exe,cvtres.exe,CLVIEW.EXE,SDIS.exe,PGPdesk.exe,mscorsvw.exe,WMIADAP.EXE,360sd.exe,rundll32.exe,SogouComMgr.exe,lpremove.exe,SSLVPNRedirector.exe,taskeng.exe,WINWORD.EXE,360CleanHelper.exe,360speedld.exe,spoolsv.exe,sppsvc.exe,KLUpdate.exe,ClearCache.exe,notepad.exe,svchost.exe,Foxmail.exe,360sdUpd.exe,HP1100SM.exe,WscControl.exe,NetCoffer.exe,iexplore.exe,aitagent.EXE,
热带鱼~1.SCR,splwow64.exe,DllHost.exe,EXCEL.EXE,cftppro.exe,conhost.exe,bdupdate.exe,WscReg.exe,vmware-remotemks.exe,RavService.exe,imedictupdateui.exe,Log2file.exe,RegGuide.exe,OSPPSVC.EXE,360leakfixer.exe,ftpte.exe,VpxClient.exe,wmiprvse.exe,SSLVPNRedirector64.exe,LogonUI.exe,klmon.exe,taskhost.exe,WLUpdater.exe,SoftupNotify.exe,regsvr32.exe,foxmailUAC.exe,csc.exe,WinRAR.exe,NOTEPAD.EXE,chrome.exe,360ExpertMonitor.exe,wermgr.exe,IMECMNT.EXE,reg.exe,FOXITR~1.EXE,cvtres.exe,CofferCfg.exe,PGPdesk.exe,SDIS.exe,lpremove.exe,rundll32.exe,VISIO.EXE,vmware-vmrc.exe,SSLVPNRedirector.exe,360speedld.exe,taskeng.exe,360se.exe,360CleanHelper.exe,WINWORD.EXE,spoolsv.exe,aitagent.EXE,WscControl.exe,iexplore.exe,360sdUpd.exe,Foxmail.exe,firefox.exe,HP1100SM.exe,POWERPNT.EXE,
DllHost.exe,热带鱼~1.SCR,SGTool.exe,SGDownload.exe,EXCEL.EXE,conhost.exe,bdupdate.exe,Log2file.exe,imedictupdateui.exe,SSLVPNRedirector64.exe,LogonUI.exe,klmon.exe,WLUpdater.exe,taskhost.exe,SogouExe.exe,chrome.exe,sethc.exe,PinyinUp.exe,360ExpertMonitor.exe,explorer.exe,WISPTIS.EXE,defrag.exe,SogouComMgr.exe,VISIO.EXE,SSLVPNRedirector.exe,taskeng.exe,notepad.exe,WINWORD.EXE,360CleanHelper.exe,svchost.exe,KLUpdate.exe,ClearCache.exe,360se.exe,360sdUpd.exe,aitagent.EXE,MindManager.exe,Foxmail.exe,Everything.exe,NetCoffer.exe,
DllHost.exe,EXCEL.EXE,splwow64.exe,热带鱼~1.SCR,SGTool.exe,SGDownload.exe,pscp.exe,conhost.exe,bdupdate.exe,WscReg.exe,PGPcbt64.exe,vmware-remotemks.exe,OSPPSVC.EXE,Log2file.exe,RegGuide.exe,360rp.exe,wmiprvse.exe,360leakfixer.exe,imedictupdateui.exe,VpxClient.exe,SSLVPNRedirector64.exe,taskhost.exe,LogonUI.exe,klmon.exe,WLUpdater.exe,SoftupNotify.exe,regsvr32.exe,wifihelper.exe,foxmailUAC.exe,csc.exe,SogouExe.exe,WinRAR.exe,mstsc.exe,IMECMNT.EXE,360ExpertMonitor.exe,wermgr.exe,reg.exe,FOXITR~1.EXE,PinyinUp.exe,cvtres.exe,PGPdesk.exe,SDIS.exe,rundll32.exe,lpremove.exe,WMIADAP.EXE,360sd.exe,SogouComMgr.exe,vmware-vmrc.exe,VISIO.EXE,SSLVPNRedirector.exe,taskeng.exe,WINWORD.EXE,360speedld.exe,spoolsv.exe,PGPfsd.exe,360se.exe,360CleanHelper.exe,KLUpdate.exe,ClearCache.exe,360sdUpd.exe,WscControl.exe,aitagent.EXE,Foxmail.exe,iexplore.exe,NetCoffer.exe,

DllHost.exe,热带鱼~1.SCR,SGTool.exe,SGDownload.exe,cftppro.exe,pscp.exe,splwow64.exe,WscReg.exe,PGPcbt64.exe,conhost.exe,bdupdate.exe,360rp.exe,wmiprvse.exe,ftpte.exe,RegGuide.exe,OSPPSVC.EXE,360leakfixer.exe,Log2file.exe,imedictupdateui.exe,taskhost.exe,SSLVPNRedirector64.exe,LogonUI.exe,klmon.exe,SogouExe.exe,WLUpdater.exe,SoftupNotify.exe,regsvr32.exe,sdiagnhost.exe,csc.exe,foxmailUAC.exe,wermgr.exe,PinyinUp.exe,IMECMNT.EXE,cvtres.exe,360ExpertMonitor.exe,FOXITR~1.EXE,reg.exe,defrag.exe,WMIADAP.EXE,360sd.exe,PGPdesk.exe,SogouComMgr.exe,SDIS.exe,lpremove.exe,rundll32.exe,VISIO.EXE,spoolsv.exe,PGPfsd.exe,SSLVPNRedirector.exe,360speedld.exe,taskeng.exe,WINWORD.EXE,notepad.exe,KLUpdate.exe,ClearCache.exe,360CleanHelper.exe,svchost.exe,WscControl.exe,Everything.exe,360sdUpd.exe,NetCoffer.exe,aitagent.EXE,Foxmail.exe,
DllHost.exe,splwow64.exe,热带鱼~1.SCR,SGTool.exe,SGDownload.exe,mspaint.exe,cftppro.exe,pscp.exe,conhost.exe,bdupdate.exe,WscReg.exe,PGPcbt64.exe,RavUpgrd.exe,SetupRav.exe,RsAgent.exe,imedictupdateui.exe,360leakfixer.exe,RegGuide.exe,Log2file.exe,wmiprvse.exe,OSPPSVC.EXE,ftpte.exe,SSLVPNRedirector64.exe,SoftupNotify.exe,regsvr32.exe,LogonUI.exe,klmon.exe,WinRAR.exe,WLUpdater.exe,taskhost.exe,foxmailUAC.exe,taskmgr.exe,WDSafeDown.exe,SogouExe.exe,mstsc.exe,DWRCW64.exe,IMECMNT.EXE,wermgr.exe,reg.exe,360ExpertMonitor.exe,PinyinUp.exe,CLVIEW.EXE,SDIS.exe,lpremove.exe,rundll32.exe,PGPdesk.exe,SogouComMgr.exe,VISIO.EXE,DWRCS.exe,DWRCC.exe,rsmain.exe,SSLVPNRedirector.exe,360CleanHelper.exe,taskeng.exe,WINWORD.EXE,360speedld.exe,360se.exe,spoolsv.exe,PGPfsd.exe,notepad.exe,svchost.exe,KLUpdate.exe,ClearCache.exe,AgentSvr.exe,iexplore.exe,aitagent.EXE,Everything.exe,Foxmail.exe,HP1100SM.exe,WscControl.exe,360sdUpd.exe,DWRCST.exe,360AI.exe,NetCoffer.exe,
DllHost.exe,热带鱼~1.SCR,splwow64.exe,cftppro.exe,SGTool.exe,SGDownload.exe,TSTheme.exe,conhost.exe,bdupdate.exe,WscReg.exe,PGPcbt64.exe,vmware-remotemks.exe,Log2file.exe,wmiprvse.exe,imedictupdateui.exe,360leakfixer.exe,OSPPSVC.EXE,RegGuide.exe,ftpte.exe,VpxClient.exe,SSLVPNRedirector64.exe,WLUpdater.exe,SoftupNotify.exe,regsvr32.exe,csc.exe,taskhost.exe,sdiagnhost.exe,LogonUI.exe,klmon.exe,WinRAR.exe,chrome.exe,foxmailUAC.exe,SogouExe.exe,WDSafeDown.exe,mpnotify.exe,csrss.exe,winlogon.exe,cvtres.exe,360ExpertMonitor.exe,wermgr.exe,IMECMNT.EXE,reg.exe,PinyinUp.exe,CLVIEW.EXE,SDIS.exe,lpremove.exe,rundll32.exe,mscorsvw.exe,PGPdesk.exe,WMIADAP.EXE,360sd.exe,VISIO.EXE,vmware-vmrc.exe,SogouComMgr.exe,scrnsave.scr,SSLVPNRedirector.exe,taskeng.exe,360speedld.exe,360CleanHelper.exe,spoolsv.exe,sppsvc.exe,PGPfsd.exe,WINWORD.EXE,KLUpdate.exe,ClearCache.exe,atbroker.exe,rdpclip.exe,360sdUpd.exe,WscControl.exe,aitagent.EXE,Everything.exe,POWERPNT.EXE,Foxmail.exe,iexplore.exe,NetCoffer.exe,
DllHost.exe,pscp.exe,热带鱼~1.SCR,EXCEL.EXE,cftppro.exe,splwow64.exe,conhost.exe,bdupdate.exe,WscReg.exe,Log2file.exe,imedictupdateui.exe,ftpte.exe,360leakfixer.exe,OSPPSVC.EXE,RegGuide.exe,SSLVPNRedirector64.exe,LogonUI.exe,WDSafeDown.exe,NdsCmdLn.exe,WLUpdater.exe,taskhost.exe,SoftupNotify.exe,regsvr32.exe,klmon.exe,foxmailUAC.exe,SogouExe.exe,WinRAR.exe,wermgr.exe,IMECMNT.EXE,reg.exe,360ExpertMonitor.exe,explorer.exe,SDIS.exe,PGPdesk.exe,VISIO.EXE,mscorsvw.exe,WMIADAP.EXE,360sd.exe,lpremove.exe,rundll32.exe,SSLVPNRedirector.exe,notepad.exe,WINWORD.EXE,360CleanHelper.exe,360speedld.exe,taskeng.exe,360se.exe,spoolsv.exe,sppsvc.exe,KLUpdate.exe,ClearCache.exe,Foxmail.exe,aitagent.EXE,HP1100SM.exe,360sdUpd.exe,iexplore.exe,WscControl.exe,NetCoffer.exe,

SGTool.exe,SGDownload.exe,DllHost.exe,splwow64.exe,热带鱼~1.SCR,UniteFramework.Infrastructure.Shell.exe,EXCEL.EXE,conhost.exe,TortoiseProc.exe,IDBSvr.exe,imedictupdateui.exe,SSLVPNRedirector64.exe,mstsc.exe,WinRAR.exe,taskhost.exe,csc.exe,LogonUI.exe,klmon.exe,PinyinUp.exe,cvtres.exe,SogouComMgr.exe,rundll32.exe,SSLVPNRedirector.exe,taskeng.exe,WINWORD.EXE,ACDSee5.exe,notepad.exe,360se.exe,plsqldev.exe,360EntClientAir.exe,
DllHost.exe,热带鱼~1.SCR,splwow64.exe,EXCEL.EXE,mspaint.exe,conhost.exe,PGPcbt64.exe,WscReg.exe,360EntMisc.exe,360leakfixer.exe,wmiprvse.exe,OSPPSVC.EXE,imedictupdateui.exe,SSLVPNRedirector64.exe,LogonUI.exe,taskhost.exe,chrome.exe,SoftupNotify.exe,regsvr32.exe,klmon.exe,foxmailUAC.exe,mstsc.exe,360tray.exe,wermgr.exe,ComputerZService.exe,reg.exe,IMECMNT.EXE,360EntClient.exe,LiveUpdate360.exe,PGPdesk.exe,mscorsvw.exe,WMIADAP.EXE,lpremove.exe,rundll32.exe,SDIS.exe,SSLVPNRedirector.exe,PGPfsd.exe,spoolsv.exe,360speedld.exe,sppsvc.exe,360se.exe,taskeng.exe,WINWORD.EXE,svchost.exe,YoudaoDictHelper.exe,WscControl.exe,360EntClientAir.exe,Everything.exe,plsqldev.exe,aitagent.EXE,Foxmail.exe,firefox.exe,iexplore.exe,
热带鱼~1.SCR,DllHost.exe,splwow64.exe,conhost.exe,360EntMisc.exe,WscReg.exe,PGPcbt64.exe,wmiprvse.exe,OSPPSVC.EXE,360leakfixer.exe,SSLVPNRedirector64.exe,taskhost.exe,LogonUI.exe,klmon.exe,SoftupNotify.exe,regsvr32.exe,chrome.exe,csc.exe,foxmailUAC.exe,NOTEPAD.EXE,IMECMNT.EXE,360tray.exe,cvtres.exe,ComputerZService.exe,reg.exe,wermgr.exe,defrag.exe,lpremove.exe,rundll32.exe,SDIS.exe,LiveUpdate360.exe,HPLaserJetService.exe,360EntClient.exe,mscorsvw.exe,WMIADAP.EXE,PGPdesk.exe,SSLVPNRedirector.exe,360speedld.exe,taskeng.exe,WINWORD.EXE,spoolsv.exe,sppsvc.exe,PGPfsd.exe,svchost.exe,aitagent.EXE,360EntClientAir.exe,Foxmail.exe,YoudaoDictHelper.exe,WscControl.exe,
mspaint.exe,DllHost.exe,splwow64.exe,热带鱼~1.SCR,cftppro.exe,conhost.exe,360EntMisc.exe,PGPcbt64.exe,WscReg.exe,imedictupdateui.exe,wmiprvse.exe,360leakfixer.exe,OSPPSVC.EXE,ftpte.exe,SSLVPNRedirector64.exe,LogonUI.exe,klmon.exe,taskhost.exe,csc.exe,SoftupNotify.exe,regsvr32.exe,foxmailUAC.exe,mstsc.exe,chrome.exe,WinRAR.exe,IMECMNT.EXE,wermgr.exe,cvtres.exe,ComputerZService.exe,360tray.exe,reg.exe,lpremove.exe,rundll32.exe,LiveUpdate360.exe,PGPdesk.exe,HPLaserJetService.exe,360EntClient.exe,mscorsvw.exe,SDIS.exe,WMIADAP.EXE,SSLVPNRedirector.exe,WINWORD.EXE,svchost.exe,taskeng.exe,360speedld.exe,spoolsv.exe,PGPfsd.exe,sppsvc.exe,360se.exe,aitagent.EXE,360EntClientAir.exe,YoudaoDictHelper.exe,WscControl.exe,Foxmail.exe,iexplore.exe,plsqldev.exe,
DllHost.exe,热带鱼~1.SCR,SGTool.exe,SGDownload.exe,splwow64.exe,EXCEL.EXE,conhost.exe,WscReg.exe,PGPcbt64.exe,360EntMisc.exe,IP时间转换.exe,devenv.exe,360leakfixer.exe,imedictupdateui.exe,wmiprvse.exe,OSPPSVC.EXE,SSLVPNRedirector64.exe,LogonUI.exe,klmon.exe,SoftupNotify.exe,taskhost.exe,regsvr32.exe,mstsc.exe,SogouExe.exe,NOTEPAD.EXE,notepad++.exe,foxmailUAC.exe,csc.exe,chrome.exe,wermgr.exe,360tray.exe,IMECMNT.EXE,PinyinUp.exe,ComputerZService.exe,reg.exe,cvtres.exe,SDIS.exe,360EntClient.exe,PGPdesk.exe,SogouComMgr.exe,LiveUpdate360.exe,lpremove.exe,rundll32.exe,SSLVPNRedirector.exe,WINWORD.EXE,taskeng.exe,spoolsv.exe,PGPfsd.exe,360speedld.exe,360se.exe,sppsvc.exe,plsqldev.exe,iexplore.exe,WscControl.exe,360EntClientAir.exe,Everything.exe,Foxmail.exe,gup.exe,aitagent.EXE,HP1100SM.exe,

热带鱼~1.SCR,DllHost.exe,EXCEL.EXE,cftppro.exe,SGTool.exe,SGDownload.exe,PING.EXE,splwow64.exe,pscp.exe,UniteFramework.Infrastructure.Shell.exe,conhost.exe,360EntMisc.exe,PGPcbt64.exe,WscReg.exe,IP时间转换.exe,imedictupdateui.exe,360leakfixer.exe,ftpte.exe,wmiprvse.exe,OSPPSVC.EXE,SSLVPNRedirector64.exe,regsvr32.exe,taskhost.exe,SoftupNotify.exe,sdiagnhost.exe,csc.exe,WDSafeDown.exe,NdsCmdLn.exe,WinRAR.exe,NOTEPAD.EXE,LogonUI.exe,foxmailUAC.exe,SogouExe.exe,klmon.exe,notepad++.exe,mstsc.exe,chrome.exe,cvtres.exe,wermgr.exe,360tray.exe,reg.exe,PinyinUp.exe,ComputerZService.exe,IMECMNT.EXE,FOXITR~1.EXE,defrag.exe,lpremove.exe,rundll32.exe,SDIS.exe,SogouComMgr.exe,cmd.exe,LiveUpdate360.exe,HPLaserJetService.exe,360EntClient.exe,mscorsvw.exe,PGPdesk.exe,WMIADAP.EXE,SSLVPNRedirector.exe,taskeng.exe,spoolsv.exe,WINWORD.EXE,notepad.exe,360se.exe,360speedld.exe,sppsvc.exe,PGPfsd.exe,KLUpdate.exe,ClearCache.exe,svchost.exe,aitagent.EXE,WscControl.exe,360EntClientAir.exe,Foxmail.exe,Everything.exe,iexplore.exe,plsqldev.exe,NetCoffer.exe,
splwow64.exe,DllHost.exe,UniteFramework.Infrastructure.Shell.exe,PING.EXE,mspaint.exe,热带鱼~1.SCR,pscp.exe,EXCEL.EXE,SGTool.exe,SGDownload.exe,conhost.exe,TortoiseProc.exe,360EntMisc.exe,PGPcbt64.exe,WscReg.exe,wmiprvse.exe,imedictupdateui.exe,OSPPSVC.EXE,360leakfixer.exe,SSLVPNRedirector64.exe,LogonUI.exe,klmon.exe,csc.exe,TRACERT.EXE,taskhost.exe,SoftupNotify.exe,regsvr32.exe,NOTEPAD.EXE,mstsc.exe,chrome.exe,foxmailUAC.exe,SogouExe.exe,notepad++.exe,ComputerZService.exe,IMECMNT.EXE,cvtres.exe,sharpSshTest.exe,360tray.exe,reg.exe,wermgr.exe,PinyinUp.exe,cmd.exe,SDIS.exe,LiveUpdate360.exe,PGPdesk.exe,360EntClient.exe,mscorsvw.exe,WMIADAP.EXE,lpremove.exe,rundll32.exe,SogouComMgr.exe,SSLVPNRedirector.exe,360speedld.exe,WINWORD.EXE,taskeng.exe,KLUpdate.exe,ClearCache.exe,svchost.exe,PGPfsd.exe,spoolsv.exe,360se.exe,sppsvc.exe,notepad.exe,iexplore.exe,NetCoffer.exe,Everything.exe,360EntClientAir.exe,Foxmail.exe,YoudaoIE.exe,YoudaoDictHelper.exe,WscControl.exe,aitagent.EXE,
DllHost.exe,EXCEL.EXE,热带鱼~1.SCR,conhost.exe,PGPcbt64.exe,WscReg.exe,360EntMisc.exe,360leakfixer.exe,OSPPSVC.EXE,wmiprvse.exe,SSLVPNRedirector64.exe,taskhost.exe,klmon.exe,SoftupNotify.exe,regsvr32.exe,chrome.exe,NdsCmdLn.exe,mstsc.exe,foxmailUAC.exe,LogonUI.exe,ComputerZService.exe,IMECMNT.EXE,wermgr.exe,reg.exe,360tray.exe,SDIS.exe,PGPdesk.exe,mscorsvw.exe,WMIADAP.EXE,360EntClient.exe,LiveUpdate360.exe,SSLVPNRedirector.exe,spoolsv.exe,taskeng.exe,360se.exe,360speedld.exe,sppsvc.exe,PGPfsd.exe,YoudaoDictHelper.exe,WscControl.exe,Foxmail.exe,iexplore.exe,360EntClientAir.exe,

