SGTool.exe,DllHost.exe,EXCEL.EXE,NDSDisk.exe,SGDownload.exe,PING.EXE,pscp.exe,conhost.exe,MpCmdRun.exe,WscReg.exe,360EntMisc.exe,imedictupdateui.exe,Log2file.exe,OSPPSVC.EXE,RegGuide.exe,360leakfixer.exe,wmpnscfg.exe,RunDll32.exe,LogonUI.exe,AUDIODG.EXE,klmon.exe,WLUpdater.exe,mstsc.exe,taskhost.exe,SogouExe.exe,csc.exe,NOTEPAD.EXE,chrome.exe,mobsync.exe,SoftupNotify.exe,regsvr32.exe,pinyinup.exe,WDSafeDown.exe,sdiagnhost.exe,AcroRd32.exe,cvtres.exe,IMECMNT.EXE,explorer.exe,sc.exe,sdclt.exe,PinyinUp.exe,360tray.exe,w32tm.exe,wermgr.exe,SearchProtocolHost.exe,SogouComMgr.exe,SGPicFaceTool.exe,rundll32.exe,360EntClient.exe,mscorsvw.exe,LMS.exe,WMIADAP.EXE,SDIS.exe,LiveUpdate360.exe,lpremove.exe,SSLVPNRedirector.exe,360speedld.exe,WINWORD.EXE,spoolsv.exe,svchost.exe,jhi_service.exe,sppsvc.exe,baspin.exe,KLUpdate.exe,ClearCache.exe,PhotoScreensaver.scr,iexplore.exe,SearchFilterHost.exe,WscControl.exe,Foxmail.exe,WmiApSrv.exe,plsqldev.exe,aitagent.EXE,firefox.exe,HP1100SM.exe,NetCoffer.exe,


SGTool.exe,SGDownload.exe,DllHost.exe,EXCEL.EXE,PING.EXE,MpCmdRun.exe,conhost.exe,360EntMisc.exe,powercfg.exe,360zip.exe,360leakfixer.exe,Log2file.exe,wmpnscfg.exe,imedictupdateui.exe,RegGuide.exe,RunDll32.exe,WLUpdater.exe,klmon.exe,AUDIODG.EXE,mobsync.exe,taskhost.exe,LogonUI.exe,NOTEPAD.EXE,SoftupNotify.exe,regsvr32.exe,sdiagnhost.exe,csc.exe,chrome.exe,SogouExe.exe,PinyinUp.exe,sdclt.exe,wermgr.exe,defrag.exe,360tray.exe,cvtres.exe,w32tm.exe,SogouComMgr.exe,SGPicFaceTool.exe,LiveUpdate360.exe,rundll32.exe,SDIS.exe,lpremove.exe,SearchProtocolHost.exe,LeapFTP.exe,SSLVPNRedirector.exe,360speedld.exe,baspin.exe,WINWORD.EXE,svchost.exe,PhotoScreensaver.scr,iexplore.exe,aitagent.EXE,SearchFilterHost.exe,
DllHost.exe,SGTool.exe,SGDownload.exe,NDSDisk.exe,conhost.exe,360zip.exe,360zipUpdate.exe,WscReg.exe,MpCmdRun.exe,360EntMisc.exe,AcroRd32Info.exe,wmpnscfg.exe,wmpnetwk.exe,SogouCloud.exe,OSPPSVC.EXE,Log2file.exe,360leakfixer.exe,RegGuide.exe,RunDll32.exe,imedictupdateui.exe,LogonUI.exe,AUDIODG.EXE,taskhost.exe,WLUpdater.exe,SoftupNotify.exe,regsvr32.exe,csc.exe,SogouExe.exe,NOTEPAD.EXE,klmon.exe,mobsync.exe,AcroRd32.exe,NdsCmdLn.exe,PinyinUp.exe,sdclt.exe,cvtres.exe,IMECMNT.EXE,explorer.exe,360tray.exe,wermgr.exe,rundll32.exe,SGPicFaceTool.exe,SDIS.exe,lpremove.exe,SearchProtocolHost.exe,360EntClient.exe,mscorsvw.exe,LMS.exe,WMIADAP.EXE,LiveUpdate360.exe,SogouComMgr.exe,LeapFTP.exe,SSLVPNRedirector.exe,svchost.exe,360speedld.exe,WINWORD.EXE,spoolsv.exe,jhi_service.exe,sppsvc.exe,baspin.exe,PhotoScreensaver.scr,SearchFilterHost.exe,WscControl.exe,Foxmail.exe,WmiApSrv.exe,aitagent.EXE,iexplore.exe,

SGTool.exe,DllHost.exe,NDSDisk.exe,cftppro.exe,SGDownload.exe,EXCEL.EXE,conhost.exe,MpCmdRun.exe,360zip.exe,WscReg.exe,RsAgent.exe,360EntMisc.exe,360zipUpdate.exe,AcroRd32Info.exe,imedictupdateui.exe,Log2file.exe,wmpnscfg.exe,RegGuide.exe,OSPPSVC.EXE,RsMain.exe,360leakfixer.exe,RunDll32.exe,ftpte.exe,WLUpdater.exe,AUDIODG.EXE,WDSafeDown.exe,taskhost.exe,LogonUI.exe,NOTEPAD.EXE,SoftupNotify.exe,regsvr32.exe,klmon.exe,csc.exe,SogouExe.exe,mobsync.exe,NdsCmdLn.exe,AcroRd32.exe,sdclt.exe,cvtres.exe,IMECMNT.EXE,explorer.exe,360tray.exe,wermgr.exe,defrag.exe,PinyinUp.exe,VISIO.EXE,SogouComMgr.exe,SGPicFaceTool.exe,SDIS.exe,rundll32.exe,360EntClient.exe,mscorsvw.exe,LMS.exe,SearchProtocolHost.exe,WMIADAP.EXE,LiveUpdate360.exe,lpremove.exe,LeapFTP.exe,SSLVPNRedirector.exe,360speedld.exe,WINWORD.EXE,spoolsv.exe,jhi_service.exe,sppsvc.exe,svchost.exe,AgentSvr.exe,baspin.exe,PhotoScreensaver.scr,WscControl.exe,WmiApSrv.exe,Foxmail.exe,POWERPNT.EXE,SearchFilterHost.exe,aitagent.EXE,
DllHost.exe,SGDownload.exe,SGTool.exe,pscp.exe,NDSDisk.exe,EXCEL.EXE,cftppro.exe,conhost.exe,MpCmdRun.exe,WscReg.exe,360zip.exe,360EntMisc.exe,AcroRd32Info.exe,Log2file.exe,imedictupdateui.exe,OSPPSVC.EXE,360leakfixer.exe,RunDll32.exe,wmpnscfg.exe,RegGuide.exe,ftpte.exe,taskhost.exe,NOTEPAD.EXE,WDSafeDown.exe,AUDIODG.EXE,WLUpdater.exe,SogouExe.exe,NdsCmdLn.exe,SoftupNotify.exe,regsvr32.exe,LogonUI.exe,pinyinup.exe,AcroRd32.exe,klmon.exe,mobsync.exe,PinyinUp.exe,sdclt.exe,IMECMNT.EXE,explorer.exe,360tray.exe,wermgr.exe,SGPicFaceTool.exe,SogouComMgr.exe,VISIO.EXE,SearchProtocolHost.exe,SDIS.exe,LiveUpdate360.exe,rundll32.exe,360EntClient.exe,crashrpt.exe,mscorsvw.exe,LMS.exe,WMIADAP.EXE,LeapFTP.exe,lpremove.exe,SSLVPNRedirector.exe,WINWORD.EXE,360speedld.exe,KLUpdate.exe,ClearCache.exe,svchost.exe,spoolsv.exe,jhi_service.exe,sppsvc.exe,baspin.exe,SearchFilterHost.exe,iexplore.exe,NetCoffer.exe,WscControl.exe,WerFault.exe,Foxmail.exe,WmiApSrv.exe,PhotoScreensaver.scr,aitagent.EXE,HP1100SM.exe,



SGTool.exe,DllHost.exe,cftppro.exe,NDSDisk.exe,SGDownload.exe,conhost.exe,360EntMisc.exe,MpCmdRun.exe,360zip.exe,WscReg.exe,imedictupdateui.exe,Log2file.exe,ftpte.exe,360leakfixer.exe,RunDll32.exe,RegGuide.exe,OSPPSVC.EXE,wmpnscfg.exe,taskhost.exe,LogonUI.exe,AUDIODG.EXE,WLUpdater.exe,klmon.exe,NOTEPAD.EXE,WDSafeDown.exe,NdsCmdLn.exe,SoftupNotify.exe,regsvr32.exe,SogouExe.exe,csc.exe,mobsync.exe,sdclt.exe,wermgr.exe,cvtres.exe,IMECMNT.EXE,explorer.exe,360tray.exe,PinyinUp.exe,SGPicFaceTool.exe,LiveUpdate360.exe,rundll32.exe,SDIS.exe,HPLaserJetService.exe,360EntClient.exe,mscorsvw.exe,LMS.exe,WMIADAP.EXE,SogouComMgr.exe,lpremove.exe,SSLVPNRedirector.exe,360speedld.exe,WINWORD.EXE,svchost.exe,spoolsv.exe,jhi_service.exe,sppsvc.exe,KLUpdate.exe,ClearCache.exe,baspin.exe,PhotoScreensaver.scr,iexplore.exe,firefox.exe,aitagent.EXE,WscControl.exe,WmiApSrv.exe,Foxmail.exe,HP1100SM.exe,NetCoffer.exe,

DllHost.exe,SGTool.exe,SGDownload.exe,EXCEL.EXE,NDSDisk.exe,conhost.exe,AcroRd32Info.exe,MpCmdRun.exe,WscReg.exe,360zip.exe,360EntMisc.exe,Log2file.exe,YoudaoDict.exe,imedictupdateui.exe,360leakfixer.exe,wmpnscfg.exe,OSPPSVC.EXE,SogouCloud.exe,RunDll32.exe,RegGuide.exe,chrome.exe,YoudaoOcr.exe,AUDIODG.EXE,WLUpdater.exe,LogonUI.exe,klmon.exe,taskhost.exe,AcroRd32.exe,SoftupNotify.exe,regsvr32.exe,mobsync.exe,SogouExe.exe,NdsCmdLn.exe,NOTEPAD.EXE,csc.exe,WDSafeDown.exe,sdclt.exe,PinyinUp.exe,360tray.exe,cvtres.exe,IMECMNT.EXE,explorer.exe,wermgr.exe,defrag.exe,crashrpt.exe,SDIS.exe,SGPicFaceTool.exe,WMIADAP.EXE,SearchProtocolHost.exe,HPLaserJetService.exe,rundll32.exe,360EntClient.exe,mscorsvw.exe,LMS.exe,SogouComMgr.exe,LiveUpdate360.exe,LeapFTP.exe,lpremove.exe,SSLVPNRedirector.exe,svchost.exe,360speedld.exe,baspin.exe,WINWORD.EXE,KLUpdate.exe,ClearCache.exe,spoolsv.exe,jhi_service.exe,sppsvc.exe,PhotoScreensaver.scr,YoudaoIE.exe,YoudaoDictHelper.exe,WscControl.exe,WmiApSrv.exe,NetCoffer.exe,SearchFilterHost.exe,WerFault.exe,Foxmail.exe,iexplore.exe,aitagent.EXE,
DllHost.exe,SGTool.exe,SGDownload.exe,NDSDisk.exe,conhost.exe,MpCmdRun.exe,WscReg.exe,360zip.exe,360EntMisc.exe,360zipUpdate.exe,imedictupdateui.exe,Log2file.exe,RegGuide.exe,OSPPSVC.EXE,wmpnscfg.exe,360leakfixer.exe,RunDll32.exe,AUDIODG.EXE,WLUpdater.exe,LogonUI.exe,AcroRd32.exe,NOTEPAD.EXE,taskhost.exe,pinyinup.exe,klmon.exe,SogouExe.exe,csc.exe,WDSafeDown.exe,NdsCmdLn.exe,SoftupNotify.exe,regsvr32.exe,mobsync.exe,chrome.exe,sdclt.exe,360tray.exe,cvtres.exe,IMECMNT.EXE,explorer.exe,wermgr.exe,PinyinUp.exe,SogouComMgr.exe,SGPicFaceTool.exe,SearchProtocolHost.exe,360EntClient.exe,mscorsvw.exe,LMS.exe,WMIADAP.EXE,rundll32.exe,HPLaserJetService.exe,crashrpt.exe,SDIS.exe,LiveUpdate360.exe,lpremove.exe,LeapFTP.exe,SSLVPNRedirector.exe,WINWORD.EXE,360speedld.exe,jhi_service.exe,sppsvc.exe,svchost.exe,spoolsv.exe,baspin.exe,ClearCache.exe,KLUpdate.exe,SearchFilterHost.exe,PhotoScreensaver.scr,WscControl.exe,WmiApSrv.exe,iexplore.exe,WerFault.exe,Foxmail.exe,aitagent.EXE,NetCoffer.exe,


DllHost.exe,SGTool.exe,SGDownload.exe,NDSDisk.exe,EXCEL.EXE,PING.EXE,conhost.exe,MpCmdRun.exe,360EntMisc.exe,WscReg.exe,SolidConverterPDF v7.exe,MSI57AB.tmp,AcroRd32Info.exe,imedictupdateui.exe,Log2file.exe,RegGuide.exe,OSPPSVC.EXE,360leakfixer.exe,RunDll32.exe,wmpnscfg.exe,SnippingTool.exe,taskhost.exe,AcroRd32.exe,NdsCmdLn.exe,WDSafeDown.exe,chrome.exe,WLUpdater.exe,AUDIODG.EXE,NOTEPAD.EXE,SogouExe.exe,pinyinup.exe,SoftupNotify.exe,regsvr32.exe,klmon.exe,LogonUI.exe,mobsync.exe,sdiagnhost.exe,csc.exe,msiexec.exe,sdclt.exe,PinyinUp.exe,sc.exe,360tray.exe,IMECMNT.EXE,explorer.exe,FoxmailLiveUpdate.exe,wermgr.exe,cvtres.exe,w32tm.exe,ConverterPrinterSetup.exe,WISPTIS.EXE,defrag.exe,SearchProtocolHost.exe,SGPicFaceTool.exe,SogouComMgr.exe,SDIS.exe,LiveUpdate360.exe,rundll32.exe,360EntClient.exe,mscorsvw.exe,LMS.exe,WMIADAP.EXE,lpremove.exe,LeapFTP.exe,cmd.exe,ipconfig.exe,SolidConverterPDF.exe,SSLVPNRedirector.exe,WINWORD.EXE,360speedld.exe,spoolsv.exe,jhi_service.exe,sppsvc.exe,svchost.exe,baspin.exe,SearchFilterHost.exe,PhotoScreensaver.scr,firefox.exe,WscControl.exe,Foxmail.exe,WmiApSrv.exe,iexplore.exe,MsiExec.exe,aitagent.EXE,SolidScanServer.exe,
SGTool.exe,DllHost.exe,NDSDisk.exe,EXCEL.EXE,SGDownload.exe,pscp.exe,conhost.exe,360EntMisc.exe,WscReg.exe,MpCmdRun.exe,360leakfixer.exe,Log2file.exe,wmpnscfg.exe,TmsHelpX86.exe,SogouCloud.exe,wmpnetwk.exe,OSPPSVC.EXE,RunDll32.exe,imedictupdateui.exe,chrome.exe,AUDIODG.EXE,SogouExe.exe,LogonUI.exe,WLUpdater.exe,SoftupNotify.exe,regsvr32.exe,mobsync.exe,klmon.exe,taskhost.exe,csc.exe,NOTEPAD.EXE,notepad++.exe,mstsc.exe,NdsCmdLn.exe,WDSafeDown.exe,IMECMNT.EXE,cvtres.exe,explorer.exe,sdclt.exe,360tray.exe,wermgr.exe,PinyinUp.exe,rundll32.exe,SDIS.exe,LiveUpdate360.exe,LeapFTP.exe,SogouComMgr.exe,SGPicFaceTool.exe,HPLaserJetService.exe,360EntClient.exe,SearchProtocolHost.exe,SSLVPNRedirector.exe,WINWORD.EXE,360speedld.exe,baspin.exe,spoolsv.exe,svchost.exe,sppsvc.exe,KLUpdate.exe,ClearCache.exe,iexplore.exe,Foxmail.exe,SearchFilterHost.exe,PhotoScreensaver.scr,NetCoffer.exe,gup.exe,plsqldev.exe,firefox.exe,
DllHost.exe,SGTool.exe,MSOXMLED.EXE,EXCEL.EXE,NDSDisk.exe,SGDownload.exe,conhost.exe,MpCmdRun.exe,RavService.exe,WscReg.exe,360EntMisc.exe,wmpnscfg.exe,Log2file.exe,imedictupdateui.exe,SnippingTool.exe,360leakfixer.exe,RunDll32.exe,OSPPSVC.EXE,RegGuide.exe,AdobeUpdater.exe,regsvr32.exe,csc.exe,LogonUI.exe,taskhost.exe,WLUpdater.exe,SoftupNotify.exe,AUDIODG.EXE,notepad++.exe,klmon.exe,mstsc.exe,NOTEPAD.EXE,chrome.exe,AcroRd32.exe,pinyinup.exe,WDSafeDown.exe,NdsCmdLn.exe,SogouExe.exe,mobsync.exe,cvtres.exe,IMECMNT.EXE,WISPTIS.EXE,wermgr.exe,360tray.exe,explorer.exe,sdclt.exe,defrag.exe,PinyinUp.exe,rundll32.exe,SearchProtocolHost.exe,SDIS.exe,SGPicFaceTool.exe,360EntClient.exe,nonficker_setup.exe,mscorsvw.exe,LMS.exe,WMIADAP.EXE,LiveUpdate360.exe,LeapFTP.exe,lpremove.exe,SogouComMgr.exe,SSLVPNRedirector.exe,spoolsv.exe,svchost.exe,360speedld.exe,WINWORD.EXE,jhi_service.exe,sppsvc.exe,baspin.exe,SearchFilterHost.exe,iexplore.exe,PhotoScreensaver.scr,WscControl.exe,Foxmail.exe,WmiApSrv.exe,plsqldev.exe,aitagent.EXE,
SGTool.exe,DllHost.exe,SGDownload.exe,NDSDisk.exe,EXCEL.EXE,pscp.exe,conhost.exe,MpCmdRun.exe,360zip.exe,WscReg.exe,360EntMisc.exe,imedictupdateui.exe,Log2file.exe,wmpnscfg.exe,OSPPSVC.EXE,RegGuide.exe,360leakfixer.exe,RunDll32.exe,AUDIODG.EXE,WLUpdater.exe,SoftupNotify.exe,regsvr32.exe,taskhost.exe,SogouExe.exe,notepad++.exe,NOTEPAD.EXE,chrome.exe,LogonUI.exe,klmon.exe,mobsync.exe,NdsCmdLn.exe,sdclt.exe,PinyinUp.exe,IMECMNT.EXE,explorer.exe,360tray.exe,wermgr.exe,defrag.exe,SGPicFaceTool.exe,SDIS.exe,rundll32.exe,360EntClient.exe,crashrpt.exe,mscorsvw.exe,LMS.exe,SearchProtocolHost.exe,WMIADAP.EXE,LiveUpdate360.exe,LeapFTP.exe,lpremove.exe,SogouComMgr.exe,SSLVPNRedirector.exe,WINWORD.EXE,360speedld.exe,spoolsv.exe,svchost.exe,jhi_service.exe,sppsvc.exe,baspin.exe,KLUpdate.exe,ClearCache.exe,PhotoScreensaver.scr,Foxmail.exe,WscControl.exe,WerFault.exe,WmiApSrv.exe,SearchFilterHost.exe,firefox.exe,plsqldev.exe,HP1100SM.exe,NetCoffer.exe,aitagent.EXE,iexplore.exe,




DeviceDisplayObjectProvider.exe,DllHost.exe,SGTool.exe,EXCEL.EXE,NDSDisk.exe,SGDownload.exe,conhost.exe,MpCmdRun.exe,360EntMisc.exe,WscReg.exe,360zip.exe,360zipUpdate.exe,imedictupdateui.exe,Log2file.exe,360leakfixer.exe,OSPPSVC.EXE,RunDll32.exe,wmpnscfg.exe,wmpnetwk.exe,SogouCloud.exe,RegGuide.exe,NOTEPAD.EXE,taskhost.exe,WLUpdater.exe,LogonUI.exe,SoftupNotify.exe,regsvr32.exe,klmon.exe,AUDIODG.EXE,AcroRd32.exe,chrome.exe,SogouExe.exe,NdsCmdLn.exe,csc.exe,werfault.exe,mobsync.exe,WDSafeDown.exe,CONTROL.EXE,sdclt.exe,wermgr.exe,360tray.exe,cvtres.exe,IMECMNT.EXE,explorer.exe,PinyinUp.exe,SDIS.exe,LiveUpdate360.exe,SGPicFaceTool.exe,rundll32.exe,SearchProtocolHost.exe,HPLaserJetService.exe,360EntClient.exe,crashrpt.exe,mscorsvw.exe,LMS.exe,WMIADAP.EXE,SogouComMgr.exe,lpremove.exe,SolidConverterPDF.exe,SSLVPNRedirector.exe,svchost.exe,WINWORD.EXE,360speedld.exe,spoolsv.exe,jhi_service.exe,sppsvc.exe,baspin.exe,PhotoScreensaver.scr,HP1100SM.exe,iexplore.exe,SearchFilterHost.exe,WscControl.exe,WerFault.exe,Foxmail.exe,WmiApSrv.exe,POWERPNT.EXE,aitagent.EXE,SolidScanServer.exe,
SGTool.exe,DllHost.exe,EXCEL.EXE,NDSDisk.exe,SGDownload.exe,conhost.exe,MpCmdRun.exe,WscReg.exe,360EntMisc.exe,360leakfixer.exe,wmpnscfg.exe,imedictupdateui.exe,Log2file.exe,RunDll32.exe,RegGuide.exe,OSPPSVC.EXE,WLUpdater.exe,SogouExe.exe,mobsync.exe,klmon.exe,AUDIODG.EXE,SoftupNotify.exe,regsvr32.exe,WDSafeDown.exe,LogonUI.exe,taskhost.exe,chrome.exe,NOTEPAD.EXE,csc.exe,NdsCmdLn.exe,AcroRd32.exe,pinyinup.exe,werfault.exe,sdclt.exe,defrag.exe,wermgr.exe,cvtres.exe,IMECMNT.EXE,explorer.exe,360tray.exe,PinyinUp.exe,lpremove.exe,SearchProtocolHost.exe,SDIS.exe,rundll32.exe,360EntClient.exe,crashrpt.exe,mscorsvw.exe,LMS.exe,WMIADAP.EXE,LiveUpdate360.exe,SogouComMgr.exe,SGPicFaceTool.exe,SSLVPNRedirector.exe,WINWORD.EXE,baspin.exe,svchost.exe,360speedld.exe,spoolsv.exe,jhi_service.exe,sppsvc.exe,PhotoScreensaver.scr,SearchFilterHost.exe,aitagent.EXE,iexplore.exe,WscControl.exe,WerFault.exe,Foxmail.exe,WmiApSrv.exe,
SGTool.exe,SGDownload.exe,DllHost.exe,NDSDisk.exe,EXCEL.EXE,conhost.exe,MpCmdRun.exe,powercfg.exe,360EntMisc.exe,WscReg.exe,360zip.exe,imedictupdateui.exe,Log2file.exe,360leakfixer.exe,wmpnscfg.exe,wmpnetwk.exe,RegGuide.exe,OSPPSVC.EXE,RunDll32.exe,WLUpdater.exe,AUDIODG.EXE,taskhost.exe,SoftupNotify.exe,regsvr32.exe,mobsync.exe,klmon.exe,LogonUI.exe,WDSafeDown.exe,csc.exe,NOTEPAD.EXE,chrome.exe,pinyinup.exe,SogouExe.exe,AcroRd32.exe,NdsCmdLn.exe,PinyinUp.exe,sdclt.exe,defrag.exe,360tray.exe,cvtres.exe,IMECMNT.EXE,explorer.exe,wermgr.exe,SDIS.exe,LiveUpdate360.exe,rundll32.exe,SearchProtocolHost.exe,360EntClient.exe,crashrpt.exe,mscorsvw.exe,LMS.exe,WMIADAP.EXE,lpremove.exe,SogouComMgr.exe,SGPicFaceTool.exe,SSLVPNRedirector.exe,360speedld.exe,baspin.exe,WINWORD.EXE,svchost.exe,spoolsv.exe,jhi_service.exe,sppsvc.exe,PhotoScreensaver.scr,POWERPNT.EXE,aitagent.EXE,SearchFilterHost.exe,WscControl.exe,WerFault.exe,Foxmail.exe,iexplore.exe,WmiApSrv.exe,
SGTool.exe,DllHost.exe,SGDownload.exe,NDSDisk.exe,EXCEL.EXE,conhost.exe,MpCmdRun.exe,360EntMisc.exe,WscReg.exe,imedictupdateui.exe,RegGuide.exe,Log2file.exe,wmpnscfg.exe,OSPPSVC.EXE,360leakfixer.exe,RunDll32.exe,AUDIODG.EXE,SogouExe.exe,chrome.exe,taskhost.exe,WLUpdater.exe,AcroRd32.exe,SoftupNotify.exe,regsvr32.exe,pinyinup.exe,csc.exe,NOTEPAD.EXE,LogonUI.exe,mobsync.exe,klmon.exe,NdsCmdLn.exe,taskmgr.exe,WDSafeDown.exe,360tray.exe,cvtres.exe,IMECMNT.EXE,explorer.exe,wermgr.exe,PinyinUp.exe,sdclt.exe,SearchProtocolHost.exe,LiveUpdate360.exe,SogouComMgr.exe,SGPicFaceTool.exe,SDIS.exe,rundll32.exe,360EntClient.exe,mscorsvw.exe,LMS.exe,WMIADAP.EXE,lpremove.exe,SSLVPNRedirector.exe,WINWORD.EXE,KLUpdate.exe,ClearCache.exe,svchost.exe,360speedld.exe,spoolsv.exe,jhi_service.exe,sppsvc.exe,baspin.exe,iexplore.exe,SearchFilterHost.exe,NetCoffer.exe,WscControl.exe,Foxmail.exe,WmiApSrv.exe,PhotoScreensaver.scr,aitagent.EXE,WerFault.exe,
NDSDisk.exe,DllHost.exe,SGTool.exe,SGDownload.exe,conhost.exe,WscReg.exe,MpCmdRun.exe,360EntMisc.exe,wmpnscfg.exe,SogouCloud.exe,wmpnetwk.exe,OSPPSVC.EXE,imedictupdateui.exe,360leakfixer.exe,RunDll32.exe,RegGuide.exe,Log2file.exe,taskhost.exe,WDSafeDown.exe,NdsCmdLn.exe,SogouExe.exe,pinyinup.exe,LogonUI.exe,WLUpdater.exe,SoftupNotify.exe,regsvr32.exe,IMECMNT.EXE,explorer.exe,wermgr.exe,360tray.exe,rundll32.exe,360EntClient.exe,mscorsvw.exe,LMS.exe,SearchProtocolHost.exe,WMIADAP.EXE,VISIO.EXE,lpremove.exe,SDIS.exe,LiveUpdate360.exe,spoolsv.exe,SSLVPNRedirector.exe,jhi_service.exe,sppsvc.exe,svchost.exe,WINWORD.EXE,360speedld.exe,WscControl.exe,Foxmail.exe,WmiApSrv.exe,SearchFilterHost.exe,PhotoScreensaver.scr,aitagent.EXE,

DllHost.exe,SGTool.exe,NDSDisk.exe,conhost.exe,MpCmdRun.exe,360zip.exe,360zipUpdate.exe,360EntMisc.exe,WscReg.exe,imedictupdateui.exe,Nero.exe,Log2file.exe,360leakfixer.exe,RunDll32.exe,RegGuide.exe,werfault.exe,WDSafeDown.exe,taskhost.exe,LogonUI.exe,AUDIODG.EXE,WLUpdater.exe,SoftupNotify.exe,regsvr32.exe,wermgr.exe,dinotify.exe,360tray.exe,IMECMNT.EXE,explorer.exe,rundll32.exe,DrvInst.exe,lpremove.exe,LiveUpdate360.exe,360EntClient.exe,mscorsvw.exe,LMS.exe,WMIADAP.EXE,SDIS.exe,SSLVPNRedirector.exe,SGSetc.exe,svchost.exe,360speedld.exe,spoolsv.exe,jhi_service.exe,sppsvc.exe,PhotoScreensaver.scr,WscControl.exe,Foxmail.exe,WmiApSrv.exe,
SGTool.exe,SGDownload.exe,DllHost.exe,NDSDisk.exe,EXCEL.EXE,conhost.exe,MpCmdRun.exe,WscReg.exe,360EntMisc.exe,TortoiseProc.exe,Log2file.exe,imedictupdateui.exe,wmpnetwk.exe,RegGuide.exe,wmpnscfg.exe,OSPPSVC.EXE,360leakfixer.exe,RunDll32.exe,WLUpdater.exe,klmon.exe,AUDIODG.EXE,NOTEPAD.EXE,taskhost.exe,LogonUI.exe,SogouExe.exe,SoftupNotify.exe,regsvr32.exe,AcroRd32.exe,csc.exe,NdsCmdLn.exe,pinyinup.exe,mstsc.exe,mobsync.exe,taskmgr.exe,WDSafeDown.exe,PinyinUp.exe,sdclt.exe,cvtres.exe,IMECMNT.EXE,explorer.exe,360tray.exe,wermgr.exe,SogouComMgr.exe,SGPicFaceTool.exe,lpremove.exe,rundll32.exe,SDIS.exe,SearchProtocolHost.exe,HPLaserJetService.exe,360EntClient.exe,mscorsvw.exe,LMS.exe,WMIADAP.EXE,LiveUpdate360.exe,SSLVPNRedirector.exe,360speedld.exe,WINWORD.EXE,spoolsv.exe,jhi_service.exe,sppsvc.exe,svchost.exe,baspin.exe,utilman.exe,PhotoScreensaver.scr,iexplore.exe,aitagent.EXE,SearchFilterHost.exe,WscControl.exe,Foxmail.exe,WmiApSrv.exe,POWERPNT.EXE,
DllHost.exe,SGTool.exe,SGDownload.exe,EXCEL.EXE,NDSDisk.exe,pscp.exe,MpCmdRun.exe,conhost.exe,360EntMisc.exe,WscReg.exe,TortoiseProc.exe,360zip.exe,imedictupdateui.exe,wmpnscfg.exe,Log2file.exe,360leakfixer.exe,TmsHelpX86.exe,wmpnetwk.exe,RegGuide.exe,OSPPSVC.EXE,RunDll32.exe,WLUpdater.exe,AUDIODG.EXE,taskhost.exe,LogonUI.exe,mobsync.exe,klmon.exe,NOTEPAD.EXE,SoftupNotify.exe,regsvr32.exe,csc.exe,NdsCmdLn.exe,SogouExe.exe,AcroRd32.exe,PinyinUp.exe,IMECMNT.EXE,cvtres.exe,explorer.exe,defrag.exe,sdclt.exe,wermgr.exe,360tray.exe,SGPicFaceTool.exe,SDIS.exe,SogouComMgr.exe,SearchProtocolHost.exe,LiveUpdate360.exe,rundll32.exe,360EntClient.exe,HPLaserJetService.exe,mscorsvw.exe,LMS.exe,WMIADAP.EXE,lpremove.exe,WINWORD.EXE,baspin.exe,svchost.exe,spoolsv.exe,jhi_service.exe,sppsvc.exe,SSLVPNRedirector.exe,KLUpdate.exe,ClearCache.exe,360speedld.exe,iexplore.exe,PhotoScreensaver.scr,HP1100SM.exe,SearchFilterHost.exe,WscControl.exe,GetKoalInfo.exe,WmiApSrv.exe,Foxmail.exe,NetCoffer.exe,aitagent.EXE,POWERPNT.EXE,

DllHost.exe,SGTool.exe,NDSDisk.exe,SGDownload.exe,EXCEL.EXE,conhost.exe,MpCmdRun.exe,WscReg.exe,360EntMisc.exe,AcroRd32Info.exe,360zip.exe,360zipUpdate.exe,imedictupdateui.exe,Log2file.exe,360leakfixer.exe,wmpnscfg.exe,OSPPSVC.EXE,RunDll32.exe,RegGuide.exe,WLUpdater.exe,taskhost.exe,AcroRd32.exe,WDSafeDown.exe,LogonUI.exe,AUDIODG.EXE,mobsync.exe,klmon.exe,chrome.exe,NOTEPAD.EXE,SogouExe.exe,SoftupNotify.exe,regsvr32.exe,NdsCmdLn.exe,werfault.exe,sdclt.exe,360tray.exe,IMECMNT.EXE,explorer.exe,wermgr.exe,PinyinUp.exe,rundll32.exe,SogouComMgr.exe,SGPicFaceTool.exe,lpremove.exe,360EntClient.exe,mscorsvw.exe,LMS.exe,WMIADAP.EXE,LiveUpdate360.exe,SDIS.exe,LeapFTP.exe,SSLVPNRedirector.exe,WINWORD.EXE,360speedld.exe,baspin.exe,spoolsv.exe,jhi_service.exe,sppsvc.exe,svchost.exe,aitagent.EXE,PhotoScreensaver.scr,iexplore.exe,WscControl.exe,Foxmail.exe,WmiApSrv.exe,POWERPNT.EXE,
SGTool.exe,mspaint.exe,SGDownload.exe,NDSDisk.exe,EXCEL.EXE,DllHost.exe,conhost.exe,MpCmdRun.exe,360EntMisc.exe,WscReg.exe,AcroRd32Info.exe,360zip.exe,360zipUpdate.exe,RegGuide.exe,imedictupdateui.exe,SnippingTool.exe,Log2file.exe,SogouCloud.exe,OSPPSVC.EXE,360leakfixer.exe,RunDll32.exe,wmpnscfg.exe,WLUpdater.exe,SoftupNotify.exe,regsvr32.exe,AUDIODG.EXE,taskhost.exe,NOTEPAD.EXE,pinyinup.exe,SogouExe.exe,AcroRd32.exe,LogonUI.exe,klmon.exe,NdsCmdLn.exe,mobsync.exe,WISPTIS.EXE,PinyinUp.exe,IMECMNT.EXE,explorer.exe,wermgr.exe,360tray.exe,sdclt.exe,SearchProtocolHost.exe,SDIS.exe,LiveUpdate360.exe,rundll32.exe,360EntClient.exe,mscorsvw.exe,LMS.exe,WMIADAP.EXE,SogouComMgr.exe,SGPicFaceTool.exe,lpremove.exe,SSLVPNRedirector.exe,WINWORD.EXE,svchost.exe,spoolsv.exe,jhi_service.exe,sppsvc.exe,360speedld.exe,baspin.exe,SearchFilterHost.exe,PhotoScreensaver.scr,WscControl.exe,Foxmail.exe,WmiApSrv.exe,iexplore.exe,aitagent.EXE,POWERPNT.EXE,

SGTool.exe,DllHost.exe,NDSDisk.exe,PING.EXE,SGDownload.exe,conhost.exe,MpCmdRun.exe,360EntMisc.exe,360zip.exe,360zipUpdate.exe,AcroRd32Info.exe,WscReg.exe,360leakfixer.exe,Log2file.exe,wmpnscfg.exe,RegGuide.exe,imedictupdateui.exe,AdobeUpdater.exe,wmpnetwk.exe,OSPPSVC.EXE,RunDll32.exe,YoudaoDict.exe,WLUpdater.exe,klmon.exe,mobsync.exe,AUDIODG.EXE,taskhost.exe,NdsCmdLn.exe,AcroRd32.exe,SoftupNotify.exe,regsvr32.exe,LogonUI.exe,SogouExe.exe,csc.exe,chrome.exe,sdiagnhost.exe,NOTEPAD.EXE,sdclt.exe,360tray.exe,cvtres.exe,IMECMNT.EXE,explorer.exe,FoxmailLiveUpdate.exe,sc.exe,wermgr.exe,w32tm.exe,PinyinUp.exe,LiveUpdate360.exe,LeapFTP.exe,SDIS.exe,rundll32.exe,crashrpt.exe,360EntClient.exe,mscorsvw.exe,LMS.exe,SearchProtocolHost.exe,WMIADAP.EXE,lpremove.exe,SogouComMgr.exe,SGPicFaceTool.exe,SSLVPNRedirector.exe,360speedld.exe,baspin.exe,svchost.exe,WINWORD.EXE,spoolsv.exe,jhi_service.exe,sppsvc.exe,POWERPNT.EXE,PhotoScreensaver.scr,aitagent.EXE,WscControl.exe,WerFault.exe,Foxmail.exe,WmiApSrv.exe,SearchFilterHost.exe,iexplore.exe,YoudaoIE.exe,YoudaoDictHelper.exe,
SGTool.exe,DllHost.exe,NDSDisk.exe,SGDownload.exe,conhost.exe,powercfg.exe,MpCmdRun.exe,360EntMisc.exe,WscReg.exe,360zip.exe,imedictupdateui.exe,Log2file.exe,360leakfixer.exe,RunDll32.exe,OSPPSVC.EXE,SogouCloud.exe,RegGuide.exe,wmpnscfg.exe,SnippingTool.exe,taskhost.exe,WLUpdater.exe,AUDIODG.EXE,AcroRd32.exe,SoftupNotify.exe,regsvr32.exe,NOTEPAD.EXE,LogonUI.exe,klmon.exe,pinyinup.exe,SogouExe.exe,mobsync.exe,NdsCmdLn.exe,chrome.exe,sethc.exe,WDSafeDown.exe,wermgr.exe,360tray.exe,IMECMNT.EXE,explorer.exe,sdclt.exe,WISPTIS.EXE,PinyinUp.exe,lpremove.exe,rundll32.exe,SDIS.exe,SogouComMgr.exe,SGPicFaceTool.exe,LiveUpdate360.exe,mscorsvw.exe,LMS.exe,SearchProtocolHost.exe,WMIADAP.EXE,crashrpt.exe,360EntClient.exe,LeapFTP.exe,SolidConverterPDF.exe,SSLVPNRedirector.exe,360speedld.exe,WINWORD.EXE,jhi_service.exe,sppsvc.exe,svchost.exe,spoolsv.exe,baspin.exe,PhotoScreensaver.scr,aitagent.EXE,WscControl.exe,WmiApSrv.exe,SearchFilterHost.exe,WerFault.exe,Foxmail.exe,iexplore.exe,SolidScanServer.exe,
SGTool.exe,DllHost.exe,cftppro.exe,NDSDisk.exe,SGDownload.exe,MpCmdRun.exe,conhost.exe,AcroRd32Info.exe,360EntMisc.exe,WscReg.exe,Log2file.exe,ftpte.exe,360leakfixer.exe,wmpnscfg.exe,imedictupdateui.exe,RunDll32.exe,OSPPSVC.EXE,RegGuide.exe,WLUpdater.exe,AcroRd32.exe,NdsCmdLn.exe,NOTEPAD.EXE,LogonUI.exe,AUDIODG.EXE,taskhost.exe,chrome.exe,SogouExe.exe,mobsync.exe,klmon.exe,pinyinup.exe,SoftupNotify.exe,regsvr32.exe,WDSafeDown.exe,defrag.exe,sdclt.exe,explorer.exe,wermgr.exe,IMECMNT.EXE,360tray.exe,PinyinUp.exe,SogouComMgr.exe,SGPicFaceTool.exe,SearchProtocolHost.exe,LeapFTP.exe,lpremove.exe,rundll32.exe,LiveUpdate360.exe,360EntClient.exe,mscorsvw.exe,LMS.exe,WMIADAP.EXE,SDIS.exe,SolidConverterPDF.exe,WINWORD.EXE,360speedld.exe,svchost.exe,baspin.exe,spoolsv.exe,SSLVPNRedirector.exe,jhi_service.exe,sppsvc.exe,PhotoScreensaver.scr,SearchFilterHost.exe,iexplore.exe,aitagent.EXE,firefox.exe,WscControl.exe,Foxmail.exe,POWERPNT.EXE,WmiApSrv.exe,SolidScanServer.exe,

DllHost.exe,SGTool.exe,NDSDisk.exe,SGDownload.exe,EXCEL.EXE,conhost.exe,MpCmdRun.exe,WscReg.exe,AcroRd32Info.exe,360EntMisc.exe,360zip.exe,imedictupdateui.exe,CAJVieweru.exe,AdobeUpdater.exe,Log2file.exe,wmpnetwk.exe,wmpnscfg.exe,OSPPSVC.EXE,RunDll32.exe,360leakfixer.exe,RegGuide.exe,YoudaoDict.exe,LogonUI.exe,AUDIODG.EXE,WLUpdater.exe,SoftupNotify.exe,regsvr32.exe,taskhost.exe,AcroRd32.exe,csc.exe,NOTEPAD.EXE,SogouExe.exe,NdsCmdLn.exe,pinyinup.exe,chrome.exe,YoudaoOcr.exe,mobsync.exe,klmon.exe,sdclt.exe,IMECMNT.EXE,cvtres.exe,explorer.exe,360tray.exe,wermgr.exe,PinyinUp.exe,lpremove.exe,SearchProtocolHost.exe,rundll32.exe,SDIS.exe,360EntClient.exe,mscorsvw.exe,LMS.exe,WMIADAP.EXE,SGPicFaceTool.exe,crashrpt.exe,LiveUpdate360.exe,CAJVieweru.EXE,LeapFTP.exe,SogouComMgr.exe,SSLVPNRedirector.exe,360speedld.exe,spoolsv.exe,WINWORD.EXE,jhi_service.exe,sppsvc.exe,svchost.exe,baspin.exe,PhotoScreensaver.scr,SearchFilterHost.exe,aitagent.EXE,WmiApSrv.exe,WscControl.exe,Foxmail.exe,iexplore.exe,YoudaoIE.exe,YoudaoDictHelper.exe,WerFault.exe,


DllHost.exe,SGTool.exe,cftppro.exe,NDSDisk.exe,SGDownload.exe,PING.EXE,EXCEL.EXE,conhost.exe,360EntMisc.exe,MpCmdRun.exe,WscReg.exe,AcroRd32Info.exe,360zip.exe,360zipUpdate.exe,RavUpgrd.exe,SetupRav.exe,Log2file.exe,imedictupdateui.exe,360leakfixer.exe,RunDll32.exe,ftpte.exe,RegGuide.exe,OSPPSVC.EXE,wmpnscfg.exe,WDSafeDown.exe,WLUpdater.exe,SoftupNotify.exe,regsvr32.exe,taskhost.exe,klmon.exe,NOTEPAD.EXE,AUDIODG.EXE,LogonUI.exe,csc.exe,SogouExe.exe,pinyinup.exe,AcroRd32.exe,sdiagnhost.exe,NdsCmdLn.exe,mobsync.exe,360tray.exe,wermgr.exe,cvtres.exe,explorer.exe,FoxmailLiveUpdate.exe,sc.exe,sdclt.exe,PinyinUp.exe,w32tm.exe,defrag.exe,SDIS.exe,SogouComMgr.exe,LiveUpdate360.exe,SearchProtocolHost.exe,SGPicFaceTool.exe,HPLaserJetService.exe,360EntClient.exe,crashrpt.exe,mscorsvw.exe,LMS.exe,WMIADAP.EXE,LeapFTP.exe,lpremove.exe,rundll32.exe,SSLVPNRedirector.exe,WINWORD.EXE,360speedld.exe,spoolsv.exe,jhi_service.exe,sppsvc.exe,svchost.exe,baspin.exe,POWERPNT.EXE,SearchFilterHost.exe,PhotoScreensaver.scr,iexplore.exe,WscControl.exe,WerFault.exe,Foxmail.exe,WmiApSrv.exe,aitagent.EXE,
SGTool.exe,DllHost.exe,cftppro.exe,NDSDisk.exe,SGDownload.exe,conhost.exe,360zip.exe,MpCmdRun.exe,360EntMisc.exe,WscReg.exe,360leakfixer.exe,wmpnscfg.exe,imedictupdateui.exe,ftpte.exe,Log2file.exe,RunDll32.exe,RegGuide.exe,OSPPSVC.EXE,LogonUI.exe,WLUpdater.exe,taskhost.exe,klmon.exe,AUDIODG.EXE,mobsync.exe,WDSafeDown.exe,SoftupNotify.exe,regsvr32.exe,SogouExe.exe,NOTEPAD.EXE,NdsCmdLn.exe,mstsc.exe,chrome.exe,sdclt.exe,wermgr.exe,explorer.exe,360tray.exe,PinyinUp.exe,lpremove.exe,SDIS.exe,rundll32.exe,LiveUpdate360.exe,360EntClient.exe,mscorsvw.exe,LMS.exe,SearchProtocolHost.exe,WMIADAP.EXE,LeapFTP.exe,SogouComMgr.exe,SGPicFaceTool.exe,SSLVPNRedirector.exe,baspin.exe,WINWORD.EXE,360speedld.exe,spoolsv.exe,DumpUper.exe,jhi_service.exe,sppsvc.exe,svchost.exe,PhotoScreensaver.scr,aitagent.EXE,WscControl.exe,POWERPNT.EXE,Foxmail.exe,WmiApSrv.exe,SearchFilterHost.exe,iexplore.exe,
SGTool.exe,DllHost.exe,cftppro.exe,EXCEL.EXE,conhost.exe,360zip.exe,AcroRd32Info.exe,360EntMisc.exe,MpCmdRun.exe,WscReg.exe,360zipUpdate.exe,360leakfixer.exe,wmpnscfg.exe,Log2file.exe,imedictupdateui.exe,AdobeUpdater.exe,ftpte.exe,OSPPSVC.EXE,RegGuide.exe,RunDll32.exe,mobsync.exe,klmon.exe,AUDIODG.EXE,WLUpdater.exe,taskhost.exe,AcroRd32.exe,NOTEPAD.EXE,NdsCmdLn.exe,LogonUI.exe,SoftupNotify.exe,regsvr32.exe,chrome.exe,SogouExe.exe,sdclt.exe,defrag.exe,explorer.exe,360tray.exe,wermgr.exe,rundll32.exe,SGPicFaceTool.exe,LeapFTP.exe,lpremove.exe,SDIS.exe,LiveUpdate360.exe,crashrpt.exe,360EntClient.exe,mscorsvw.exe,LMS.exe,SearchProtocolHost.exe,WMIADAP.EXE,SogouComMgr.exe,SSLVPNRedirector.exe,WINWORD.EXE,baspin.exe,svchost.exe,360speedld.exe,spoolsv.exe,jhi_service.exe,sppsvc.exe,PhotoScreensaver.scr,aitagent.EXE,WscControl.exe,WmiApSrv.exe,SearchFilterHost.exe,Foxmail.exe,iexplore.exe,POWERPNT.EXE,

DllHost.exe,cftppro.exe,SGTool.exe,conhost.exe,360zip.exe,AcroRd32Info.exe,TortoiseProc.exe,360EntMisc.exe,imedictupdateui.exe,ftpte.exe,360LeakFixer.exe,eclipse.exe,AdobeUpdater.exe,StormDebug.exe,AUDIODG.EXE,NdsCmdLn.exe,LogonUI.exe,klmon.exe,taskhost.exe,AcroRd32.exe,SogouExe.exe,HH.exe,notepad++.exe,werfault.exe,MySQLInstallerConsole.exe,escndv.exe,SGPicFaceTool.exe,SogouComMgr.exe,SearchProtocolHost.exe,cmd.exe,LiveUpdate360.exe,rundll32.exe,crashrpt.exe,SSLVPNRedirector.exe,WINWORD.EXE,taskeng.exe,javaw.exe,svchost.exe,Estwm.exe,PhotoScreensaver.scr,360EntClientAir.exe,SearchFilterHost.exe,iexplore.exe,HP1100SM.exe,360vulsetup.exe,
DllHost.exe,SGTool.exe,SGDownload.exe,NDSDisk.exe,ctfmon.exe,cftppro.exe,conhost.exe,MpCmdRun.exe,360zip.exe,WscReg.exe,AcroRd32Info.exe,360EntMisc.exe,TortoiseProc.exe,imedictupdateui.exe,eclipse.exe,360leakfixer.exe,RunDll32.exe,OSPPSVC.EXE,ftpte.exe,360LeakFixer.exe,wmpnscfg.exe,notepad++.exe,NdsCmdLn.exe,taskhost.exe,pinyinup.exe,SogouExe.exe,SoftupNotify.exe,regsvr32.exe,werfault.exe,AUDIODG.EXE,NOTEPAD.EXE,LogonUI.exe,klmon.exe,chrome.exe,AcroRd32.exe,mobsync.exe,360tray.exe,wermgr.exe,explorer.exe,ComputerZService.exe,defrag.exe,PinyinUp.exe,sdclt.exe,MySQLInstallerConsole.exe,SearchProtocolHost.exe,SGPicFaceTool.exe,bcdedit.exe,SDIS.exe,360EntClient.exe,crashrpt.exe,mscorsvw.exe,LMS.exe,WMIADAP.EXE,rundll32.exe,LiveUpdate360.exe,cmd.exe,lpremove.exe,SogouComMgr.exe,SSLVPNRedirector.exe,WINWORD.EXE,360speedld.exe,javaw.exe,spoolsv.exe,schtasks.exe,svchost.exe,jhi_service.exe,sppsvc.exe,stMgr.exe,taskeng.exe,baspin.exe,SearchFilterHost.exe,360vulsetup.exe,WscControl.exe,Foxmail.exe,WerFault.exe,WmiApSrv.exe,iexplore.exe,360EntClientAir.exe,PhotoScreensaver.scr,aitagent.EXE,plsqldev.exe,
DllHost.exe,SGTool.exe,SGDownload.exe,NDSDisk.exe,conhost.exe,360EntMisc.exe,MpCmdRun.exe,WscReg.exe,AcroRd32Info.exe,360zip.exe,imedictupdateui.exe,OSPPSVC.EXE,360leakfixer.exe,RunDll32.exe,eclipse.exe,360LeakFixer.exe,wmpnscfg.exe,taskhost.exe,AUDIODG.EXE,AcroRd32.exe,SogouExe.exe,SoftupNotify.exe,regsvr32.exe,NOTEPAD.EXE,klmon.exe,mobsync.exe,LogonUI.exe,NdsCmdLn.exe,notepad++.exe,wermgr.exe,sdclt.exe,ComputerZService.exe,explorer.exe,IMECMNT.EXE,360tray.exe,defrag.exe,PinyinUp.exe,MySQLInstallerConsole.exe,LiveUpdate360.exe,SearchProtocolHost.exe,SogouComMgr.exe,SGPicFaceTool.exe,bcdedit.exe,SDIS.exe,360EntClient.exe,mscorsvw.exe,LMS.exe,WMIADAP.EXE,lpremove.exe,rundll32.exe,cmd.exe,SSLVPNRedirector.exe,WINWORD.EXE,360speedld.exe,spoolsv.exe,schtasks.exe,jhi_service.exe,sppsvc.exe,svchost.exe,stMgr.exe,javaw.exe,baspin.exe,taskeng.exe,360vulsetup.exe,SearchFilterHost.exe,360EntClientAir.exe,Foxmail.exe,WscControl.exe,WmiApSrv.exe,plsqldev.exe,PhotoScreensaver.scr,aitagent.EXE,
SGDownload.exe,SGTool.exe,NDSDisk.exe,DllHost.exe,conhost.exe,MpCmdRun.exe,powercfg.exe,WscReg.exe,360EntMisc.exe,AcroRd32Info.exe,360zip.exe,imedictupdateui.exe,360leakfixer.exe,RunDll32.exe,eclipse.exe,wmpnscfg.exe,360LeakFixer.exe,OSPPSVC.EXE,taskhost.exe,SoftupNotify.exe,regsvr32.exe,LogonUI.exe,AUDIODG.EXE,klmon.exe,pinyinup.exe,NOTEPAD.EXE,SogouExe.exe,mobsync.exe,notepad++.exe,NdsCmdLn.exe,AcroRd32.exe,wermgr.exe,sdclt.exe,360tray.exe,PinyinUp.exe,explorer.exe,ComputerZService.exe,MySQLInstallerConsole.exe,rundll32.exe,lpremove.exe,SogouComMgr.exe,SGPicFaceTool.exe,SDIS.exe,bcdedit.exe,SearchProtocolHost.exe,360EntClient.exe,crashrpt.exe,mscorsvw.exe,LMS.exe,WMIADAP.EXE,LiveUpdate360.exe,cmd.exe,SSLVPNRedirector.exe,360speedld.exe,spoolsv.exe,schtasks.exe,svchost.exe,jhi_service.exe,sppsvc.exe,stMgr.exe,baspin.exe,javaw.exe,taskeng.exe,WINWORD.EXE,aitagent.EXE,PhotoScreensaver.scr,360EntClientAir.exe,360vulsetup.exe,plsqldev.exe,SearchFilterHost.exe,WscControl.exe,WerFault.exe,Foxmail.exe,iexplore.exe,WmiApSrv.exe,



SGTool.exe,DllHost.exe,EXCEL.EXE,PING.EXE,SGDownload.exe,NDSDisk.exe,stline.exe,conhost.exe,vshub.exe,VBCSCompiler.exe,iisexpresstray.exe,360EntMisc.exe,AcroRd32Info.exe,Microsoft.VisualStudio.Web.Host.exe,MpCmdRun.exe,vmware-remotemks.exe,WscReg.exe,imedictupdateui.exe,AdobeUpdater.exe,helppane.exe,VpxClient.exe,devenv.exe,360leakfixer.exe,RunDll32.exe,wmpnscfg.exe,wmpnetwk.exe,SogouCloud.exe,OSPPSVC.EXE,360LeakFixer.exe,LogonUI.exe,AUDIODG.EXE,csc.exe,chrome.exe,taskhost.exe,klmon.exe,mstsc.exe,notepad++.exe,SoftupNotify.exe,regsvr32.exe,AcroRd32.exe,WDSafeDown.exe,SogouExe.exe,pinyinup.exe,NdsCmdLn.exe,NOTEPAD.EXE,mobsync.exe,MSBuild.exe,StandardCollector.Service.exe,sdclt.exe,360tray.exe,wermgr.exe,cvtres.exe,explorer.exe,ComputerZService.exe,IMECMNT.EXE,MySQLInstallerConsole.exe,PinyinUp.exe,Storm.exe,rundll32.exe,SearchProtocolHost.exe,SDIS.exe,LiveUpdate360.exe,cmd.exe,vmware-vmrc.exe,bcdedit.exe,mscorsvw.exe,WMIADAP.EXE,360EntClient.exe,crashrpt.exe,LMS.exe,lpremove.exe,SGPicFaceTool.exe,SogouComMgr.exe,SSLVPNRedirector.exe,WINWORD.EXE,iisexpress.exe,svchost.exe,360speedld.exe,SGSetc.exe,schtasks.exe,stMgr.exe,jhi_service.exe,spoolsv.exe,sppsvc.exe,taskeng.exe,baspin.exe,iexplore.exe,PhotoScreensaver.scr,SearchFilterHost.exe,360vulsetup.exe,360EntClientAir.exe,WscControl.exe,WerFault.exe,Foxmail.exe,WmiApSrv.exe,plsqldev.exe,aitagent.EXE,
SGTool.exe,DllHost.exe,Microsoft.VsHub.Server.HttpHost.exe,pscp.exe,NDSDisk.exe,cftppro.exe,SGDownload.exe,conhost.exe,360zip.exe,360zipUpdate.exe,MpCmdRun.exe,360EntMisc.exe,iisexpresstray.exe,vshub.exe,VBCSCompiler.exe,WscReg.exe,Microsoft.VisualStudio.Web.Host.exe,imedictupdateui.exe,OSPPSVC.EXE,360leakfixer.exe,RunDll32.exe,devenv.exe,360LeakFixer.exe,ftpte.exe,wmpnscfg.exe,chrome.exe,taskhost.exe,AUDIODG.EXE,LogonUI.exe,klmon.exe,csc.exe,NdsCmdLn.exe,SogouExe.exe,SoftupNotify.exe,regsvr32.exe,NOTEPAD.EXE,notepad++.exe,VSLauncher.exe,mstsc.exe,mobsync.exe,360kantu.exe,wermgr.exe,MSBuild.exe,StandardCollector.Service.exe,360tray.exe,explorer.exe,ComputerZService.exe,sdclt.exe,MySQLInstallerConsole.exe,cvtres.exe,PinyinUp.exe,defrag.exe,LiveUpdate360.exe,SearchProtocolHost.exe,SDIS.exe,360EntClient.exe,crashrpt.exe,mscorsvw.exe,LMS.exe,bcdedit.exe,WMIADAP.EXE,rundll32.exe,SGPicFaceTool.exe,lpremove.exe,SogouComMgr.exe,SSLVPNRedirector.exe,360speedld.exe,iisexpress.exe,WINWORD.EXE,KLUpdate.exe,ClearCache.exe,svchost.exe,spoolsv.exe,jhi_service.exe,sppsvc.exe,stMgr.exe,taskeng.exe,baspin.exe,360vulsetup.exe,360EntClientAir.exe,POWERPNT.EXE,PhotoScreensaver.scr,SearchFilterHost.exe,iexplore.exe,NetCoffer.exe,WscControl.exe,WerFault.exe,Foxmail.exe,WmiApSrv.exe,firefox.exe,aitagent.EXE,
NDSDisk.exe,SGTool.exe,SGDownload.exe,cftppro.exe,DllHost.exe,mmc.exe,EXCEL.EXE,conhost.exe,MpCmdRun.exe,360EntMisc.exe,360zip.exe,WscReg.exe,360zipUpdate.exe,OSPPSVC.EXE,360leakfixer.exe,RunDll32.exe,imedictupdateui.exe,ftpte.exe,wmpnscfg.exe,360LeakFixer.exe,csc.exe,LogonUI.exe,AUDIODG.EXE,taskhost.exe,SogouExe.exe,pinyinup.exe,SoftupNotify.exe,regsvr32.exe,klmon.exe,mstsc.exe,mobsync.exe,NdsCmdLn.exe,NOTEPAD.EXE,VsImmersiveActivateHelper140.exe,taskmgr.exe,chrome.exe,AcroRd32.exe,cvtres.exe,explorer.exe,wermgr.exe,ComputerZService.exe,360tray.exe,PinyinUp.exe,360kantu.exe,defrag.exe,sdclt.exe,MySQLInstallerConsole.exe,360EntClient.exe,crashrpt.exe,mscorsvw.exe,LMS.exe,bcdedit.exe,rundll32.exe,LiveUpdate360.exe,SogouComMgr.exe,SGPicFaceTool.exe,SDIS.exe,SearchProtocolHost.exe,WMIADAP.EXE,lpremove.exe,CompMgmtLauncher.exe,SSLVPNRedirector.exe,spoolsv.exe,WINWORD.EXE,jhi_service.exe,sppsvc.exe,svchost.exe,stMgr.exe,360speedld.exe,baspin.exe,taskeng.exe,WscControl.exe,Foxmail.exe,WerFault.exe,WmiApSrv.exe,360vulsetup.exe,PhotoScreensaver.scr,360EntClientAir.exe,SearchFilterHost.exe,POWERPNT.EXE,aitagent.EXE,vsjitdebugger.exe,iexplore.exe,
