DllHost.exe,consent.exe,splwow64.exe,NDSDisk.exe,hh.exe,userinit.exe,KLSClient.exe,NdsDisk.EXE,MSOXMLED.EXE,mmc.exe,dexplore.exe,bdupdate.exe,MpCmdRun.exe,conhost.exe,WscReg.exe,360EntMisc.exe,NDSdTSR.exe,TSVNCache.exe,ddm.exe,TortoiseProc.exe,ie4uinit.exe,chrmstp.exe,systempropertiesadvanced.exe,imedictupdateui.exe,360leakfixer.exe,wmiprvse.exe,wmpnscfg.exe,wmpnetwk.exe,OSPPSVC.EXE,RunDll32.exe,TMSPrintShenpi.exe,TMSTrayx64.exe,ChngPin.exe,LogonMan.exe,runonce.exe,IEInstal.exe,WinMail.exe,unregmp2.exe,devenv.exe,SoftupNotify.exe,regsvr32.exe,AUDIODG.EXE,WDSafeDown.exe,SSLVPNRedirector64.exe,taskhost.exe,WinRAR.exe,notepad++.exe,mstsc.exe,csc.exe,KUI.exe,NdsCmdLn.exe,LogonUI.exe,csrss.exe,winlogon.exe,klmon.exe,Dwm.exe,NOTEPAD.EXE,taskmgr.exe,BdeUnlockWizard.exe,IMECMNT.EXE,explorer.exe,wermgr.exe,360tray.exe,cvtres.exe,Explorer.EXE,igfxHK.exe,updshl.exe,msohtmed.exe,FoxmailLiveUpdate.exe,SDIS.exe,lpremove.exe,rundll32.exe,SearchProtocolHost.exe,360EntClient.exe,LiveUpdate360.exe,Monitor.exe,HPLaserJetService.exe,cmd.exe,hppusg.exe,CompMgmtLauncher.exe,mctadmin.exe,WINWORD.EXE,svchost.exe,sppsvc.exe,360speedld.exe,spoolsv.exe,taskeng.exe,SSLVPNRedirector.exe,BdeUISrv.exe,igfxTray.exe,KLDWNCRL.exe,KLUpdate.exe,fvenotify.exe,ClearCache.exe,GoogleUpdate.exe,Foxmail.exe,control.exe,aitagent.EXE,vmware-tray.exe,POWERPNT.EXE,SearchFilterHost.exe,igfxEM.exe,GEUU20133.exe,iexplore.exe,WscControl.exe,sidebar.exe,NetCoffer.exe,
DllHost.exe,GoogleCrashHandler64.exe,NdsDisk.EXE,splwow64.exe,PING.EXE,conhost.exe,MpCmdRun.exe,WscReg.exe,360EntMisc.exe,wmiprvse.exe,wmpnscfg.exe,OSPPSVC.EXE,wmpnetwk.exe,360leakfixer.exe,SSLVPNRedirector64.exe,LogonUI.exe,AUDIODG.EXE,taskhost.exe,sdiagnhost.exe,csc.exe,SoftupNotify.exe,regsvr32.exe,klmon.exe,WDSafeDown.exe,OSE.EXE,cvtres.exe,defrag.exe,explorer.exe,IMECMNT.EXE,wermgr.exe,360tray.exe,w32tm.exe,scrnsave.scr,rundll32.exe,lpremove.exe,SDIS.exe,360EntClient.exe,mscorsvw.exe,SearchProtocolHost.exe,WMIADAP.EXE,LiveUpdate360.exe,VISIO.EXE,SSLVPNRedirector.exe,svchost.exe,WINWORD.EXE,360speedld.exe,sppsvc.exe,spoolsv.exe,igfxTray.exe,GoogleUpdate.exe,aitagent.EXE,WscControl.exe,Foxmail.exe,SearchFilterHost.exe,POWERPNT.EXE,

DllHost.exe,PING.EXE,splwow64.exe,conhost.exe,MpCmdRun.exe,360EntMisc.exe,TortoiseProc.exe,wmiprvse.exe,OSPPSVC.EXE,ftpte.exe,devenv.exe,SSLVPNRedirector64.exe,AUDIODG.EXE,taskhost.exe,OSE.EXE,SoftupNotify.exe,regsvr32.exe,mstsc.exe,sdiagnhost.exe,csc.exe,IMECMNT.EXE,defrag.exe,360tray.exe,cvtres.exe,w32tm.exe,SDIS.exe,SearchProtocolHost.exe,rundll32.exe,lpremove.exe,LiveUpdate360.exe,SSLVPNRedirector.exe,WINWORD.EXE,360speedld.exe,svchost.exe,Foxmail.exe,GoogleUpdate.exe,POWERPNT.EXE,SearchFilterHost.exe,aitagent.EXE,cuteftppro.exe,
DllHost.exe,GoogleCrashHandler64.exe,NdsDisk.EXE,splwow64.exe,conhost.exe,MpCmdRun.exe,WscReg.exe,360EntMisc.exe,wmiprvse.exe,wmpnetwk.exe,wmpnscfg.exe,360leakfixer.exe,ftpte.exe,OSPPSVC.EXE,SSLVPNRedirector64.exe,AUDIODG.EXE,taskhost.exe,SoftupNotify.exe,regsvr32.exe,LogonUI.exe,cvtres.exe,360tray.exe,IMECMNT.EXE,wermgr.exe,explorer.exe,CofferCfg.exe,SDIS.exe,SearchProtocolHost.exe,rundll32.exe,360EntClient.exe,mscorsvw.exe,WMIADAP.EXE,lpremove.exe,LiveUpdate360.exe,VISIO.EXE,SSLVPNRedirector.exe,360speedld.exe,WINWORD.EXE,KLUpdate.exe,ClearCache.exe,spoolsv.exe,svchost.exe,sppsvc.exe,NetCoffer.exe,GoogleUpdate.exe,SearchFilterHost.exe,WscControl.exe,Foxmail.exe,aitagent.EXE,cuteftppro.exe,POWERPNT.EXE,
DllHost.exe,MSOXMLED.EXE,hh.exe,splwow64.exe,GoogleCrashHandler64.exe,NdsDisk.EXE,userinit.exe,is-HLEJD.exe,KLSClient.exe,consent.exe,pscp.exe,mmc.exe,armsvc.exe,conhost.exe,tttt.exe,格尔PKI证书应用开发包3.1.1.exe,MpCmdRun.exe,360EntMisc.exe,WscReg.exe,is-6CUPL.tmp,ie4uinit.exe,TortoiseProc.exe,NDSdTSR.exe,TSVNCache.exe,ddm.exe,bdupdate.exe,LesClientSA64.exe,Regsvr32.exe,wmiprvse.exe,devenv.exe,cl.exe,wmpnscfg.exe,wmpnetwk.exe,VpxClient.exe,360leakfixer.exe,OSPPSVC.EXE,runonce.exe,LogonMan.exe,TMSTrayx64.exe,IEInstal.exe,RunDll32.exe,imedictupdateui.exe,AdbeRdr11000_zh_CN.exe,SSLVPNRedirector64.exe,taskhost.exe,mt.exe,NOTEPAD.EXE,mspdbsrv.exe,verclsid.exe,SoftupNotify.exe,regsvr32.exe,LogonUI.exe,AUDIODG.EXE,klmon.exe,csc.exe,WDSafeDown.exe,WinRAR.exe,VSLauncher.exe,csrss.exe,winlogon.exe,Dwm.exe,KUI.exe,ns2FC3.tmp,mstsc.exe,ns2FF0.tmp,msiexec.exe,notepad++.exe,VcBuildHelper.exe,rc.exe,cvtres.exe,msohtmed.exe,KLTknSvr.exe,IMECMNT.EXE,wermgr.exe,unins000.exe,_iu14D2N.tmp,360tray.exe,explorer.exe,is-HRL3B.tmp,Explorer.EXE,igfxHK.exe,updshl.exe,ApproveManager.exe,LesClient.exe,ns2DCF.tmp,LesInstZip.exe,FoxmailLiveUpdate.exe,link.exe,cmd.exe,SearchProtocolHost.exe,rundll32.exe,lpremove.exe,SDIS.exe,scrnsave.scr,VCPkgSrv.exe,LiveUpdate360.exe,360EntClient.exe,mscorsvw.exe,WMIADAP.EXE,is-0891P.exe,hppusg.exe,Monitor.exe,TmsHelpX64.exe,CompMgmtLauncher.exe,FlashUtil10b.exe,SearchIndexer.exe,HPLaserJetService.exe,CofferCfg.exe,baidubrowser.exe,VISIO.EXE,SSLVPNRedirector.exe,360speedld.exe,regedit.exe,regsvr32.EXE,WINWORD.EXE,svchost.exe,efsui.exe,spoolsv.exe,sppsvc.exe,igfxTray.exe,BdeUISrv.exe,is-MBATV.exe,KLDWNCRL.exe,KLUpdate.exe,ClearCache.exe,LesTray.exe,ns3261.tmp,ns301F.tmp,ns3455.tmp,setup.exe,taskeng.exe,360safe.exe,SearchFilterHost.exe,GoogleUpdate.exe,is-HHRT3.tmp,POWERPNT.EXE,WscControl.exe,Foxmail.exe,iexplore.exe,aitagent.EXE,igfxEM.exe,GEUU20133.exe,vmware-tray.exe,migwiz.exe,NetCoffer.exe,flashplayer.exe,vssvc.exe,MsiExec.exe,LesInstZip[1].exe,gup.exe,
DllHost.exe,hh.exe,EXCEL.EXE,splwow64.exe,NdsDisk.EXE,TortoiseMerge.exe,conhost.exe,WscReg.exe,MpCmdRun.exe,360EntMisc.exe,LesClientSA64.exe,Regsvr32.exe,TortoiseProc.exe,wmiprvse.exe,ftpte.exe,wmpnetwk.exe,wmpnscfg.exe,OSPPSVC.EXE,360leakfixer.exe,devenv.exe,cl.exe,TMSPrintShenpi.exe,SSLVPNRedirector64.exe,klmon.exe,AUDIODG.EXE,SoftupNotify.exe,regsvr32.exe,LogonUI.exe,taskhost.exe,mstsc.exe,notepad++.exe,NOTEPAD.EXE,mt.exe,VSLauncher.exe,mspdbsrv.exe,DW20.EXE,IMECMNT.EXE,defrag.exe,explorer.exe,wermgr.exe,360tray.exe,LesClient.exe,ns5C16.tmp,VcBuildHelper.exe,rc.exe,cvtres.exe,dwwin.exe,SDIS.exe,scrnsave.scr,lpremove.exe,rundll32.exe,SearchProtocolHost.exe,WMIADAP.EXE,360EntClient.exe,mscorsvw.exe,LiveUpdate360.exe,FlashUtil10b.exe,cmd.exe,link.exe,SSLVPNRedirector.exe,WINWORD.EXE,360speedld.exe,svchost.exe,spoolsv.exe,sppsvc.exe,LesTray.exe,GoogleUpdate.exe,SearchFilterHost.exe,cuteftppro.exe,POWERPNT.EXE,iexplore.exe,WscControl.exe,Foxmail.exe,LesInstZip[1].exe,flashplayer.exe,ns608A.tmp,aitagent.EXE,
splwow64.exe,DllHost.exe,NdsDisk.EXE,EXCEL.EXE,pscp.exe,userinit.exe,KLSClient.exe,consent.exe,conhost.exe,TortoiseProc.exe,360EntMisc.exe,WscReg.exe,MpCmdRun.exe,NDSdTSR.exe,TSVNCache.exe,ddm.exe,cl.exe,devenv.exe,wmiprvse.exe,OSPPSVC.EXE,TMSPrintShenpi.exe,wmpnscfg.exe,360leakfixer.exe,ftpte.exe,LogonMan.exe,runonce.exe,wmpnetwk.exe,TMSTrayx64.exe,SSLVPNRedirector64.exe,SoftupNotify.exe,regsvr32.exe,NOTEPAD.EXE,DW20.EXE,mt.exe,AUDIODG.EXE,mstsc.exe,VSLauncher.exe,klmon.exe,mspdbsrv.exe,taskmgr.exe,LogonUI.exe,taskhost.exe,csc.exe,msiexec.exe,DelEE55.tmp,Dwm.exe,csrss.exe,winlogon.exe,KUI.exe,IMECMNT.EXE,VcBuildHelper.exe,dwwin.exe,cvtres.exe,ApproveManager.exe,explorer.exe,rc.exe,360tray.exe,wermgr.exe,ngen.exe,Explorer.EXE,igfxHK.exe,updshl.exe,SearchProtocolHost.exe,SDIS.exe,link.exe,cmd.exe,scrnsave.scr,TmsHelpX64.exe,LiveUpdate360.exe,mscorsvw.exe,rundll32.exe,WMIADAP.EXE,360EntClient.exe,instpia11.exe,Setup.exe,DelE10E.tmp,HPLaserJetService.exe,lpremove.exe,hppusg.exe,Monitor.exe,SSLVPNRedirector.exe,WINWORD.EXE,360speedld.exe,spoolsv.exe,sppsvc.exe,svchost.exe,setup.exe,Dbgview.exe,KLUpdate.exe,ClearCache.exe,igfxTray.exe,efsui.exe,BdeUISrv.exe,KLDWNCRL.exe,SearchFilterHost.exe,iexplore.exe,GoogleUpdate.exe,WscControl.exe,Foxmail.exe,HP1100SM.exe,WerFault.exe,MsiExec.exe,NetCoffer.exe,cuteftppro.exe,igfxEM.exe,aitagent.EXE,control.exe,GEUU20133.exe,vmware-tray.exe,migwiz.exe,


DllHost.exe,NdsDisk.EXE,splwow64.exe,PING.EXE,userinit.exe,KLSClient.exe,consent.exe,NDSDisk.exe,pscp.exe,conhost.exe,WscReg.exe,MpCmdRun.exe,Eula.exe,NDSdTSR.exe,TSVNCache.exe,ddm.exe,360EntMisc.exe,ftpte.exe,wmiprvse.exe,wmpnscfg.exe,OSPPSVC.EXE,360leakfixer.exe,LogonMan.exe,runonce.exe,TMSTrayx64.exe,wmpnetwk.exe,SSLVPNRedirector64.exe,LogonUI.exe,AUDIODG.EXE,klmon.exe,taskhost.exe,SoftupNotify.exe,regsvr32.exe,taskmgr.exe,WDSafeDown.exe,NdsCmdLn.exe,AcroRd32.exe,werfault.exe,csrss.exe,winlogon.exe,Dwm.exe,KUI.exe,csc.exe,OSE.EXE,mstsc.exe,IMECMNT.EXE,explorer.exe,wermgr.exe,FoxmailLiveUpdate.exe,Explorer.EXE,igfxHK.exe,updshl.exe,360tray.exe,cvtres.exe,ApproveManager.exe,defrag.exe,scrnsave.scr,SDIS.exe,rundll32.exe,360EntClient.exe,mscorsvw.exe,SearchProtocolHost.exe,WMIADAP.EXE,cmd.exe,hppusg.exe,Monitor.exe,TmsHelpX64.exe,LiveUpdate360.exe,HPLaserJetService.exe,lpremove.exe,SSLVPNRedirector.exe,WINWORD.EXE,360speedld.exe,spoolsv.exe,sppsvc.exe,svchost.exe,igfxTray.exe,BdeUISrv.exe,KLDWNCRL.exe,KLUpdate.exe,efsui.exe,ClearCache.exe,GoogleUpdate.exe,cuteftppro.exe,iexplore.exe,WscControl.exe,Foxmail.exe,SearchFilterHost.exe,WerFault.exe,igfxEM.exe,GEUU20133.exe,vmware-tray.exe,migwiz.exe,aitagent.EXE,NetCoffer.exe,
DllHost.exe,splwow64.exe,NDSDisk.exe,PING.EXE,conhost.exe,WscReg.exe,MpCmdRun.exe,360EntMisc.exe,TortoiseProc.exe,tttt.exe,devenv.exe,wmiprvse.exe,wmpnscfg.exe,360leakfixer.exe,OSPPSVC.EXE,cl.exe,SSLVPNRedirector64.exe,AUDIODG.EXE,taskhost.exe,SoftupNotify.exe,regsvr32.exe,csc.exe,OSE.EXE,mspdbsrv.exe,mt.exe,taskmgr.exe,LogonUI.exe,DW20.EXE,sdiagnhost.exe,klmon.exe,VSLauncher.exe,IMECMNT.EXE,cvtres.exe,explorer.exe,wermgr.exe,360tray.exe,ApproveManager.exe,VcBuildHelper.exe,rc.exe,dwwin.exe,w32tm.exe,SDIS.exe,SearchProtocolHost.exe,HPLaserJetService.exe,360EntClient.exe,rundll32.exe,LiveUpdate360.exe,TmsHelpX64.exe,link.exe,cmd.exe,scrnsave.scr,lpremove.exe,SSLVPNRedirector.exe,WINWORD.EXE,taskeng.exe,360speedld.exe,spoolsv.exe,sppsvc.exe,igfxTray.exe,svchost.exe,iexplore.exe,GoogleUpdate.exe,SearchFilterHost.exe,Foxmail.exe,vmware-shell-ext-thunker.exe,aitagent.EXE,
DllHost.exe,EXCEL.EXE,NdsDisk.EXE,splwow64.exe,conhost.exe,tttt.exe,MpCmdRun.exe,TortoiseProc.exe,WscReg.exe,360EntMisc.exe,cl.exe,devenv.exe,wmiprvse.exe,ftpte.exe,OSPPSVC.EXE,360leakfixer.exe,Depends.Exe,SSLVPNRedirector64.exe,mt.exe,DW20.EXE,AUDIODG.EXE,VSLauncher.exe,taskhost.exe,klmon.exe,AcroRd32.exe,mspdbsrv.exe,csc.exe,LogonUI.exe,SoftupNotify.exe,regsvr32.exe,NOTEPAD.EXE,VcBuildHelper.exe,rc.exe,cvtres.exe,dwwin.exe,wermgr.exe,360tray.exe,explorer.exe,IMECMNT.EXE,link.exe,cmd.exe,SearchProtocolHost.exe,rundll32.exe,lpremove.exe,HPLaserJetService.exe,360EntClient.exe,WMIADAP.EXE,LiveUpdate360.exe,SDIS.exe,scrnsave.scr,SSLVPNRedirector.exe,taskeng.exe,360speedld.exe,svchost.exe,spoolsv.exe,WINWORD.EXE,GoogleUpdate.exe,SearchFilterHost.exe,aitagent.EXE,cuteftppro.exe,WerFault.exe,Foxmail.exe,iexplore.exe,
DllHost.exe,NdsDisk.EXE,splwow64.exe,GoogleCrashHandler64.exe,conhost.exe,WscReg.exe,MpCmdRun.exe,360EntMisc.exe,tttt.exe,wmiprvse.exe,devenv.exe,cl.exe,wmpnscfg.exe,wmpnetwk.exe,360leakfixer.exe,OSPPSVC.EXE,SSLVPNRedirector64.exe,LogonUI.exe,AUDIODG.EXE,klmon.exe,SoftupNotify.exe,regsvr32.exe,VSLauncher.exe,taskhost.exe,mspdbsrv.exe,csc.exe,BdeUnlockWizard.exe,mt.exe,DW20.EXE,taskmgr.exe,AcroRd32.exe,VcBuildHelper.exe,cvtres.exe,wermgr.exe,360tray.exe,explorer.exe,IMECMNT.EXE,rc.exe,dwwin.exe,ApproveManager.exe,defrag.exe,scrnsave.scr,SDIS.exe,SearchProtocolHost.exe,link.exe,HPLaserJetService.exe,360EntClient.exe,WMIADAP.EXE,rundll32.exe,lpremove.exe,LiveUpdate360.exe,cmd.exe,mscorsvw.exe,TmsHelpX64.exe,SSLVPNRedirector.exe,360speedld.exe,spoolsv.exe,sppsvc.exe,svchost.exe,WINWORD.EXE,GoogleUpdate.exe,SearchFilterHost.exe,WscControl.exe,aitagent.EXE,iexplore.exe,Foxmail.exe,
DllHost.exe,splwow64.exe,NdsDisk.EXE,conhost.exe,tttt.exe,MpCmdRun.exe,WscReg.exe,360EntMisc.exe,wmiprvse.exe,cl.exe,devenv.exe,wmpnscfg.exe,wmpnetwk.exe,360leakfixer.exe,ftpte.exe,OSPPSVC.EXE,SSLVPNRedirector64.exe,mstsc.exe,mt.exe,LogonUI.exe,AUDIODG.EXE,klmon.exe,mspdbsrv.exe,DW20.EXE,taskhost.exe,taskmgr.exe,csc.exe,SoftupNotify.exe,regsvr32.exe,AcroRd32.exe,WDSafeDown.exe,NdsCmdLn.exe,WinRAR.exe,werfault.exe,VSLauncher.exe,VcBuildHelper.exe,cvtres.exe,rc.exe,dwwin.exe,IMECMNT.EXE,explorer.exe,wermgr.exe,360tray.exe,ApproveManager.exe,link.exe,cmd.exe,scrnsave.scr,SearchProtocolHost.exe,rundll32.exe,360EntClient.exe,SDIS.exe,LiveUpdate360.exe,lpremove.exe,TmsHelpX64.exe,SSLVPNRedirector.exe,360speedld.exe,taskeng.exe,WINWORD.EXE,sppsvc.exe,spoolsv.exe,svchost.exe,regedit.exe,SearchFilterHost.exe,GoogleUpdate.exe,Foxmail.exe,iexplore.exe,cuteftppro.exe,aitagent.EXE,


DllHost.exe,GoogleCrashHandler64.exe,userinit.exe,KLSClient.exe,NdsDisk.EXE,splwow64.exe,PING.EXE,consent.exe,conhost.exe,MpCmdRun.exe,WscReg.exe,vmware-vmx.exe,360EntMisc.exe,NDSdTSR.exe,TSVNCache.exe,ddm.exe,bdupdate.exe,cl.exe,wmiprvse.exe,devenv.exe,360leakfixer.exe,LogonMan.exe,runonce.exe,TMSTrayx64.exe,wmpnscfg.exe,wmpnetwk.exe,OSPPSVC.EXE,TMSPrintShenpi.exe,RunDll32.exe,mt.exe,SSLVPNRedirector64.exe,DW20.EXE,taskmgr.exe,taskhost.exe,LogonUI.exe,AUDIODG.EXE,klmon.exe,mspdbsrv.exe,csrss.exe,winlogon.exe,Dwm.exe,KUI.exe,csc.exe,VSLauncher.exe,SoftupNotify.exe,regsvr32.exe,NOTEPAD.EXE,AcroRd32.exe,sdiagnhost.exe,mstsc.exe,VcBuildHelper.exe,ApproveManager.exe,dwwin.exe,cvtres.exe,IMECMNT.EXE,360tray.exe,wermgr.exe,vmware.exe,bscmake.exe,rc.exe,Explorer.EXE,igfxHK.exe,updshl.exe,explorer.exe,FoxmailLiveUpdate.exe,w32tm.exe,defrag.exe,cmd.exe,link.exe,TmsHelpX64.exe,SearchProtocolHost.exe,scrnsave.scr,360EntClient.exe,mscorsvw.exe,vmware-unity-helper.exe,LiveUpdate360.exe,hppusg.exe,Monitor.exe,rundll32.exe,SDIS.exe,WMIADAP.EXE,HPLaserJetService.exe,lpremove.exe,LMS.exe,baidubrowser.exe,SSLVPNRedirector.exe,360speedld.exe,spoolsv.exe,sppsvc.exe,svchost.exe,igfxTray.exe,efsui.exe,BdeUISrv.exe,taskeng.exe,KLDWNCRL.exe,KLUpdate.exe,WINWORD.EXE,jhi_service.exe,GetKoalInfo.exe,SearchFilterHost.exe,GoogleCrashHandler.exe,WscControl.exe,GoogleUpdate.exe,vmware-tray.exe,igfxEM.exe,GEUU20133.exe,migwiz.exe,Foxmail.exe,iexplore.exe,WerFault.exe,aitagent.EXE,control.exe,
NdsDisk.EXE,DllHost.exe,splwow64.exe,PING.EXE,conhost.exe,WscReg.exe,MpCmdRun.exe,360EntMisc.exe,bdupdate.exe,wmpnscfg.exe,wmpnetwk.exe,wmiprvse.exe,OSPPSVC.EXE,devenv.exe,360leakfixer.exe,imedictupdateui.exe,RunDll32.exe,TMSPrintShenpi.exe,EmfView.exe,SSLVPNRedirector64.exe,csc.exe,mstsc.exe,taskhost.exe,SoftupNotify.exe,regsvr32.exe,klmon.exe,AUDIODG.EXE,LogonUI.exe,NOTEPAD.EXE,notepad++.exe,VSLauncher.exe,sdiagnhost.exe,cvtres.exe,explorer.exe,IMECMNT.EXE,360tray.exe,wermgr.exe,defrag.exe,w32tm.exe,HPLaserJetService.exe,360EntClient.exe,mscorsvw.exe,WMIADAP.EXE,SearchProtocolHost.exe,SDIS.exe,scrnsave.scr,LiveUpdate360.exe,rundll32.exe,LMS.exe,lpremove.exe,SSLVPNRedirector.exe,spoolsv.exe,sppsvc.exe,svchost.exe,WINWORD.EXE,360speedld.exe,BdeUISrv.exe,taskeng.exe,jhi_service.exe,GoogleUpdate.exe,WscControl.exe,SearchFilterHost.exe,Foxmail.exe,iexplore.exe,aitagent.EXE,
DllHost.exe,calc.exe,NdsDisk.EXE,splwow64.exe,AcrobatInfo.exe,SELFDEL.EXE,userinit.exe,KLSClient.exe,consent.exe,conhost.exe,MpCmdRun.exe,bdupdate.exe,WscReg.exe,360EntMisc.exe,NDSdTSR.exe,TSVNCache.exe,ddm.exe,wmiprvse.exe,cl.exe,nero.exe,devenv.exe,TmsHelpX86.exe,360leakfixer.exe,RunDll32.exe,KLTknWs.exe,wmpnscfg.exe,wmpnetwk.exe,OSPPSVC.EXE,LogonMan.exe,runonce.exe,TMSTrayx64.exe,SSLVPNRedirector64.exe,taskhost.exe,AUDIODG.EXE,mspdbsrv.exe,taskmgr.exe,mt.exe,LogonUI.exe,VSLauncher.exe,RMADEC.EXE,csc.exe,AcroRd32.exe,SoftupNotify.exe,regsvr32.exe,klmon.exe,mstsc.exe,Dwm.exe,KUI.exe,csrss.exe,winlogon.exe,VcBuildHelper.exe,cvtres.exe,ApproveManager.exe,wermgr.exe,explorer.exe,IMECMNT.EXE,360tray.exe,Explorer.EXE,igfxHK.exe,updshl.exe,rundll32.exe,lpremove.exe,SearchProtocolHost.exe,link.exe,cmd.exe,360EntClient.exe,pcaui.exe,SDIS.exe,mscorsvw.exe,LMS.exe,WMIADAP.EXE,TmsHelpX64.exe,LiveUpdate360.exe,HPLaserJetService.exe,baidubrowser.exe,scrnsave.scr,hppusg.exe,Monitor.exe,SSLVPNRedirector.exe,360speedld.exe,svchost.exe,RtHDVBg.exe,taskeng.exe,BdeUISrv.exe,regedit.exe,spoolsv.exe,jhi_service.exe,sppsvc.exe,WINWORD.EXE,igfxTray.exe,KLDWNCRL.exe,KLUpdate.exe,GoogleUpdate.exe,aitagent.EXE,SearchFilterHost.exe,GetKoalInfo.exe,Foxmail.exe,WscControl.exe,iexplore.exe,igfxEM.exe,GEUU20133.exe,vmware-tray.exe,migwiz.exe,esp_dxlog_collect_svr.exe,
DllHost.exe,userinit.exe,KLSClient.exe,splwow64.exe,consent.exe,NdsDisk.EXE,NDSDisk.exe,conhost.exe,NDSdTSR.exe,TSVNCache.exe,ddm.exe,MpCmdRun.exe,WscReg.exe,360EntMisc.exe,wmiprvse.exe,360leakfixer.exe,LogonMan.exe,runonce.exe,TMSTrayx64.exe,wmpnscfg.exe,wmpnetwk.exe,RunDll32.exe,OSPPSVC.EXE,TmsHelpX86.exe,SSLVPNRedirector64.exe,klmon.exe,AUDIODG.EXE,LogonUI.exe,taskhost.exe,csrss.exe,winlogon.exe,Dwm.exe,KUI.exe,regsvr32.exe,AcroRd32.exe,csc.exe,mstsc.exe,SoftupNotify.exe,OSE.EXE,IMECMNT.EXE,Explorer.EXE,igfxHK.exe,updshl.exe,dinotify.exe,360tray.exe,cvtres.exe,ApproveManager.exe,wermgr.exe,explorer.exe,defrag.exe,scrnsave.scr,SearchProtocolHost.exe,rundll32.exe,360EntClient.exe,cmd.exe,DrvInst.exe,mscorsvw.exe,WMIADAP.EXE,hppusg.exe,Monitor.exe,TmsHelpX64.exe,baidubrowser.exe,SDIS.exe,lpremove.exe,HPLaserJetService.exe,LiveUpdate360.exe,SSLVPNRedirector.exe,360speedld.exe,igfxTray.exe,BdeUISrv.exe,KLDWNCRL.exe,KLUpdate.exe,spoolsv.exe,svchost.exe,sppsvc.exe,efsui.exe,WINWORD.EXE,GoogleUpdate.exe,iexplore.exe,SearchFilterHost.exe,igfxEM.exe,GEUU20133.exe,WscControl.exe,GetKoalInfo.exe,vmware-tray.exe,migwiz.exe,aitagent.EXE,Foxmail.exe,vmware-shell-ext-thunker.exe,
DllHost.exe,pscp.exe,NdsDisk.EXE,NDSDisk.exe,splwow64.exe,mspaint.exe,calc.exe,conhost.exe,MpCmdRun.exe,WscReg.exe,360EntMisc.exe,wmiprvse.exe,wmpnscfg.exe,OSPPSVC.EXE,360leakfixer.exe,RunDll32.exe,devenv.exe,cl.exe,SnippingTool.exe,SSLVPNRedirector64.exe,taskhost.exe,klmon.exe,AUDIODG.EXE,SoftupNotify.exe,regsvr32.exe,LogonUI.exe,mstsc.exe,OSE.EXE,NOTEPAD.EXE,VSLauncher.exe,taskmgr.exe,mspdbsrv.exe,mt.exe,IMECMNT.EXE,explorer.exe,360tray.exe,wermgr.exe,VcBuildHelper.exe,cvtres.exe,ApproveManager.exe,WISPTIS.EXE,rundll32.exe,SDIS.exe,lpremove.exe,SearchProtocolHost.exe,360EntClient.exe,mscorsvw.exe,WMIADAP.EXE,LiveUpdate360.exe,scrnsave.scr,link.exe,cmd.exe,TmsHelpX64.exe,SSLVPNRedirector.exe,360speedld.exe,spoolsv.exe,sppsvc.exe,svchost.exe,WINWORD.EXE,KLUpdate.exe,ClearCache.exe,无影无踪4.4.exe,aitagent.EXE,GoogleUpdate.exe,SearchFilterHost.exe,Foxmail.exe,iexplore.exe,WscControl.exe,NetCoffer.exe,GetKoalInfo.exe,Wywz.exe,


DllHost.exe,splwow64.exe,NdsDisk.EXE,calc.exe,PING.EXE,EXCEL.EXE,conhost.exe,MpCmdRun.exe,360EntMisc.exe,wmiprvse.exe,devenv.exe,RunDll32.exe,OSPPSVC.EXE,SSLVPNRedirector64.exe,taskhost.exe,mstsc.exe,AUDIODG.EXE,klmon.exe,SoftupNotify.exe,regsvr32.exe,WinRAR.exe,LogonUI.exe,sdiagnhost.exe,csc.exe,WDSafeDown.exe,NdsCmdLn.exe,IMECMNT.EXE,defrag.exe,wermgr.exe,explorer.exe,cvtres.exe,w32tm.exe,FoxmailLiveUpdate.exe,360tray.exe,SearchProtocolHost.exe,rundll32.exe,SDIS.exe,scrnsave.scr,WMIADAP.EXE,lpremove.exe,LiveUpdate360.exe,cmd.exe,SSLVPNRedirector.exe,360speedld.exe,taskeng.exe,svchost.exe,WINWORD.EXE,spoolsv.exe,SearchFilterHost.exe,GoogleUpdate.exe,Foxmail.exe,iexplore.exe,aitagent.EXE,
DllHost.exe,NdsDisk.EXE,splwow64.exe,conhost.exe,MpCmdRun.exe,WscReg.exe,360EntMisc.exe,wmiprvse.exe,devenv.exe,OSPPSVC.EXE,wmpnscfg.exe,RunDll32.exe,SSLVPNRedirector64.exe,taskhost.exe,SoftupNotify.exe,regsvr32.exe,VSLauncher.exe,AUDIODG.EXE,csc.exe,mstsc.exe,LogonUI.exe,klmon.exe,IMECMNT.EXE,cvtres.exe,explorer.exe,wermgr.exe,360tray.exe,SDIS.exe,SearchProtocolHost.exe,rundll32.exe,LiveUpdate360.exe,mscorsvw.exe,HPLaserJetService.exe,WMIADAP.EXE,scrnsave.scr,lpremove.exe,SSLVPNRedirector.exe,360speedld.exe,sppsvc.exe,spoolsv.exe,svchost.exe,WINWORD.EXE,GoogleUpdate.exe,SearchFilterHost.exe,Foxmail.exe,WscControl.exe,aitagent.EXE,


DllHost.exe,EXCEL.EXE,NdsDisk.EXE,splwow64.exe,GoogleCrashHandler64.exe,conhost.exe,MpCmdRun.exe,360EntMisc.exe,WscReg.exe,wmiprvse.exe,wmpnscfg.exe,wmpnetwk.exe,360leakfixer.exe,RunDll32.exe,OSPPSVC.EXE,TMSPrintShenpi.exe,SSLVPNRedirector64.exe,mstsc.exe,SoftupNotify.exe,regsvr32.exe,taskhost.exe,csc.exe,AUDIODG.EXE,LogonUI.exe,WinRAR.exe,notepad++.exe,cvtres.exe,explorer.exe,wermgr.exe,360tray.exe,IMECMNT.EXE,SDIS.exe,lpremove.exe,rundll32.exe,LiveUpdate360.exe,SearchProtocolHost.exe,HPLaserJetService.exe,360EntClient.exe,WMIADAP.EXE,mscorsvw.exe,scrnsave.scr,SSLVPNRedirector.exe,taskeng.exe,360speedld.exe,spoolsv.exe,sppsvc.exe,WINWORD.EXE,svchost.exe,GoogleUpdate.exe,aitagent.EXE,Foxmail.exe,SearchFilterHost.exe,WscControl.exe,iexplore.exe,GoogleCrashHandler.exe,gup.exe,



DllHost.exe,QRProgram.vshost.exe,NdsDisk.EXE,EXCEL.EXE,calc.exe,splwow64.exe,conhost.exe,MpCmdRun.exe,TortoiseProc.exe,WscReg.exe,360EntMisc.exe,wmiprvse.exe,devenv.exe,TlbImp.exe,360leakfixer.exe,RunDll32.exe,wmpnscfg.exe,wmpnetwk.exe,OSPPSVC.EXE,SSLVPNRedirector64.exe,taskhost.exe,AUDIODG.EXE,NOTEPAD.EXE,SoftupNotify.exe,regsvr32.exe,VSLauncher.exe,mstsc.exe,notepad++.exe,klmon.exe,LogonUI.exe,csc.exe,WinRAR.exe,IMECMNT.EXE,cvtres.exe,wermgr.exe,explorer.exe,360tray.exe,SDIS.exe,rundll32.exe,lpremove.exe,SearchProtocolHost.exe,scrnsave.scr,HPLaserJetService.exe,360EntClient.exe,mscorsvw.exe,WMIADAP.EXE,LiveUpdate360.exe,SSLVPNRedirector.exe,regedit.exe,360speedld.exe,svchost.exe,spoolsv.exe,sppsvc.exe,WINWORD.EXE,igfxTray.exe,iexplore.exe,GoogleUpdate.exe,SearchFilterHost.exe,IntelliTrace.exe,WscControl.exe,Foxmail.exe,aitagent.EXE,
DllHost.exe,NdsDisk.EXE,splwow64.exe,conhost.exe,MpCmdRun.exe,360EntMisc.exe,WscReg.exe,wmiprvse.exe,360leakfixer.exe,devenv.exe,RunDll32.exe,wmpnscfg.exe,wmpnetwk.exe,OSPPSVC.EXE,SSLVPNRedirector64.exe,SoftupNotify.exe,regsvr32.exe,taskhost.exe,AUDIODG.EXE,mstsc.exe,VSLauncher.exe,csc.exe,WDSafeDown.exe,wermgr.exe,cvtres.exe,explorer.exe,IMECMNT.EXE,360tray.exe,SDIS.exe,SearchProtocolHost.exe,LiveUpdate360.exe,HPLaserJetService.exe,mscorsvw.exe,360EntClient.exe,WMIADAP.EXE,rundll32.exe,lpremove.exe,SSLVPNRedirector.exe,360speedld.exe,spoolsv.exe,sppsvc.exe,svchost.exe,WINWORD.EXE,GoogleUpdate.exe,SearchFilterHost.exe,WscControl.exe,Foxmail.exe,aitagent.EXE,
DllHost.exe,userinit.exe,KLSClient.exe,splwow64.exe,conhost.exe,NDSdTSR.exe,TSVNCache.exe,ddm.exe,WscReg.exe,MpCmdRun.exe,devenv.exe,wmiprvse.exe,wmpnscfg.exe,wmpnetwk.exe,360leakfixer.exe,LogonMan.exe,runonce.exe,TMSTrayx64.exe,cl.exe,RunDll32.exe,TmsHelpX86.exe,SSLVPNRedirector64.exe,taskhost.exe,NOTEPAD.EXE,mstsc.exe,taskmgr.exe,LogonUI.exe,csrss.exe,winlogon.exe,klmon.exe,Dwm.exe,KUI.exe,csc.exe,regsvr32.exe,mt.exe,AUDIODG.EXE,SoftupNotify.exe,DW20.EXE,mspdbsrv.exe,VSLauncher.exe,ApproveManager.exe,igfxHK.exe,Explorer.EXE,updshl.exe,360tray.exe,cvtres.exe,VcBuildHelper.exe,rc.exe,wermgr.exe,IMECMNT.EXE,dwwin.exe,360EntClient.exe,TmsHelpX64.exe,SearchProtocolHost.exe,cmd.exe,hppusg.exe,Monitor.exe,rundll32.exe,HPLaserJetService.exe,link.exe,SDIS.exe,mscorsvw.exe,WMIADAP.EXE,scrnsave.scr,SSLVPNRedirector.exe,360speedld.exe,spoolsv.exe,igfxTray.exe,efsui.exe,BdeUISrv.exe,KLDWNCRL.exe,KLUpdate.exe,sppsvc.exe,svchost.exe,GoogleUpdate.exe,WscControl.exe,GetKoalInfo.exe,SearchFilterHost.exe,igfxEM.exe,GEUU20133.exe,vmware-tray.exe,migwiz.exe,HP1100SM.exe,iexplore.exe,


DllHost.exe,PING.EXE,EXCEL.EXE,NdsDisk.EXE,splwow64.exe,conhost.exe,WscReg.exe,MpCmdRun.exe,360EntMisc.exe,wmiprvse.exe,360leakfixer.exe,RunDll32.exe,devenv.exe,OSPPSVC.EXE,SSLVPNRedirector64.exe,taskhost.exe,AUDIODG.EXE,LogonUI.exe,csc.exe,mstsc.exe,SoftupNotify.exe,regsvr32.exe,VSLauncher.exe,sdiagnhost.exe,IMECMNT.EXE,cvtres.exe,w32tm.exe,explorer.exe,wermgr.exe,defrag.exe,360tray.exe,SearchProtocolHost.exe,rundll32.exe,360EntClient.exe,mscorsvw.exe,SDIS.exe,WMIADAP.EXE,LiveUpdate360.exe,lpremove.exe,SSLVPNRedirector.exe,360speedld.exe,spoolsv.exe,sppsvc.exe,svchost.exe,WINWORD.EXE,SearchFilterHost.exe,Foxmail.exe,GoogleUpdate.exe,aitagent.EXE,WscControl.exe,
mmc.exe,DllHost.exe,splwow64.exe,hh.exe,NdsDisk.EXE,EXCEL.EXE,PING.EXE,s.exe,calc.exe,conhost.exe,TortoiseProc.exe,MpCmdRun.exe,WscReg.exe,360EntMisc.exe,vmware-vmx.exe,wmiprvse.exe,devenv.exe,cl.exe,wmpnscfg.exe,360leakfixer.exe,RunDll32.exe,OSPPSVC.EXE,ftpte.exe,LogonUI.exe,klmon.exe,SSLVPNRedirector64.exe,mspdbsrv.exe,AUDIODG.EXE,VSLauncher.exe,taskhost.exe,DW20.EXE,mt.exe,taskmgr.exe,SoftupNotify.exe,regsvr32.exe,NOTEPAD.EXE,sdiagnhost.exe,csc.exe,mstsc.exe,ApproveManager.exe,dinotify.exe,VcBuildHelper.exe,dwwin.exe,cvtres.exe,rc.exe,explorer.exe,IMECMNT.EXE,FoxmailLiveUpdate.exe,wermgr.exe,360tray.exe,vmware.exe,w32tm.exe,TestKPSDK.exe,CompMgmtLauncher.exe,TmsHelpX64.exe,rundll32.exe,DrvInst.exe,SearchProtocolHost.exe,link.exe,cmd.exe,scrnsave.scr,360EntClient.exe,SDIS.exe,mscorsvw.exe,WMIADAP.EXE,LiveUpdate360.exe,VISIO.EXE,vmware-unity-helper.exe,lpremove.exe,SSLVPNRedirector.exe,regedit.exe,360speedld.exe,WINWORD.EXE,spoolsv.exe,sppsvc.exe,svchost.exe,GetKoalInfo.exe,iexplore.exe,GoogleUpdate.exe,SearchFilterHost.exe,aitagent.EXE,HP1100SM.exe,WscControl.exe,Foxmail.exe,WerFault.exe,vmware-tray.exe,cuteftppro.exe,vmware-shell-ext-thunker.exe,

DllHost.exe,splwow64.exe,EXCEL.EXE,NdsDisk.EXE,conhost.exe,MpCmdRun.exe,360EntMisc.exe,WscReg.exe,wmiprvse.exe,cl.exe,RunDll32.exe,OSPPSVC.EXE,devenv.exe,360leakfixer.exe,SSLVPNRedirector64.exe,AUDIODG.EXE,NOTEPAD.EXE,DW20.EXE,mt.exe,mspdbsrv.exe,taskhost.exe,mstsc.exe,LogonUI.exe,klmon.exe,SoftupNotify.exe,regsvr32.exe,VcBuildHelper.exe,dwwin.exe,cvtres.exe,IMECMNT.EXE,explorer.exe,360tray.exe,wermgr.exe,link.exe,cmd.exe,SearchProtocolHost.exe,scrnsave.scr,LiveUpdate360.exe,rundll32.exe,SDIS.exe,360EntClient.exe,lpremove.exe,SSLVPNRedirector.exe,taskeng.exe,360speedld.exe,WINWORD.EXE,sppsvc.exe,spoolsv.exe,GoogleUpdate.exe,SearchFilterHost.exe,iexplore.exe,Foxmail.exe,esp_dxlog_collect_svr.exe,aitagent.EXE,
DllHost.exe,splwow64.exe,NdsDisk.EXE,pscp.exe,EXCEL.EXE,conhost.exe,MpCmdRun.exe,WscReg.exe,360EntMisc.exe,TortoiseProc.exe,cl.exe,wmiprvse.exe,devenv.exe,OSPPSVC.EXE,360leakfixer.exe,RunDll32.exe,SSLVPNRedirector64.exe,AUDIODG.EXE,DW20.EXE,mt.exe,NOTEPAD.EXE,taskhost.exe,mspdbsrv.exe,LogonUI.exe,notepad++.exe,mstsc.exe,VSLauncher.exe,klmon.exe,SoftupNotify.exe,regsvr32.exe,WDSafeDown.exe,OSE.EXE,VcBuildHelper.exe,dwwin.exe,cvtres.exe,IMECMNT.EXE,explorer.exe,360tray.exe,defrag.exe,wermgr.exe,link.exe,cmd.exe,SearchProtocolHost.exe,VISIO.EXE,scrnsave.scr,360EntClient.exe,mscorsvw.exe,WMIADAP.EXE,LiveUpdate360.exe,SDIS.exe,rundll32.exe,lpremove.exe,SSLVPNRedirector.exe,360speedld.exe,WINWORD.EXE,spoolsv.exe,sppsvc.exe,svchost.exe,KLUpdate.exe,ClearCache.exe,GoogleUpdate.exe,SearchFilterHost.exe,iexplore.exe,WscControl.exe,Foxmail.exe,esp_dxlog_collect_svr.exe,aitagent.EXE,NetCoffer.exe,POWERPNT.EXE,
DllHost.exe,DeviceDisplayObjectProvider.exe,NdsDisk.EXE,splwow64.exe,NDSDisk.exe,conhost.exe,MpCmdRun.exe,360EntMisc.exe,WscReg.exe,wmiprvse.exe,wmpnetwk.exe,wmpnscfg.exe,OSPPSVC.EXE,360leakfixer.exe,RunDll32.exe,ftpte.exe,pspr.exe,SSLVPNRedirector64.exe,LogonUI.exe,AUDIODG.EXE,klmon.exe,taskhost.exe,SoftupNotify.exe,regsvr32.exe,NOTEPAD.EXE,WinRAR.exe,360tray.exe,explorer.exe,IMECMNT.EXE,wermgr.exe,scrnsave.scr,VISIO.EXE,SDIS.exe,rundll32.exe,lpremove.exe,LiveUpdate360.exe,SearchProtocolHost.exe,360EntClient.exe,mscorsvw.exe,WMIADAP.EXE,SSLVPNRedirector.exe,WINWORD.EXE,360speedld.exe,spoolsv.exe,sppsvc.exe,svchost.exe,GoogleUpdate.exe,aitagent.EXE,SearchFilterHost.exe,GoogleCrashHandler.exe,WscControl.exe,Foxmail.exe,POWERPNT.EXE,cuteftppro.exe,vmware-shell-ext-thunker.exe,


DllHost.exe,splwow64.exe,NdsDisk.EXE,PING.EXE,conhost.exe,MpCmdRun.exe,360EntMisc.exe,WscReg.exe,ftpte.exe,wmiprvse.exe,OSPPSVC.EXE,wmpnscfg.exe,360leakfixer.exe,RunDll32.exe,pspr.exe,SSLVPNRedirector64.exe,klmon.exe,AUDIODG.EXE,LogonUI.exe,taskhost.exe,NOTEPAD.EXE,WDSafeDown.exe,WinRAR.exe,SoftupNotify.exe,regsvr32.exe,sdiagnhost.exe,csc.exe,IMECMNT.EXE,explorer.exe,FoxmailLiveUpdate.exe,wermgr.exe,360tray.exe,defrag.exe,cvtres.exe,w32tm.exe,scrnsave.scr,LiveUpdate360.exe,SearchProtocolHost.exe,360EntClient.exe,mscorsvw.exe,WMIADAP.EXE,SDIS.exe,VISIO.EXE,rundll32.exe,lpremove.exe,SSLVPNRedirector.exe,WINWORD.EXE,360speedld.exe,spoolsv.exe,sppsvc.exe,svchost.exe,Foxmail.exe,cuteftppro.exe,POWERPNT.EXE,GoogleUpdate.exe,WscControl.exe,SearchFilterHost.exe,iexplore.exe,control.exe,aitagent.EXE,
splwow64.exe,NdsDisk.EXE,DllHost.exe,conhost.exe,MpCmdRun.exe,WscReg.exe,360EntMisc.exe,wmiprvse.exe,OSPPSVC.EXE,wmpnscfg.exe,wmpnetwk.exe,360leakfixer.exe,ftpte.exe,RunDll32.exe,SSLVPNRedirector64.exe,taskhost.exe,LogonUI.exe,AUDIODG.EXE,SoftupNotify.exe,regsvr32.exe,klmon.exe,mstsc.exe,NOTEPAD.EXE,explorer.exe,IMECMNT.EXE,wermgr.exe,360tray.exe,scrnsave.scr,SDIS.exe,rundll32.exe,SearchProtocolHost.exe,lpremove.exe,360EntClient.exe,LiveUpdate360.exe,VISIO.EXE,SSLVPNRedirector.exe,360speedld.exe,WINWORD.EXE,taskeng.exe,spoolsv.exe,sppsvc.exe,GoogleUpdate.exe,aitagent.EXE,SearchFilterHost.exe,POWERPNT.EXE,Foxmail.exe,cuteftppro.exe,iexplore.exe,WscControl.exe,
DllHost.exe,splwow64.exe,mspaint.exe,NdsDisk.EXE,conhost.exe,MpCmdRun.exe,360EntMisc.exe,chrmstp.exe,WscReg.exe,wmiprvse.exe,360leakfixer.exe,OSPPSVC.EXE,RunDll32.exe,wmpnscfg.exe,SSLVPNRedirector64.exe,chrome.exe,AUDIODG.EXE,SoftupNotify.exe,regsvr32.exe,taskhost.exe,WDSafeDown.exe,mstsc.exe,klmon.exe,LogonUI.exe,csc.exe,taskmgr.exe,IMECMNT.EXE,wermgr.exe,cvtres.exe,explorer.exe,360tray.exe,SearchProtocolHost.exe,SDIS.exe,VISIO.EXE,scrnsave.scr,LiveUpdate360.exe,HPLaserJetService.exe,mscorsvw.exe,360EntClient.exe,WMIADAP.EXE,rundll32.exe,lpremove.exe,SSLVPNRedirector.exe,WINWORD.EXE,360speedld.exe,svchost.exe,spoolsv.exe,sppsvc.exe,GoogleUpdate.exe,iexplore.exe,SearchFilterHost.exe,POWERPNT.EXE,Foxmail.exe,WscControl.exe,aitagent.EXE,

DllHost.exe,AdminSetup.exe,PING.EXE,splwow64.exe,conhost.exe,TMSPrintShenpi.exe,devenv.exe,cl.exe,360LeakFixer.exe,mstsc.exe,SSLVPNRedirector64.exe,LogonUI.exe,AUDIODG.EXE,taskhost.exe,VSLauncher.exe,mspdbsrv.exe,mt.exe,klmon.exe,VcBuildHelper.exe,cvtres.exe,SearchProtocolHost.exe,scrnsave.scr,link.exe,cmd.exe,SSLVPNRedirector.exe,setup.exe,WINWORD.EXE,SearchFilterHost.exe,Foxmail.exe,GoogleUpdate.exe,plsqldev715.exe,iexplore.exe,
DllHost.exe,NdsDisk.EXE,splwow64.exe,MSOXMLED.EXE,conhost.exe,MpCmdRun.exe,WscReg.exe,360EntMisc.exe,TimeCtl.exe,cl.exe,devenv.exe,OSPPSVC.EXE,wmiprvse.exe,360leakfixer.exe,RunDll32.exe,CL.exe,ftpte.exe,360LeakFixer.exe,TMSPrintShenpi.exe,Nero.exe,SSLVPNRedirector64.exe,klmon.exe,AUDIODG.EXE,taskhost.exe,mt.exe,taskmgr.exe,DW20.EXE,SoftupNotify.exe,regsvr32.exe,csc.exe,TrustedInstaller.exe,mstsc.exe,mspdbsrv.exe,LogonUI.exe,Tracker.exe,WinRAR.exe,VSLauncher.exe,NOTEPAD.EXE,wlrmdr.exe,VcBuildHelper.exe,rc.exe,cvtres.exe,dwwin.exe,360tray.exe,explorer.exe,ComputerZService.exe,wermgr.exe,MSBuild.exe,SearchProtocolHost.exe,link.exe,cmd.exe,SDIS.exe,VISIO.EXE,HPLaserJetService.exe,360EntClient.exe,mscorsvw.exe,WMIADAP.EXE,bcdedit.exe,rundll32.exe,scrnsave.scr,VCPkgSrv.exe,LiveUpdate360.exe,lpremove.exe,SSLVPNRedirector.exe,spoolsv.exe,sppsvc.exe,svchost.exe,WINWORD.EXE,360speedld.exe,kpmain.exe,regedit.exe,SearchFilterHost.exe,PrintIsolationHost.exe,WscControl.exe,Foxmail.exe,GoogleUpdate.exe,360vulsetup.exe,POWERPNT.EXE,cuteftppro.exe,360EntClientAir.exe,iexplore.exe,aitagent.EXE,vmware-shell-ext-thunker.exe,


DllHost.exe,NdsDisk.EXE,splwow64.exe,conhost.exe,MpCmdRun.exe,360EntMisc.exe,WscReg.exe,wmiprvse.exe,wmpnscfg.exe,RunDll32.exe,360leakfixer.exe,OSPPSVC.EXE,SSLVPNRedirector64.exe,AUDIODG.EXE,LogonUI.exe,taskhost.exe,SoftupNotify.exe,regsvr32.exe,wermgr.exe,360tray.exe,ComputerZService.exe,explorer.exe,lpremove.exe,rundll32.exe,LiveUpdate360.exe,SDIS.exe,360EntClient.exe,mscorsvw.exe,bcdedit.exe,WMIADAP.EXE,SearchProtocolHost.exe,SSLVPNRedirector.exe,360speedld.exe,sppsvc.exe,svchost.exe,spoolsv.exe,WINWORD.EXE,GoogleUpdate.exe,360vulsetup.exe,POWERPNT.EXE,PrintIsolationHost.exe,WerFault.exe,WscControl.exe,SearchFilterHost.exe,aitagent.EXE,360EntClientAir.exe,

DllHost.exe,splwow64.exe,NdsDisk.EXE,mspaint.exe,PING.EXE,EXCEL.EXE,mmc.exe,conhost.exe,MpCmdRun.exe,WscReg.exe,360EntMisc.exe,360LeakFixer.exe,wmiprvse.exe,OSPPSVC.EXE,wmpnscfg.exe,devenv.exe,RunDll32.exe,cl.exe,SSLVPNRedirector64.exe,AUDIODG.EXE,taskhost.exe,csc.exe,SoftupNotify.exe,regsvr32.exe,mstsc.exe,sdiagnhost.exe,notepad++.exe,VSLauncher.exe,WinRAR.exe,mt.exe,mspdbsrv.exe,NOTEPAD.EXE,cvtres.exe,explorer.exe,defrag.exe,w32tm.exe,wermgr.exe,ComputerZService.exe,360tray.exe,VcBuildHelper.exe,SearchProtocolHost.exe,360EntClient.exe,HPLaserJetService.exe,mscorsvw.exe,rundll32.exe,WMIADAP.EXE,SDIS.exe,VISIO.EXE,LiveUpdate360.exe,lpremove.exe,link.exe,cmd.exe,CompMgmtLauncher.exe,SSLVPNRedirector.exe,WINWORD.EXE,360speedld.exe,spoolsv.exe,sppsvc.exe,svchost.exe,SearchFilterHost.exe,GoogleUpdate.exe,360EntClientAir.exe,PrintIsolationHost.exe,WscControl.exe,Foxmail.exe,360vulsetup.exe,aitagent.EXE,gup.exe,iexplore.exe,
DllHost.exe,NdsDisk.EXE,splwow64.exe,EXCEL.EXE,conhost.exe,MpCmdRun.exe,TortoiseProc.exe,360EntMisc.exe,WscReg.exe,wmiprvse.exe,OSPPSVC.EXE,RunDll32.exe,360LeakFixer.exe,SSLVPNRedirector64.exe,csc.exe,taskhost.exe,LogonUI.exe,AUDIODG.EXE,klmon.exe,mstsc.exe,notepad++.exe,NOTEPAD.EXE,WinRAR.exe,taskmgr.exe,SoftupNotify.exe,regsvr32.exe,ComputerZService.exe,explorer.exe,cvtres.exe,wermgr.exe,360tray.exe,360EntClient.exe,HPLaserJetService.exe,SearchProtocolHost.exe,rundll32.exe,lpremove.exe,scrnsave.scr,LiveUpdate360.exe,SDIS.exe,mscorsvw.exe,WMIADAP.EXE,WINWORD.EXE,SSLVPNRedirector.exe,360speedld.exe,spoolsv.exe,sppsvc.exe,svchost.exe,GoogleUpdate.exe,PrintIsolationHost.exe,SearchFilterHost.exe,aitagent.EXE,Foxmail.exe,360vulsetup.exe,HP1100SM.exe,iexplore.exe,360EntClientAir.exe,WscControl.exe,
DllHost.exe,splwow64.exe,pscp.exe,NdsDisk.EXE,calc.exe,conhost.exe,MpCmdRun.exe,WscReg.exe,360EntMisc.exe,wmiprvse.exe,devenv.exe,360leakfixer.exe,OSPPSVC.EXE,RunDll32.exe,360LeakFixer.exe,SSLVPNRedirector64.exe,AUDIODG.EXE,taskhost.exe,SoftupNotify.exe,regsvr32.exe,csc.exe,LogonUI.exe,klmon.exe,WinRAR.exe,NOTEPAD.EXE,cvtres.exe,explorer.exe,360tray.exe,wermgr.exe,ComputerZService.exe,SDIS.exe,scrnsave.scr,HPLaserJetService.exe,360EntClient.exe,SearchProtocolHost.exe,bcdedit.exe,rundll32.exe,LiveUpdate360.exe,lpremove.exe,VISIO.EXE,SSLVPNRedirector.exe,WINWORD.EXE,taskeng.exe,360speedld.exe,spoolsv.exe,sppsvc.exe,KLUpdate.exe,ClearCache.exe,POWERPNT.EXE,GoogleUpdate.exe,360EntClientAir.exe,PrintIsolationHost.exe,WscControl.exe,SearchFilterHost.exe,Foxmail.exe,360vulsetup.exe,NetCoffer.exe,aitagent.EXE,iexplore.exe,
DllHost.exe,splwow64.exe,NdsDisk.EXE,conhost.exe,MpCmdRun.exe,360EntMisc.exe,WscReg.exe,devenv.exe,OSPPSVC.EXE,wmiprvse.exe,360leakfixer.exe,RunDll32.exe,wmpnscfg.exe,wmpnetwk.exe,360LeakFixer.exe,SSLVPNRedirector64.exe,AUDIODG.EXE,taskhost.exe,SoftupNotify.exe,regsvr32.exe,csc.exe,WinRAR.exe,ComputerZService.exe,explorer.exe,360tray.exe,wermgr.exe,IMECMNT.EXE,cvtres.exe,defrag.exe,rundll32.exe,SearchProtocolHost.exe,bcdedit.exe,LiveUpdate360.exe,SDIS.exe,360EntClient.exe,HPLaserJetService.exe,lpremove.exe,WMIADAP.EXE,SSLVPNRedirector.exe,360speedld.exe,taskeng.exe,spoolsv.exe,svchost.exe,WINWORD.EXE,SearchFilterHost.exe,GoogleUpdate.exe,360vulsetup.exe,Foxmail.exe,360EntClientAir.exe,POWERPNT.EXE,aitagent.EXE,PrintIsolationHost.exe,WscControl.exe,iexplore.exe,
