DllHost.exe,PING.EXE,splwow64.exe,conhost.exe,MpCmdRun.exe,360EntMisc.exe,TortoiseProc.exe,wmiprvse.exe,OSPPSVC.EXE,ftpte.exe,devenv.exe,SSLVPNRedirector64.exe,AUDIODG.EXE,taskhost.exe,OSE.EXE,SoftupNotify.exe,regsvr32.exe,mstsc.exe,sdiagnhost.exe,csc.exe,IMECMNT.EXE,defrag.exe,360tray.exe,cvtres.exe,w32tm.exe,SearchProtocolHost.exe,SDIS.exe,rundll32.exe,lpremove.exe,LiveUpdate360.exe,SSLVPNRedirector.exe,WINWORD.EXE,360speedld.exe,svchost.exe,SearchFilterHost.exe,GoogleUpdate.exe,Foxmail.exe,POWERPNT.EXE,aitagent.EXE,cuteftppro.exe,
DllHost.exe,NdsDisk.EXE,GoogleCrashHandler64.exe,splwow64.exe,conhost.exe,MpCmdRun.exe,WscReg.exe,360EntMisc.exe,wmiprvse.exe,wmpnetwk.exe,wmpnscfg.exe,360leakfixer.exe,ftpte.exe,OSPPSVC.EXE,SSLVPNRedirector64.exe,taskhost.exe,AUDIODG.EXE,SoftupNotify.exe,regsvr32.exe,LogonUI.exe,explorer.exe,cvtres.exe,360tray.exe,IMECMNT.EXE,wermgr.exe,CofferCfg.exe,SDIS.exe,SearchProtocolHost.exe,rundll32.exe,360EntClient.exe,mscorsvw.exe,WMIADAP.EXE,lpremove.exe,LiveUpdate360.exe,VISIO.EXE,SSLVPNRedirector.exe,360speedld.exe,WINWORD.EXE,KLUpdate.exe,ClearCache.exe,spoolsv.exe,svchost.exe,sppsvc.exe,GoogleUpdate.exe,NetCoffer.exe,SearchFilterHost.exe,WscControl.exe,Foxmail.exe,aitagent.EXE,POWERPNT.EXE,cuteftppro.exe,
DllHost.exe,MSOXMLED.EXE,hh.exe,splwow64.exe,GoogleCrashHandler64.exe,NdsDisk.EXE,consent.exe,userinit.exe,is-HLEJD.exe,KLSClient.exe,pscp.exe,mmc.exe,armsvc.exe,conhost.exe,tttt.exe,格尔PKI证书应用开发包3.1.1.exe,TortoiseProc.exe,MpCmdRun.exe,360EntMisc.exe,WscReg.exe,is-6CUPL.tmp,ie4uinit.exe,bdupdate.exe,TSVNCache.exe,NDSdTSR.exe,ddm.exe,LesClientSA64.exe,Regsvr32.exe,cl.exe,wmiprvse.exe,devenv.exe,360leakfixer.exe,OSPPSVC.EXE,wmpnscfg.exe,wmpnetwk.exe,VpxClient.exe,IEInstal.exe,runonce.exe,LogonMan.exe,TMSTrayx64.exe,RunDll32.exe,imedictupdateui.exe,AdbeRdr11000_zh_CN.exe,SSLVPNRedirector64.exe,mt.exe,klmon.exe,taskhost.exe,NOTEPAD.EXE,mspdbsrv.exe,verclsid.exe,SoftupNotify.exe,regsvr32.exe,LogonUI.exe,AUDIODG.EXE,VSLauncher.exe,csc.exe,WDSafeDown.exe,WinRAR.exe,csrss.exe,winlogon.exe,Dwm.exe,KUI.exe,ns2FC3.tmp,mstsc.exe,ns2FF0.tmp,msiexec.exe,notepad++.exe,VcBuildHelper.exe,rc.exe,cvtres.exe,msohtmed.exe,KLTknSvr.exe,IMECMNT.EXE,unins000.exe,_iu14D2N.tmp,wermgr.exe,360tray.exe,explorer.exe,is-HRL3B.tmp,Explorer.EXE,igfxHK.exe,updshl.exe,ApproveManager.exe,LesClient.exe,ns2DCF.tmp,LesInstZip.exe,FoxmailLiveUpdate.exe,link.exe,cmd.exe,rundll32.exe,SearchProtocolHost.exe,lpremove.exe,SDIS.exe,scrnsave.scr,VCPkgSrv.exe,LiveUpdate360.exe,360EntClient.exe,mscorsvw.exe,WMIADAP.EXE,is-0891P.exe,hppusg.exe,Monitor.exe,TmsHelpX64.exe,CompMgmtLauncher.exe,FlashUtil10b.exe,SearchIndexer.exe,HPLaserJetService.exe,CofferCfg.exe,baidubrowser.exe,VISIO.EXE,SSLVPNRedirector.exe,360speedld.exe,regedit.exe,regsvr32.EXE,WINWORD.EXE,svchost.exe,efsui.exe,spoolsv.exe,sppsvc.exe,igfxTray.exe,BdeUISrv.exe,is-MBATV.exe,KLDWNCRL.exe,KLUpdate.exe,ClearCache.exe,LesTray.exe,ns3261.tmp,ns301F.tmp,ns3455.tmp,setup.exe,taskeng.exe,360safe.exe,SearchFilterHost.exe,GoogleUpdate.exe,is-HHRT3.tmp,Foxmail.exe,POWERPNT.EXE,WscControl.exe,aitagent.EXE,iexplore.exe,igfxEM.exe,GEUU20133.exe,vmware-tray.exe,migwiz.exe,NetCoffer.exe,LesInstZip[1].exe,flashplayer.exe,vssvc.exe,MsiExec.exe,gup.exe,
DllHost.exe,hh.exe,EXCEL.EXE,splwow64.exe,NdsDisk.EXE,TortoiseMerge.exe,conhost.exe,WscReg.exe,MpCmdRun.exe,360EntMisc.exe,LesClientSA64.exe,Regsvr32.exe,TortoiseProc.exe,wmiprvse.exe,ftpte.exe,wmpnetwk.exe,wmpnscfg.exe,OSPPSVC.EXE,360leakfixer.exe,cl.exe,TMSPrintShenpi.exe,devenv.exe,SSLVPNRedirector64.exe,klmon.exe,AUDIODG.EXE,SoftupNotify.exe,regsvr32.exe,LogonUI.exe,taskhost.exe,mstsc.exe,NOTEPAD.EXE,mt.exe,notepad++.exe,VSLauncher.exe,mspdbsrv.exe,DW20.EXE,IMECMNT.EXE,defrag.exe,explorer.exe,wermgr.exe,360tray.exe,LesClient.exe,ns5C16.tmp,VcBuildHelper.exe,rc.exe,cvtres.exe,dwwin.exe,SDIS.exe,lpremove.exe,rundll32.exe,scrnsave.scr,SearchProtocolHost.exe,WMIADAP.EXE,360EntClient.exe,mscorsvw.exe,LiveUpdate360.exe,FlashUtil10b.exe,cmd.exe,link.exe,SSLVPNRedirector.exe,WINWORD.EXE,360speedld.exe,svchost.exe,spoolsv.exe,sppsvc.exe,LesTray.exe,GoogleUpdate.exe,SearchFilterHost.exe,cuteftppro.exe,POWERPNT.EXE,iexplore.exe,WscControl.exe,Foxmail.exe,LesInstZip[1].exe,flashplayer.exe,ns608A.tmp,aitagent.EXE,
DllHost.exe,NdsDisk.EXE,splwow64.exe,EXCEL.EXE,pscp.exe,userinit.exe,KLSClient.exe,consent.exe,conhost.exe,TortoiseProc.exe,360EntMisc.exe,WscReg.exe,MpCmdRun.exe,NDSdTSR.exe,TSVNCache.exe,ddm.exe,wmiprvse.exe,cl.exe,devenv.exe,OSPPSVC.EXE,TMSPrintShenpi.exe,wmpnscfg.exe,360leakfixer.exe,ftpte.exe,LogonMan.exe,runonce.exe,TMSTrayx64.exe,wmpnetwk.exe,SSLVPNRedirector64.exe,taskhost.exe,AUDIODG.EXE,SoftupNotify.exe,regsvr32.exe,NOTEPAD.EXE,DW20.EXE,mt.exe,mstsc.exe,klmon.exe,VSLauncher.exe,mspdbsrv.exe,taskmgr.exe,LogonUI.exe,csc.exe,msiexec.exe,DelEE55.tmp,Dwm.exe,csrss.exe,winlogon.exe,KUI.exe,explorer.exe,IMECMNT.EXE,VcBuildHelper.exe,dwwin.exe,cvtres.exe,ApproveManager.exe,rc.exe,360tray.exe,wermgr.exe,ngen.exe,Explorer.EXE,igfxHK.exe,updshl.exe,SearchProtocolHost.exe,SDIS.exe,link.exe,cmd.exe,scrnsave.scr,TmsHelpX64.exe,LiveUpdate360.exe,mscorsvw.exe,rundll32.exe,WMIADAP.EXE,HPLaserJetService.exe,360EntClient.exe,instpia11.exe,Setup.exe,DelE10E.tmp,lpremove.exe,hppusg.exe,Monitor.exe,SSLVPNRedirector.exe,360speedld.exe,WINWORD.EXE,spoolsv.exe,sppsvc.exe,svchost.exe,setup.exe,Dbgview.exe,KLUpdate.exe,ClearCache.exe,igfxTray.exe,efsui.exe,BdeUISrv.exe,KLDWNCRL.exe,SearchFilterHost.exe,iexplore.exe,GoogleUpdate.exe,WscControl.exe,Foxmail.exe,WerFault.exe,HP1100SM.exe,MsiExec.exe,NetCoffer.exe,cuteftppro.exe,igfxEM.exe,aitagent.EXE,control.exe,GEUU20133.exe,vmware-tray.exe,migwiz.exe,


DllHost.exe,NdsDisk.EXE,splwow64.exe,PING.EXE,userinit.exe,KLSClient.exe,consent.exe,NDSDisk.exe,pscp.exe,conhost.exe,WscReg.exe,MpCmdRun.exe,Eula.exe,NDSdTSR.exe,TSVNCache.exe,ddm.exe,360EntMisc.exe,ftpte.exe,wmiprvse.exe,wmpnscfg.exe,OSPPSVC.EXE,360leakfixer.exe,LogonMan.exe,runonce.exe,TMSTrayx64.exe,wmpnetwk.exe,SSLVPNRedirector64.exe,SoftupNotify.exe,regsvr32.exe,LogonUI.exe,AUDIODG.EXE,klmon.exe,taskhost.exe,taskmgr.exe,WDSafeDown.exe,NdsCmdLn.exe,AcroRd32.exe,werfault.exe,csrss.exe,winlogon.exe,Dwm.exe,KUI.exe,csc.exe,OSE.EXE,mstsc.exe,IMECMNT.EXE,explorer.exe,wermgr.exe,FoxmailLiveUpdate.exe,Explorer.EXE,igfxHK.exe,updshl.exe,360tray.exe,cvtres.exe,ApproveManager.exe,defrag.exe,SDIS.exe,scrnsave.scr,rundll32.exe,360EntClient.exe,mscorsvw.exe,SearchProtocolHost.exe,WMIADAP.EXE,cmd.exe,hppusg.exe,Monitor.exe,TmsHelpX64.exe,LiveUpdate360.exe,HPLaserJetService.exe,lpremove.exe,SSLVPNRedirector.exe,WINWORD.EXE,360speedld.exe,spoolsv.exe,sppsvc.exe,svchost.exe,igfxTray.exe,BdeUISrv.exe,KLDWNCRL.exe,KLUpdate.exe,efsui.exe,ClearCache.exe,GoogleUpdate.exe,cuteftppro.exe,iexplore.exe,Foxmail.exe,WscControl.exe,SearchFilterHost.exe,WerFault.exe,igfxEM.exe,GEUU20133.exe,vmware-tray.exe,migwiz.exe,aitagent.EXE,NetCoffer.exe,
DllHost.exe,splwow64.exe,NDSDisk.exe,PING.EXE,conhost.exe,WscReg.exe,MpCmdRun.exe,360EntMisc.exe,TortoiseProc.exe,tttt.exe,devenv.exe,wmiprvse.exe,wmpnscfg.exe,360leakfixer.exe,OSPPSVC.EXE,cl.exe,SSLVPNRedirector64.exe,AUDIODG.EXE,taskhost.exe,SoftupNotify.exe,regsvr32.exe,csc.exe,OSE.EXE,mt.exe,taskmgr.exe,mspdbsrv.exe,LogonUI.exe,DW20.EXE,sdiagnhost.exe,klmon.exe,VSLauncher.exe,IMECMNT.EXE,cvtres.exe,explorer.exe,wermgr.exe,360tray.exe,ApproveManager.exe,VcBuildHelper.exe,rc.exe,dwwin.exe,w32tm.exe,SDIS.exe,SearchProtocolHost.exe,HPLaserJetService.exe,360EntClient.exe,rundll32.exe,LiveUpdate360.exe,TmsHelpX64.exe,link.exe,cmd.exe,scrnsave.scr,lpremove.exe,SSLVPNRedirector.exe,WINWORD.EXE,taskeng.exe,360speedld.exe,spoolsv.exe,sppsvc.exe,igfxTray.exe,svchost.exe,iexplore.exe,GoogleUpdate.exe,SearchFilterHost.exe,Foxmail.exe,vmware-shell-ext-thunker.exe,aitagent.EXE,
DllHost.exe,EXCEL.EXE,NdsDisk.EXE,splwow64.exe,conhost.exe,tttt.exe,MpCmdRun.exe,TortoiseProc.exe,WscReg.exe,360EntMisc.exe,cl.exe,devenv.exe,wmiprvse.exe,ftpte.exe,OSPPSVC.EXE,360leakfixer.exe,Depends.Exe,SSLVPNRedirector64.exe,mt.exe,DW20.EXE,AUDIODG.EXE,VSLauncher.exe,taskhost.exe,klmon.exe,AcroRd32.exe,mspdbsrv.exe,csc.exe,SoftupNotify.exe,regsvr32.exe,LogonUI.exe,NOTEPAD.EXE,VcBuildHelper.exe,rc.exe,cvtres.exe,dwwin.exe,wermgr.exe,360tray.exe,explorer.exe,IMECMNT.EXE,link.exe,cmd.exe,SearchProtocolHost.exe,rundll32.exe,lpremove.exe,HPLaserJetService.exe,360EntClient.exe,WMIADAP.EXE,LiveUpdate360.exe,SDIS.exe,scrnsave.scr,SSLVPNRedirector.exe,taskeng.exe,360speedld.exe,WINWORD.EXE,svchost.exe,spoolsv.exe,GoogleUpdate.exe,SearchFilterHost.exe,aitagent.EXE,cuteftppro.exe,WerFault.exe,Foxmail.exe,iexplore.exe,
