PING.EXE,VERCLSID.EXE,FOXMAIL.EXE,CFTPPRO.EXE,EVERYTHING.EXE,IEXPLORE.EXE,FTPTE.EXE,WINWORD.EXE,RUNDLL32.EXE,QQPYWIZARD.EXE,POWERPNT.EXE,QQPYTRAYBAR.EXE,IE4UINIT.EXE,CMD.EXE,
FOXIT READER.EXE,VERCLSID.EXE,EXCEL.EXE,FOXMAIL.EXE,XPSVIEWER.EXE,UNITEFRAMEWORK.INFRASTRUCTURE.SHELL.EXE,NOTEPAD.EXE,EVERYTHING.EXE,CFTPPRO.EXE,IEXPLORE.EXE,QQPYCONFIG.EXE,FTPTE.EXE,WINWORD.EXE,QQPYTRAYBAR.EXE,POWERPNT.EXE,IE4UINIT.EXE,CHROME.EXE,NDSDISK.EXE,
VERCLSID.EXE,KUI.EXE,EXCEL.EXE,PING.EXE,WINRAR.EXE,FOXMAIL.EXE,NOTEPAD.EXE,XPSVIEWER.EXE,EVERYTHING.EXE,NETCOFFER.EXE,CFTPPRO.EXE,IEXPLORE.EXE,FTPTE.EXE,VISIO.EXE,WINWORD.EXE,NDSDISK.EXE,QQPYTRAYBAR.EXE,IE4UINIT.EXE,POWERPNT.EXE,CHROME.EXE,CMD.EXE,MSPAINT.EXE,
VERCLSID.EXE,PING.EXE,EXCEL.EXE,FOXMAIL.EXE,MSTSC.EXE,NOTEPAD.EXE,XPSVIEWER.EXE,UNITEFRAMEWORK.INFRASTRUCTURE.SHELL.EXE,CFTPPRO.EXE,Ê¡ÖÐÐÄ.EXE.LNK,IEXPLORE.EXE,FTPTE.EXE,WINWORD.EXE,QQPYTRAYBAR.EXE,YODAODICT.EXE,POWERPNT.EXE,IE4UINIT.EXE,CMD.EXE,
WIRESHARK.EXE,PING.EXE,VERCLSID.EXE,DEVENV.EXE,EXCEL.EXE,WINPCAP_3_1.EXE,KUI.EXE,PLSQLDEV.EXE,WINRAR.EXE,FOXMAIL.EXE,MSTSC.EXE,NMAP.EXE,NOTEPAD.EXE,XPSVIEWER.EXE,UNITEFRAMEWORK.INFRASTRUCTURE.SHELL.EXE,EVERYTHING.EXE,NDSCMDLN.EXE,TASKMGR.EXE,NETCOFFER.EXE,IEXPLORE.EXE,QQPYCONFIG.EXE,NERO.EXE,WINWORD.EXE,QQPYLIVEUP.EXE,CALC.EXE,JAVAW.EXE,QQPYTRAYBAR.EXE,CHROME.EXE,IE4UINIT.EXE,NDSDISK.EXE,CMD.EXE,


VERCLSID.EXE,EXCEL.EXE,PLSQLDEV.EXE,FOXMAIL.EXE,MSTSC.EXE,NOTEPAD.EXE,XPSVIEWER.EXE,UNITEFRAMEWORK.INFRASTRUCTURE.SHELL.EXE,EVERYTHING.EXE,NDSCMDLN.EXE,CFTPPRO.EXE,IEXPLORE.EXE,FTPTE.EXE,WINWORD.EXE,RUNDLL32.EXE,JAVAW.EXE,QQPYTRAYBAR.EXE,CHROME.EXE,NDSDISK.EXE,IE4UINIT.EXE,
VERCLSID.EXE,PING.EXE,PLSQLDEV.EXE,FOXMAIL.EXE,MSTSC.EXE,NOTEPAD.EXE,XPSVIEWER.EXE,UNITEFRAMEWORK.INFRASTRUCTURE.SHELL.EXE,CFTPPRO.EXE,CLVIEW.EXE,IEXPLORE.EXE,FTPTE.EXE,WINWORD.EXE,RUNDLL32.EXE,QQPYTRAYBAR.EXE,NDSDISK.EXE,IE4UINIT.EXE,CMD.EXE,MSPAINT.EXE,
KUI.EXE,VERCLSID.EXE,EXCEL.EXE,WINRAR.EXE,FOXMAIL.EXE,MSTSC.EXE,XPSVIEWER.EXE,NOTEPAD.EXE,CFTPPRO.EXE,NETCOFFER.EXE,EVERYTHING.EXE,IEXPLORE.EXE,FTPTE.EXE,QQPYCONFIG.EXE,WINWORD.EXE,QQPYWIZARD.EXE,NDSDISK.EXE,QQPYTRAYBAR.EXE,IE4UINIT.EXE,CHROME.EXE,
