PLSQLDEV.EXE,VSLAUNCHER.EXE,EMDCTL.EXE,
TORTOISEPROC.EXE,SMAILPRO.EXE,HPPUSG.EXE,MMREMINDERSERVICE.EXE,ESP_COLLECTOR_SVR.EXE,VERCLSID.EXE,JDK-6U31-WINDOWS-I586.EXE,WINRAR.EXE,PLSQLDEV.EXE,ACRORD32.EXE,APPROVEMANAGER.EXE,CLNDISK.EXE,WINLOGON.EXE,PERL.EXE,MSTSC.EXE,XPSVIEWER.EXE,NOTEPAD.EXE,360SAFE.EXE,NOTEPAD++.EXE,NTVDM.EXE,VSLAUNCHER.EXE,KLSSLCLIENTPROXY.EXE,DEVCPP-4.9.9.2_SETUP.EXE,IEXPLORE.EXE,NDSDTSR.EXE,CTFMON.EXE,NEROEXPRESS.EXE,SSHCLIENT.EXE,TORTOISEMERGE.EXE,LOGONMAN.EXE,MSMSGS.EXE,360BOXMAIN.EXE,CALC.EXE,CHROME.EXE,NDSDISK.EXE,DUMPREP.EXE,UPDATECLT.EXE,360TRAY.EXE,IP时间转换.EXE,
TORTOISEPROC.EXE,WINRAR.EXE,PLSQLDEV.EXE,APPROVEMANAGER.EXE,ACRORD32.EXE,MSTSC.EXE,ESP_HISTORYSTATIC_SVR.EXE,MMC.EXE,360SAFE.EXE,XPSVIEWER.EXE,VSLAUNCHER.EXE,CFTPPRO.EXE,IEXPLORE.EXE,NEROEXPRESS.EXE,FTPTE.EXE,EMDCTL.EXE,360BOXMAIN.EXE,TORTOISEMERGE.EXE,RUNDLL32.EXE,360TRAY.EXE,NDSDISK.EXE,CHROME.EXE,
TORTOISEPROC.EXE,ESP_COLLECTOR_SVR.EXE,PLSQLDEV.EXE,WINRAR.EXE,APPROVEMANAGER.EXE,ACRORD32.EXE,ESP_HISTORYSTATIC_SVR.EXE,ESP_PREPROCESS_SYSLOG_SVR.EXE,VSLAUNCHER.EXE,CFTPPRO.EXE,FTPTE.EXE,IEXPLORE.EXE,NEROEXPRESS.EXE,EMDCTL.EXE,360BOXMAIN.EXE,360TRAY.EXE,NDSDISK.EXE,CHROME.EXE,


VERCLSID.EXE,WINRAR.EXE,PLSQLDEV.EXE,ESP_HISTORYSTATIC_SVR.EXE,ACRORD32.EXE,APPROVEMANAGER.EXE,NOTEPAD.EXE,XPSVIEWER.EXE,CFTPPRO.EXE,VSLAUNCHER.EXE,EVERYTHING.EXE,NMELPROC.EXE,KLSSLCLIENTPROXY.EXE,NEROEXPRESS.EXE,IEXPLORE.EXE,FTPTE.EXE,EMDCTL.EXE,360BOXMAIN.EXE,RUNDLL32.EXE,WINWORD.EXE,福昕阅~1.EXE,NDSDISK.EXE,CHROME.EXE,UPDATECLT.EXE,
VERCLSID.EXE,EXCEL.EXE,PLSQLDEV.EXE,WINRAR.EXE,APPROVEMANAGER.EXE,ACRORD32.EXE,MSTSC.EXE,MMC.EXE,XPSVIEWER.EXE,VSLAUNCHER.EXE,EVERYTHING.EXE,CFTPPRO.EXE,IEXPLORE.EXE,NEROEXPRESS.EXE,FTPTE.EXE,EMDCTL.EXE,WINWORD.EXE,RUNDLL32.EXE,360BOXMAIN.EXE,NDSDISK.EXE,NTOSKRNL.EXE,CHROME.EXE,MSPAINT.EXE,
TORTOISEPROC.EXE,VERCLSID.EXE,TSVNCACHE.EXE,UNINST.EXE,PLSQLDEV.EXE,APPROVEMANAGER.EXE,GETKOALINFO.EXE,ACRORD32.EXE,MMC.EXE,MSTSC.EXE,PCHUNTER32.EXE,PERL.EXE,NOTEPAD.EXE,NOTEPAD++.EXE,WHOLOCKME.EXE,VSLAUNCHER.EXE,TASKMGR.EXE,NMELPROC.EXE,IEXPLORE.EXE,SSHCLIENT.EXE,EMDCTL.EXE,RUNDLL32.EXE,WINWORD.EXE,360BOXMAIN.EXE,TORTOISEMERGE.EXE,NDSDISK.EXE,CHROME.EXE,360SHELLPRO.EXE,NTOSKRNL.EXE,
TSVNCACHE.EXE,TORTOISEPROC.EXE,EXCEL.EXE,PLSQLDEV.EXE,ACRORD32.EXE,PERL.EXE,MSTSC.EXE,NOTEPAD++.EXE,XPSVIEWER.EXE,NOTEPAD.EXE,NMELPROC.EXE,VSLAUNCHER.EXE,CFTPPRO.EXE,WINMD51.1.EXE,IEXPLORE.EXE,SSHCLIENT.EXE,FTPTE.EXE,EMDCTL.EXE,CALC.EXE,福昕阅~1.EXE,NDSDISK.EXE,CHROME.EXE,IP时间转换.EXE,
