PDSHELL16.EXE,PLSQLDEV.EXE,CFTPPRO.EXE,FTPTE.EXE,CHROME.EXE,NAVICAT.EXE,
KLSCLIENT.EXE,EXCEL.EXE,PDSHELL16.EXE,INFODISPLAY.EXE,PLSQLDEV.EXE,OIS.EXE,WINRAR.EXE,NOTEPAD.EXE,EXPLORER.EXE,XPSVIEWER.EXE,MAIN.EXE,CFTPPRO.EXE,EVERYTHING.EXE,ECLIPSE.EXE,NDSCMDLN.EXE,SOGOUCLOUD.EXE,PUTTY.EXE,FTPTE.EXE,NERO.EXE,WINWORD.EXE,CHROME.EXE,NDSDISK.EXE,NAVICAT.EXE,
KLSCLIENT.EXE,PING.EXE,EXCEL.EXE,VERCLSID.EXE,VMWARE.EXE,WINRAR.EXE,ACRORD32.EXE,EXPLORER.EXE,NOTEPAD.EXE,EVERYTHING.EXE,CFTPPRO.EXE,ECLIPSE.EXE,NDSCMDLN.EXE,IEXPLORE.EXE,FTPTE.EXE,WINWORD.EXE,NDSDISK.EXE,CMD.EXE,CHROME.EXE,
KLSCLIENT.EXE,PDSHELL16.EXE,EXCEL.EXE,PINYINUP.EXE,VERCLSID.EXE,PLSQLDEV.EXE,WINRAR.EXE,VMWARE.EXE,EXPLORER.EXE,TEST.EXE,NOTEPAD.EXE,XPSVIEWER.EXE,EVERYTHING.EXE,NERO.EXE,WINWORD.EXE,NDSDISK.EXE,CHROME.EXE,NAVICAT.EXE,
EXCEL.EXE,VERCLSID.EXE,PING.EXE,KLSCLIENT.EXE,WINRAR.EXE,EXPLORER.EXE,XPSVIEWER.EXE,NDSCMDLN.EXE,CLVIEW.EXE,ECLIPSE.EXE,EVERYTHING.EXE,IEXPLORE.EXE,VISIO.EXE,WINWORD.EXE,RUNDLL32.EXE,CHROME.EXE,CMD.EXE,NDSDISK.EXE,POWERPNT.EXE,

PING.EXE,KLSCLIENT.EXE,TORTOISEPROC.EXE,WINRAR.EXE,ACRORD32.EXE,EXPLORER.EXE,NOTEPAD.EXE,XPSVIEWER.EXE,EVERYTHING.EXE,CFTPPRO.EXE,IEXPLORE.EXE,FTPTE.EXE,JAVA.EXE,CALC.EXE,RUNDLL32.EXE,WINWORD.EXE,CHROME.EXE,NDSDISK.EXE,CMD.EXE,
KLSCLIENT.EXE,EXCEL.EXE,PDSHELL16.EXE,VMWARE.EXE,WINRAR.EXE,ACRORD32.EXE,EXPLORER.EXE,CFTPPRO.EXE,EVERYTHING.EXE,ECLIPSE.EXE,IEXPLORE.EXE,FTPTE.EXE,RUNDLL32.EXE,NDSDISK.EXE,CHROME.EXE,NAVICAT.EXE,
EXCEL.EXE,KLSCLIENT.EXE,PDSHELL16.EXE,WIRESHARK.EXE,PINYINUP.EXE,VERCLSID.EXE,PLSQLDEV.EXE,WINRAR.EXE,VMWARE.EXE,APPROVEMANAGER.EXE,NOTEPAD.EXE,EXPLORER.EXE,XPSVIEWER.EXE,EVERYTHING.EXE,NDSCMDLN.EXE,CFTPPRO.EXE,IEXPLORE.EXE,FTPTE.EXE,SOGOUCLOUD.EXE,NERO.EXE,WINWORD.EXE,RUNDLL32.EXE,CHROME.EXE,NAVICAT.EXE,POWERPNT.EXE,
KLSCLIENT.EXE,VERCLSID.EXE,PDSHELL16.EXE,EXCEL.EXE,PLSQLDEV.EXE,VMWARE.EXE,WINRAR.EXE,ACRORD32.EXE,EXPLORER.EXE,NOTEPAD.EXE,CFTPPRO.EXE,EVERYTHING.EXE,FTPTE.EXE,WINWORD.EXE,CHROME.EXE,NAVICAT.EXE,
