VERCLSID.EXE,EXCEL.EXE,PLSQLDEV.EXE,SGTOOL.EXE,MSTSC.EXE,360SKYLARINST-WINC(192.168.0.21_90).EXE,ACRORD32.EXE,SOGOUCOMMGR.EXE,NOTEPAD.EXE,XPSVIEWER.EXE,EYEFOO.EXE,CFTPPRO.EXE,FTPTE.EXE,SOGOUCLOUD.EXE,360BOXMAIN.EXE,RUNDLL32.EXE,MSAGENT.EXE,MSPAINT.EXE,SOGOUEXPLORER.EXE,CHROME.EXE,
VERCLSID.EXE,WINRAR.EXE,PLSQLDEV.EXE,APPROVEMANAGER.EXE,360PAYINSURE.EXE,ACRORD32.EXE,MSTSC.EXE,EXPLORER.EXE,EYEFOO.EXE,CFTPPRO.EXE,ADOBE GAMMA LOADER.EXE,FTPTE.EXE,RUNDLL32.EXE,360BOXMAIN.EXE,MSAGENT.EXE,SOGOUEXPLORER.EXE,NDSDISK.EXE,CHROME.EXE,
VERCLSID.EXE,PLSQLDEV.EXE,WINRAR.EXE,APPROVEMANAGER.EXE,360PAYINSURE.EXE,ACRORD32.EXE,MSTSC.EXE,EXPLORER.EXE,NOTEPAD.EXE,EYEFOO.EXE,ADOBE GAMMA LOADER.EXE,CFTPPRO.EXE,FTPTE.EXE,360BOXMAIN.EXE,RUNDLL32.EXE,WINWORD.EXE,MSAGENT.EXE,CHROME.EXE,SOGOUEXPLORER.EXE,
VERCLSID.EXE,ACRORD32.EXE,APPROVEMANAGER.EXE,360PAYINSURE.EXE,MSTSC.EXE,DW20.EXE,EXPLORER.EXE,EYEFOO.EXE,ADOBE GAMMA LOADER.EXE,WINWORD.EXE,360BOXMAIN.EXE,NDSDISK.EXE,CMD.EXE,SOGOUEXPLORER.EXE,


VERCLSID.EXE,EXCEL.EXE,MSTSC.EXE,APPROVEMANAGER.EXE,360PAYINSURE.EXE,ACRORD32.EXE,ANYSOFT_MD5.EXE,EYEFOO.EXE,EVERYTHING.EXE,CFTPPRO.EXE,FOXMAIL65.EXE,SSHCLIENT.EXE,FTPTE.EXE,360BOXMAIN.EXE,CALC.EXE,RUNDLL32.EXE,WINWORD.EXE,CHROME.EXE,NDSDISK.EXE,360TRAY.EXE,SOGOUEXPLORER.EXE,
VERCLSID.EXE,EXCEL.EXE,WINRAR.EXE,PLSQLDEV.EXE,APPROVEMANAGER.EXE,ACRORD32.EXE,360PAYINSURE.EXE,SGTOOL.EXE,MSTSC.EXE,DW20.EXE,XPSVIEWER.EXE,NOTEPAD.EXE,EYEFOO.EXE,ADOBE GAMMA LOADER.EXE,NDSCMDLN.EXE,SOGOUCLOUD.EXE,360BOXMAIN.EXE,WINWORD.EXE,RUNDLL32.EXE,MSAGENT.EXE,NDSDISK.EXE,SOGOUEXPLORER.EXE,CHROME.EXE,
VERCLSID.EXE,EXCEL.EXE,WINRAR.EXE,360PAYINSURE.EXE,APPROVEMANAGER.EXE,MSTSC.EXE,360SD_STD_5.0.0.5044.EXE,CLNDISK.EXE,WINLOGON.EXE,360LEAKFIXER.EXE,NOTEPAD.EXE,EYEFOO.EXE,CFTPPRO.EXE,FLASHPLAYER11-5_INSTALL_WIN_PI.EXE,FTPTE.EXE,IEXPLORE.EXE,360BOXMAIN.EXE,RUNDLL32.EXE,WINWORD.EXE,SOGOUEXPLORER.EXE,360TRAY.EXE,CHROME.EXE,NTOSKRNL.EXE,
VERCLSID.EXE,EXCEL.EXE,PING.EXE,WINRAR.EXE,360PAYINSURE.EXE,ACRORD32.EXE,MSTSC.EXE,APPROVEMANAGER.EXE,SGTOOL.EXE,NOTEPAD.EXE,EYEFOO.EXE,CFTPPRO.EXE,VSLAUNCHER.EXE,FTPTE.EXE,SOGOUCLOUD.EXE,360BOXMAIN.EXE,RUNDLL32.EXE,POWERPNT.EXE,CHROME.EXE,CMD.EXE,
